{
  "type": "FeatureCollection",
  "features": [
    {
      "type": "Feature",
      "id": "c2fff1fc-15d9-4d71-921d-cda1bb0e7428",
      "geometry": {
        "type": "Polygon",
        "coordinates": [
          [
            [337.18, 0.82],
            [337.47, 2.8],
            [339.95, 5.9],
            [341.32, 9.64],
            [344.06, 12.53],
            [347.99, 12.8],
            [351.59, 11.08],
            [354, 7.93],
            [353.97, 3.93],
            [350.91, 0.61],
            [349, 0],
            [339, 0],
            [337.18, 0.82]
          ]
        ]
      },
      "properties": {
        "objectType": "cell",
        "measurements": {
          "Cell: Area": 165.0,
          "Cell: Perimeter": 48.580309275983865,
          "Cell: Circularity": 0.8785637045152714,
          "Cell: Max caliper": 18.262774285804696,
          "Cell: Min caliper": 13.0,
          "Cell: Eccentricity": 0.6479720506630946,
          "Cell: Channel 1 mean": 5613.090361445783,
          "Cell: Channel 1 std dev": 14149.191877907584,
          "Cell: Channel 1 max": 65535.0,
          "Cell: Channel 1 min": 0.0,
          "Cytoplasm: Channel 1 mean": 280.2076923076923,
          "Cytoplasm: Channel 1 std dev": 1274.996395776355,
          "Cytoplasm: Channel 1 max": 9556.0,
          "Cytoplasm: Channel 1 min": 0.0
        }
      }
    },
    {
      "type": "Feature",
      "id": "0eaf047a-725d-489b-a996-3f1d40828dc3",
      "geometry": {
        "type": "Polygon",
        "coordinates": [
          [
            [373.17, 1.16],
            [373.23, 5.14],
            [377.24, 9.57],
            [383.19, 9.81],
            [384.9, 6.21],
            [383.72, 2.44],
            [380.82, 0],
            [374.83, 0.03],
            [373.17, 1.16]
          ]
        ]
      },
      "properties": {
        "objectType": "cell",
        "measurements": {
          "Cell: Area": 98.0,
          "Cell: Perimeter": 35.80983451462504,
          "Cell: Circularity": 0.9603539160109945,
          "Cell: Max caliper": 13.240437842209861,
          "Cell: Min caliper": 9.66379050888936,
          "Cell: Eccentricity": 0.6328279795622074,
          "Cell: Channel 1 mean": 7195.04,
          "Cell: Channel 1 std dev": 14083.861639665893,
          "Cell: Channel 1 max": 53077.0,
          "Cell: Channel 1 min": 0.0,
          "Cytoplasm: Channel 1 mean": 316.7432432432432,
          "Cytoplasm: Channel 1 std dev": 1297.835173915529,
          "Cytoplasm: Channel 1 max": 8604.0,
          "Cytoplasm: Channel 1 min": 0.0
        }
      }
    },
    {
      "type": "Feature",
      "id": "290e818f-f13c-446e-95e8-813aa8b6331b",
      "geometry": {
        "type": "Polygon",
        "coordinates": [
          [
            [383.79, 1.13],
            [385.72, 4.61],
            [385.1, 8.52],
            [385.75, 10.41],
            [387.31, 11.66],
            [391.08, 12.98],
            [394.81, 11.59],
            [396.34, 10.31],
            [397, 8.42],
            [396.72, 2.44],
            [393.45, 0],
            [385.45, 0],
            [383.79, 1.13]
          ]
        ]
      },
      "properties": {
        "objectType": "cell",
        "measurements": {
          "Cell: Area": 135.0,
          "Cell: Perimeter": 44.143136273380925,
          "Cell: Circularity": 0.8705971905229476,
          "Cell: Max caliper": 15.554043484590913,
          "Cell: Min caliper": 12.503898630102414,
          "Cell: Eccentricity": 0.4324020969167601,
          "Cell: Channel 1 mean": 7439.072463768116,
          "Cell: Channel 1 std dev": 16408.10790705623,
          "Cell: Channel 1 max": 65535.0,
          "Cell: Channel 1 min": 0.0,
          "Cytoplasm: Channel 1 mean": 484.21153846153845,
          "Cytoplasm: Channel 1 std dev": 1397.2310041968267,
          "Cytoplasm: Channel 1 max": 9180.0,
          "Cytoplasm: Channel 1 min": 0.0
        }
      }
    },
    {
      "type": "Feature",
      "id": "335cc84b-9ce3-4f51-bdcc-5f612251eb5c",
      "geometry": {
        "type": "Polygon",
        "coordinates": [
          [
            [140, 2.26],
            [140.79, 6.12],
            [143.71, 8.85],
            [148.96, 11.67],
            [153.81, 7.85],
            [153.97, 1.86],
            [152.89, 0.18],
            [142.9, 0],
            [140.97, 0.52],
            [140, 2.26]
          ]
        ]
      },
      "properties": {
        "objectType": "cell",
        "measurements": {
          "Cell: Area": 129.0,
          "Cell: Perimeter": 42.20671769981471,
          "Cell: Circularity": 0.9099895711479441,
          "Cell: Max caliper": 14.900713141859754,
          "Cell: Min caliper": 11.666666984558105,
          "Cell: Eccentricity": 0.6332292524728266,
          "Cell: Channel 1 mean": 3815.0227272727275,
          "Cell: Channel 1 std dev": 9789.932033125666,
          "Cell: Channel 1 max": 47091.0,
          "Cell: Channel 1 min": 0.0,
          "Cytoplasm: Channel 1 mean": 306.8137254901961,
          "Cytoplasm: Channel 1 std dev": 1807.8063657503171,
          "Cytoplasm: Channel 1 max": 16012.0,
          "Cytoplasm: Channel 1 min": 0.0
        }
      }
    },
    {
      "type": "Feature",
      "id": "ceedeeb6-ea15-483f-b8a1-f38475d9615a",
      "geometry": {
        "type": "Polygon",
        "coordinates": [
          [
            [66, 3.53],
            [66.26, 9.52],
            [68.93, 12.47],
            [72.82, 12.59],
            [77.43, 8.78],
            [78.33, 7],
            [77.95, 0.95],
            [76.19, 0],
            [70.19, 0],
            [66.68, 1.65],
            [66, 3.53]
          ]
        ]
      },
      "properties": {
        "objectType": "cell",
        "measurements": {
          "Cell: Area": 132.0,
          "Cell: Perimeter": 42.09564436395211,
          "Cell: Circularity": 0.936072467892617,
          "Cell: Max caliper": 14.62660465931421,
          "Cell: Min caliper": 12.333335876464844,
          "Cell: Eccentricity": 0.4886266999529581,
          "Cell: Channel 1 mean": 5541.664179104478,
          "Cell: Channel 1 std dev": 12760.620089432472,
          "Cell: Channel 1 max": 52381.0,
          "Cell: Channel 1 min": 0.0,
          "Cytoplasm: Channel 1 mean": 132.0873786407767,
          "Cytoplasm: Channel 1 std dev": 415.8965064229632,
          "Cytoplasm: Channel 1 max": 2459.0,
          "Cytoplasm: Channel 1 min": 0.0
        }
      }
    },
    {
      "type": "Feature",
      "id": "f0d053bb-85ef-4949-a1d4-e9dcdae1492c",
      "geometry": {
        "type": "Polygon",
        "coordinates": [
          [
            [79.19, 6.38],
            [80.35, 8.01],
            [83.92, 9.78],
            [87.86, 9.57],
            [92, 4.11],
            [91.26, 0.26],
            [81.27, 0],
            [79.32, 0.42],
            [79.19, 6.38]
          ]
        ]
      },
      "properties": {
        "objectType": "cell",
        "measurements": {
          "Cell: Area": 111.0,
          "Cell: Perimeter": 38.94748715628767,
          "Cell: Circularity": 0.9195470538122615,
          "Cell: Max caliper": 13.531347763833693,
          "Cell: Min caliper": 10.0,
          "Cell: Eccentricity": 0.6327373376941278,
          "Cell: Channel 1 mean": 1735.1160714285713,
          "Cell: Channel 1 std dev": 6389.90965513758,
          "Cell: Channel 1 max": 44948.0,
          "Cell: Channel 1 min": 0.0,
          "Cytoplasm: Channel 1 mean": 38.766666666666666,
          "Cytoplasm: Channel 1 std dev": 74.42061602733239,
          "Cytoplasm: Channel 1 max": 323.0,
          "Cytoplasm: Channel 1 min": 0.0
        }
      }
    },
    {
      "type": "Feature",
      "id": "9db25a86-53fd-40eb-b8e6-30fefae26d5a",
      "geometry": {
        "type": "Polygon",
        "coordinates": [
          [
            [92, 6.33],
            [92.16, 10.32],
            [94.73, 13.36],
            [96.63, 14],
            [100.62, 13.88],
            [103.76, 11.48],
            [106, 5.93],
            [105.97, 3.93],
            [104.9, 2.24],
            [102.19, 0.13],
            [96.2, 0],
            [93.24, 2.53],
            [92, 6.33]
          ]
        ]
      },
      "properties": {
        "objectType": "cell",
        "measurements": {
          "Cell: Area": 161.0,
          "Cell: Perimeter": 45.43648946411683,
          "Cell: Circularity": 0.9800002836486775,
          "Cell: Max caliper": 15.212199359347139,
          "Cell: Min caliper": 13.16453612855654,
          "Cell: Eccentricity": 0.4375261051413618,
          "Cell: Channel 1 mean": 1865.0432098765432,
          "Cell: Channel 1 std dev": 6644.064555526013,
          "Cell: Channel 1 max": 42265.0,
          "Cell: Channel 1 min": 0.0,
          "Cytoplasm: Channel 1 mean": 158.54198473282443,
          "Cytoplasm: Channel 1 std dev": 676.3899678501584,
          "Cytoplasm: Channel 1 max": 4930.0,
          "Cytoplasm: Channel 1 min": 0.0
        }
      }
    },
    {
      "type": "Feature",
      "id": "ad59c6c5-d011-496c-a811-6a027d03be2e",
      "geometry": {
        "type": "Polygon",
        "coordinates": [
          [
            [298, 5.39],
            [298.08, 9.39],
            [298.88, 11.22],
            [301.93, 13.79],
            [307.91, 13.82],
            [311.01, 11.32],
            [311.89, 9.53],
            [311.32, 3.65],
            [307.45, 0.3],
            [303.48, 0],
            [301.61, 0.72],
            [298.78, 3.55],
            [298, 5.39]
          ]
        ]
      },
      "properties": {
        "objectType": "cell",
        "measurements": {
          "Cell: Area": 160.0,
          "Cell: Perimeter": 45.121501393709714,
          "Cell: Circularity": 0.9875583432214617,
          "Cell: Max caliper": 14.570459914413807,
          "Cell: Min caliper": 14.0,
          "Cell: Eccentricity": 0.03492719447343307,
          "Cell: Channel 1 mean": 67.36585365853658,
          "Cell: Channel 1 std dev": 311.20391642760586,
          "Cell: Channel 1 max": 2813.0,
          "Cell: Channel 1 min": 0.0,
          "Cytoplasm: Channel 1 mean": 1.0735294117647058,
          "Cytoplasm: Channel 1 std dev": 4.074550378178397,
          "Cytoplasm: Channel 1 max": 31.0,
          "Cytoplasm: Channel 1 min": 0.0
        }
      }
    },
    {
      "type": "Feature",
      "id": "ac68c5cc-fba8-411f-90a5-7bdc4af0a410",
      "geometry": {
        "type": "Polygon",
        "coordinates": [
          [
            [175.14, 8.71],
            [176.71, 12.38],
            [181.38, 16],
            [187.37, 15.82],
            [190.39, 13.22],
            [191.89, 9.53],
            [191.32, 5.65],
            [186.6, 2],
            [178.61, 2.2],
            [175.6, 4.81],
            [175.14, 8.71]
          ]
        ]
      },
      "properties": {
        "objectType": "cell",
        "measurements": {
          "Cell: Area": 194.0,
          "Cell: Perimeter": 50.005087664802964,
          "Cell: Circularity": 0.9749519404330025,
          "Cell: Max caliper": 17.127010607432283,
          "Cell: Min caliper": 14.0,
          "Cell: Eccentricity": 0.5585940379765683,
          "Cell: Channel 1 mean": 171.3897435897436,
          "Cell: Channel 1 std dev": 581.2757050273892,
          "Cell: Channel 1 max": 4706.0,
          "Cell: Channel 1 min": 0.0,
          "Cytoplasm: Channel 1 mean": 15.159235668789808,
          "Cytoplasm: Channel 1 std dev": 93.78907797888839,
          "Cytoplasm: Channel 1 max": 995.0,
          "Cytoplasm: Channel 1 min": 0.0
        }
      }
    },
    {
      "type": "Feature",
      "id": "50f57135-b6e6-4776-8e22-7f453881767f",
      "geometry": {
        "type": "Polygon",
        "coordinates": [
          [
            [105.1, 11.49],
            [105.69, 15.36],
            [108.77, 17.89],
            [114.73, 17.6],
            [116.87, 14.25],
            [118, 10.42],
            [117.72, 6.44],
            [114.35, 4],
            [108.38, 4.31],
            [107.08, 5.83],
            [105.1, 11.49]
          ]
        ]
      },
      "properties": {
        "objectType": "cell",
        "measurements": {
          "Cell: Area": 152.0,
          "Cell: Perimeter": 44.23089392093496,
          "Cell: Circularity": 0.9763421045662717,
          "Cell: Max caliper": 15.00052455664029,
          "Cell: Min caliper": 12.065820826401136,
          "Cell: Eccentricity": 0.5191759837287693,
          "Cell: Channel 1 mean": 1007.2156862745098,
          "Cell: Channel 1 std dev": 4373.192479156655,
          "Cell: Channel 1 max": 35422.0,
          "Cell: Channel 1 min": 0.0,
          "Cytoplasm: Channel 1 mean": 21.126984126984127,
          "Cytoplasm: Channel 1 std dev": 111.31849687285458,
          "Cytoplasm: Channel 1 max": 1206.0,
          "Cytoplasm: Channel 1 min": 0.0
        }
      }
    },
    {
      "type": "Feature",
      "id": "1a881d6f-39ef-41f7-bdab-78ecb12383e5",
      "geometry": {
        "type": "Polygon",
        "coordinates": [
          [
            [229.19, 10.05],
            [229.21, 14.03],
            [233.17, 18.5],
            [237.11, 18.98],
            [239, 18.33],
            [241.72, 15.4],
            [241.72, 7.44],
            [239.04, 5.03],
            [233.12, 5.55],
            [229.19, 10.05]
          ]
        ]
      },
      "properties": {
        "objectType": "cell",
        "measurements": {
          "Cell: Area": 151.0,
          "Cell: Perimeter": 43.61959992186866,
          "Cell: Circularity": 0.9972945723979727,
          "Cell: Max caliper": 14.700329788938074,
          "Cell: Min caliper": 13.0,
          "Cell: Eccentricity": 0.42639504142548007,
          "Cell: Channel 1 mean": 295.98039215686276,
          "Cell: Channel 1 std dev": 1187.9197732889616,
          "Cell: Channel 1 max": 8529.0,
          "Cell: Channel 1 min": 0.0,
          "Cytoplasm: Channel 1 mean": 8.538461538461538,
          "Cytoplasm: Channel 1 std dev": 36.648371865684375,
          "Cytoplasm: Channel 1 max": 281.0,
          "Cytoplasm: Channel 1 min": 0.0
        }
      }
    },
    {
      "type": "Feature",
      "id": "c9fd4d7a-0109-4628-82b6-84e993991c9e",
      "geometry": {
        "type": "Polygon",
        "coordinates": [
          [
            [134, 12.61],
            [134.79, 14.45],
            [137.61, 17.28],
            [138.11, 19.22],
            [140.63, 22.3],
            [142.5, 23],
            [146.49, 22.76],
            [149.45, 20.09],
            [149.84, 14.18],
            [148.46, 12.73],
            [143.32, 9.65],
            [139.89, 6.59],
            [137.93, 6.21],
            [134.88, 8.78],
            [134, 12.61]
          ]
        ]
      },
      "properties": {
        "objectType": "cell",
        "measurements": {
          "Cell: Area": 175.0,
          "Cell: Perimeter": 50.59985942590335,
          "Cell: Circularity": 0.8589132295771527,
          "Cell: Max caliper": 18.62526525013173,
          "Cell: Min caliper": 12.300392679705304,
          "Cell: Eccentricity": 0.7931739506928213,
          "Cell: Channel 1 mean": 180.16759776536313,
          "Cell: Channel 1 std dev": 609.898854075513,
          "Cell: Channel 1 max": 4527.0,
          "Cell: Channel 1 min": 0.0,
          "Cytoplasm: Channel 1 mean": 61.94039735099338,
          "Cytoplasm: Channel 1 std dev": 308.67117847936663,
          "Cytoplasm: Channel 1 max": 2533.0,
          "Cytoplasm: Channel 1 min": 0.0
        }
      }
    },
    {
      "type": "Feature",
      "id": "47def810-2344-4d32-9a39-a6b8f6de8a8f",
      "geometry": {
        "type": "Polygon",
        "coordinates": [
          [
            [17.43, 10.14],
            [17.51, 18.03],
            [21.68, 22.34],
            [23.57, 23],
            [29.55, 22.73],
            [32, 19.71],
            [31.86, 13.72],
            [27.9, 9.24],
            [24.43, 7],
            [18.74, 8.63],
            [17.43, 10.14]
          ]
        ]
      },
      "properties": {
        "objectType": "cell",
        "measurements": {
          "Cell: Area": 193.0,
          "Cell: Perimeter": 50.15870508980171,
          "Cell: Circularity": 0.9639944661266702,
          "Cell: Max caliper": 17.890040294090095,
          "Cell: Min caliper": 13.670732901205454,
          "Cell: Eccentricity": 0.620048916279816,
          "Cell: Channel 1 mean": 94.53092783505154,
          "Cell: Channel 1 std dev": 379.39985547420764,
          "Cell: Channel 1 max": 3305.0,
          "Cell: Channel 1 min": 0.0,
          "Cytoplasm: Channel 1 mean": 1.5512820512820513,
          "Cytoplasm: Channel 1 std dev": 5.46932191562245,
          "Cytoplasm: Channel 1 max": 38.0,
          "Cytoplasm: Channel 1 min": 0.0
        }
      }
    },
    {
      "type": "Feature",
      "id": "3103bcd7-b521-4c13-817c-89cf0372d3ba",
      "geometry": {
        "type": "Polygon",
        "coordinates": [
          [
            [243.28, 11.6],
            [243.28, 21.56],
            [245.51, 24.84],
            [248.89, 26.94],
            [252.83, 26.51],
            [255.65, 23.68],
            [257, 19.94],
            [257, 13.94],
            [255.57, 10.24],
            [251.42, 7.28],
            [247.46, 7.31],
            [243.28, 11.6]
          ]
        ]
      },
      "properties": {
        "objectType": "cell",
        "measurements": {
          "Cell: Area": 234.0,
          "Cell: Perimeter": 55.16213828119846,
          "Cell: Circularity": 0.9663702156663112,
          "Cell: Max caliper": 20.052243223832665,
          "Cell: Min caliper": 14.0,
          "Cell: Eccentricity": 0.6914199141758294,
          "Cell: Channel 1 mean": 7064.0297872340425,
          "Cell: Channel 1 std dev": 16641.695948614055,
          "Cell: Channel 1 max": 65535.0,
          "Cell: Channel 1 min": 0.0,
          "Cytoplasm: Channel 1 mean": 126.73333333333333,
          "Cytoplasm: Channel 1 std dev": 374.7093562695996,
          "Cytoplasm: Channel 1 max": 2878.0,
          "Cytoplasm: Channel 1 min": 0.0
        }
      }
    },
    {
      "type": "Feature",
      "id": "61e74e95-c78b-4c70-b86f-543c316f48fa",
      "geometry": {
        "type": "Polygon",
        "coordinates": [
          [
            [72, 15.81],
            [72.69, 17.69],
            [79.95, 20.98],
            [81.88, 20.45],
            [85.81, 15.95],
            [85.51, 12.02],
            [80.33, 9],
            [78.74, 8.93],
            [75.33, 11.01],
            [72.55, 13.89],
            [72, 15.81]
          ]
        ]
      },
      "properties": {
        "objectType": "cell",
        "measurements": {
          "Cell: Area": 118.0,
          "Cell: Perimeter": 39.59431696015173,
          "Cell: Circularity": 0.945858477309906,
          "Cell: Max caliper": 14.122290348209145,
          "Cell: Min caliper": 11.313711157018869,
          "Cell: Eccentricity": 0.5739861610615006,
          "Cell: Channel 1 mean": 2891.909090909091,
          "Cell: Channel 1 std dev": 9750.212977161069,
          "Cell: Channel 1 max": 65535.0,
          "Cell: Channel 1 min": 0.0,
          "Cytoplasm: Channel 1 mean": 126.77777777777777,
          "Cytoplasm: Channel 1 std dev": 402.165783552402,
          "Cytoplasm: Channel 1 max": 2709.0,
          "Cytoplasm: Channel 1 min": 0.0
        }
      }
    },
    {
      "type": "Feature",
      "id": "a01519a3-0fb8-4378-8a3a-86a99769138f",
      "geometry": {
        "type": "Polygon",
        "coordinates": [
          [
            [117.08, 17.42],
            [117.91, 19.24],
            [120.73, 22.07],
            [122.55, 22.91],
            [126.52, 22.7],
            [129.97, 20.7],
            [131.77, 17.14],
            [131.6, 13.19],
            [126.86, 8.57],
            [124.94, 8],
            [121, 8.5],
            [119.56, 9.88],
            [117.31, 15.43],
            [117.08, 17.42]
          ]
        ]
      },
      "properties": {
        "objectType": "cell",
        "measurements": {
          "Cell: Area": 172.0,
          "Cell: Perimeter": 46.63953648871778,
          "Cell: Circularity": 0.9936418152709955,
          "Cell: Max caliper": 15.232360520468712,
          "Cell: Min caliper": 14.142131775686384,
          "Cell: Eccentricity": 0.2704696233354284,
          "Cell: Channel 1 mean": 2922.270114942529,
          "Cell: Channel 1 std dev": 10680.742568062811,
          "Cell: Channel 1 max": 65535.0,
          "Cell: Channel 1 min": 0.0,
          "Cytoplasm: Channel 1 mean": 42.971830985915496,
          "Cytoplasm: Channel 1 std dev": 179.48460269653873,
          "Cytoplasm: Channel 1 max": 1868.0,
          "Cytoplasm: Channel 1 min": 0.0
        }
      }
    },
    {
      "type": "Feature",
      "id": "ad884586-8d35-4933-bba0-0466bca5f5ff",
      "geometry": {
        "type": "Polygon",
        "coordinates": [
          [
            [369, 27.3],
            [370.99, 30.65],
            [374.42, 32.68],
            [376.4, 32.92],
            [378.23, 32.1],
            [382.47, 27.86],
            [383, 25.93],
            [382.97, 15.93],
            [381.9, 14.24],
            [379.49, 12.33],
            [375.52, 12],
            [373.64, 12.69],
            [371.12, 15.77],
            [371, 19.77],
            [369.14, 23.31],
            [369, 27.3]
          ]
        ]
      },
      "properties": {
        "objectType": "cell",
        "measurements": {
          "Cell: Area": 235.0,
          "Cell: Perimeter": 57.079273056465425,
          "Cell: Circularity": 0.906402008918698,
          "Cell: Max caliper": 20.979348739288906,
          "Cell: Min caliper": 14.0,
          "Cell: Eccentricity": 0.7662288150773974,
          "Cell: Channel 1 mean": 2721.025316455696,
          "Cell: Channel 1 std dev": 8093.481699786568,
          "Cell: Channel 1 max": 46981.0,
          "Cell: Channel 1 min": 0.0,
          "Cytoplasm: Channel 1 mean": 62.95628415300546,
          "Cytoplasm: Channel 1 std dev": 251.08988419798234,
          "Cytoplasm: Channel 1 max": 2562.0,
          "Cytoplasm: Channel 1 min": 0.0
        }
      }
    },
    {
      "type": "Feature",
      "id": "a8fc4538-9125-44f1-803f-d2e885f19f09",
      "geometry": {
        "type": "Polygon",
        "coordinates": [
          [
            [384, 21.66],
            [384.9, 23.45],
            [388.71, 24.64],
            [392.35, 22.99],
            [393.7, 21.51],
            [393.77, 15.55],
            [392.33, 14.16],
            [388.69, 13],
            [384.84, 13.82],
            [384.07, 15.67],
            [384, 21.66]
          ]
        ]
      },
      "properties": {
        "objectType": "cell",
        "measurements": {
          "Cell: Area": 98.0,
          "Cell: Perimeter": 35.92194771710996,
          "Cell: Circularity": 0.9543686984932707,
          "Cell: Max caliper": 11.890856062689332,
          "Cell: Min caliper": 10.0,
          "Cell: Eccentricity": 0.39736389532740174,
          "Cell: Channel 1 mean": 128.78217821782178,
          "Cell: Channel 1 std dev": 465.23750072324117,
          "Cell: Channel 1 max": 2898.0,
          "Cell: Channel 1 min": 0.0,
          "Cytoplasm: Channel 1 mean": 9.219780219780219,
          "Cytoplasm: Channel 1 std dev": 31.705520794335623,
          "Cytoplasm: Channel 1 max": 206.0,
          "Cytoplasm: Channel 1 min": 0.0
        }
      }
    },
    {
      "type": "Feature",
      "id": "bd11f67e-f8d8-4285-8598-99d88e636764",
      "geometry": {
        "type": "Polygon",
        "coordinates": [
          [
            [208, 24.12],
            [209.48, 27.81],
            [212.3, 30.64],
            [218.27, 30.87],
            [222.61, 26.79],
            [222.77, 20.84],
            [220.16, 17.82],
            [217.52, 16.35],
            [213.57, 16.29],
            [209.24, 20.43],
            [208, 24.12]
          ]
        ]
      },
      "properties": {
        "objectType": "cell",
        "measurements": {
          "Cell: Area": 176.0,
          "Cell: Perimeter": 47.04479345259673,
          "Cell: Circularity": 0.9993080814393959,
          "Cell: Max caliper": 15.318613181007889,
          "Cell: Min caliper": 14.142142634556095,
          "Cell: Eccentricity": 0.23529424283217887,
          "Cell: Channel 1 mean": 3243.325842696629,
          "Cell: Channel 1 std dev": 9743.044043719572,
          "Cell: Channel 1 max": 52030.0,
          "Cell: Channel 1 min": 0.0,
          "Cytoplasm: Channel 1 mean": 135.74657534246575,
          "Cytoplasm: Channel 1 std dev": 830.9554684250124,
          "Cytoplasm: Channel 1 max": 8906.0,
          "Cytoplasm: Channel 1 min": 0.0
        }
      }
    },
    {
      "type": "Feature",
      "id": "633d7552-46fe-469d-9430-11548f249164",
      "geometry": {
        "type": "Polygon",
        "coordinates": [
          [
            [320.07, 21.86],
            [320.47, 25.8],
            [324.93, 29.79],
            [330.91, 29.82],
            [334.01, 27.32],
            [334.89, 25.53],
            [334.32, 19.65],
            [329.36, 16],
            [325.36, 16.13],
            [323.6, 17.07],
            [320.07, 21.86]
          ]
        ]
      },
      "properties": {
        "objectType": "cell",
        "measurements": {
          "Cell: Area": 168.0,
          "Cell: Perimeter": 46.22933572871644,
          "Cell: Circularity": 0.9878337034477791,
          "Cell: Max caliper": 15.271750170494595,
          "Cell: Min caliper": 14.0,
          "Cell: Eccentricity": 0.38434463282834935,
          "Cell: Channel 1 mean": 104.15028901734104,
          "Cell: Channel 1 std dev": 543.6243578043315,
          "Cell: Channel 1 max": 4912.0,
          "Cell: Channel 1 min": 0.0,
          "Cytoplasm: Channel 1 mean": 1.0140845070422535,
          "Cytoplasm: Channel 1 std dev": 4.465765626530998,
          "Cytoplasm: Channel 1 max": 31.0,
          "Cytoplasm: Channel 1 min": 0.0
        }
      }
    },
    {
      "type": "Feature",
      "id": "15752c1b-970a-4faa-a734-68d470d0fb70",
      "geometry": {
        "type": "Polygon",
        "coordinates": [
          [
            [282.03, 23.86],
            [282.56, 27.78],
            [289.56, 31.63],
            [294.72, 28.61],
            [296, 24.94],
            [294.57, 21.24],
            [289.25, 18],
            [285.52, 19.14],
            [282.69, 21.97],
            [282.03, 23.86]
          ]
        ]
      },
      "properties": {
        "objectType": "cell",
        "measurements": {
          "Cell: Area": 136.0,
          "Cell: Perimeter": 42.33078227995406,
          "Cell: Circularity": 0.9537535854832648,
          "Cell: Max caliper": 14.123812900572396,
          "Cell: Min caliper": 12.079416360863528,
          "Cell: Eccentricity": 0.45145902559049006,
          "Cell: Channel 1 mean": 4392.021276595745,
          "Cell: Channel 1 std dev": 10007.462767118266,
          "Cell: Channel 1 max": 46016.0,
          "Cell: Channel 1 min": 0.0,
          "Cytoplasm: Channel 1 mean": 313.17699115044246,
          "Cytoplasm: Channel 1 std dev": 930.3999642059524,
          "Cytoplasm: Channel 1 max": 5093.0,
          "Cytoplasm: Channel 1 min": 0.0
        }
      }
    },
    {
      "type": "Feature",
      "id": "e9fdd0ad-9754-410f-89e5-bf97cc5c000b",
      "geometry": {
        "type": "Polygon",
        "coordinates": [
          [
            [67.01, 22.97],
            [67.56, 26.89],
            [70.42, 29.68],
            [74.4, 29.92],
            [76.22, 29.11],
            [79.05, 26.28],
            [79.91, 24.47],
            [79.7, 22.48],
            [78.14, 21.23],
            [71.53, 19.29],
            [68.06, 21.27],
            [67.01, 22.97]
          ]
        ]
      },
      "properties": {
        "objectType": "cell",
        "measurements": {
          "Cell: Area": 106.0,
          "Cell: Perimeter": 37.03473516947207,
          "Cell: Circularity": 0.9711744369092165,
          "Cell: Max caliper": 12.978240281320526,
          "Cell: Min caliper": 10.676480588915176,
          "Cell: Eccentricity": 0.5624290027305302,
          "Cell: Channel 1 mean": 107.91743119266054,
          "Cell: Channel 1 std dev": 404.12399839928963,
          "Cell: Channel 1 max": 2623.0,
          "Cell: Channel 1 min": 0.0,
          "Cytoplasm: Channel 1 mean": 8.33673469387755,
          "Cytoplasm: Channel 1 std dev": 43.553248337801946,
          "Cytoplasm: Channel 1 max": 351.0,
          "Cytoplasm: Channel 1 min": 0.0
        }
      }
    },
    {
      "type": "Feature",
      "id": "35b19fb0-0517-468f-81de-411b0a891794",
      "geometry": {
        "type": "Polygon",
        "coordinates": [
          [
            [131.16, 25.18],
            [131.23, 31.16],
            [132.39, 32.79],
            [133.33, 36.67],
            [134.88, 37.94],
            [140.46, 35.77],
            [141.47, 34.05],
            [142.87, 28.25],
            [142.6, 24.3],
            [137.38, 21],
            [133.61, 22.05],
            [131.16, 25.18]
          ]
        ]
      },
      "properties": {
        "objectType": "cell",
        "measurements": {
          "Cell: Area": 154.0,
          "Cell: Perimeter": 46.20598630071374,
          "Cell: Circularity": 0.9064296325554997,
          "Cell: Max caliper": 17.121908393567054,
          "Cell: Min caliper": 11.91734691523676,
          "Cell: Eccentricity": 0.6959316471338588,
          "Cell: Channel 1 mean": 842.0509554140127,
          "Cell: Channel 1 std dev": 2010.2266321913849,
          "Cell: Channel 1 max": 9659.0,
          "Cell: Channel 1 min": 0.0,
          "Cytoplasm: Channel 1 mean": 484.0530303030303,
          "Cytoplasm: Channel 1 std dev": 1683.7724879149941,
          "Cytoplasm: Channel 1 max": 9659.0,
          "Cytoplasm: Channel 1 min": 0.0
        }
      }
    },
    {
      "type": "Feature",
      "id": "ad7ed850-94aa-4637-8bea-d7b613248a73",
      "geometry": {
        "type": "Polygon",
        "coordinates": [
          [
            [85.27, 26.67],
            [85.32, 30.63],
            [87.12, 34.12],
            [88.92, 35],
            [92.91, 34.82],
            [96.01, 32.32],
            [96.89, 30.53],
            [96.32, 26.65],
            [91.83, 23],
            [87.95, 23.72],
            [85.27, 26.67]
          ]
        ]
      },
      "properties": {
        "objectType": "cell",
        "measurements": {
          "Cell: Area": 111.0,
          "Cell: Perimeter": 37.80432699333407,
          "Cell: Circularity": 0.9760000070817435,
          "Cell: Max caliper": 12.347979860025829,
          "Cell: Min caliper": 11.60073496363131,
          "Cell: Eccentricity": 0.3044718162683826,
          "Cell: Channel 1 mean": 1192.1130434782608,
          "Cell: Channel 1 std dev": 3122.249447099973,
          "Cell: Channel 1 max": 16263.0,
          "Cell: Channel 1 min": 0.0,
          "Cytoplasm: Channel 1 mean": 86.08695652173913,
          "Cytoplasm: Channel 1 std dev": 312.98406560479015,
          "Cytoplasm: Channel 1 max": 1790.0,
          "Cytoplasm: Channel 1 min": 0.0
        }
      }
    },
    {
      "type": "Feature",
      "id": "1afe6e39-8133-417d-b1e8-e90690f814df",
      "geometry": {
        "type": "Polygon",
        "coordinates": [
          [
            [265.22, 34.91],
            [265.43, 38.86],
            [266.74, 40.37],
            [272.28, 42.64],
            [274.21, 42.12],
            [276.78, 39.08],
            [277.43, 33.14],
            [281.55, 28.78],
            [280.33, 25],
            [279.38, 24.25],
            [273.42, 24.32],
            [269.99, 26.35],
            [267.34, 29.33],
            [265.22, 34.91]
          ]
        ]
      },
      "properties": {
        "objectType": "cell",
        "measurements": {
          "Cell: Area": 202.0,
          "Cell: Perimeter": 55.21239393248534,
          "Cell: Circularity": 0.8326990660651044,
          "Cell: Max caliper": 20.519392174794252,
          "Cell: Min caliper": 12.730583291112524,
          "Cell: Eccentricity": 0.8036621203254222,
          "Cell: Channel 1 mean": 4973.517073170732,
          "Cell: Channel 1 std dev": 10702.13637578192,
          "Cell: Channel 1 max": 54486.0,
          "Cell: Channel 1 min": 0.0,
          "Cytoplasm: Channel 1 mean": 230.30967741935484,
          "Cytoplasm: Channel 1 std dev": 836.5807617974702,
          "Cytoplasm: Channel 1 max": 7387.0,
          "Cytoplasm: Channel 1 min": 0.0
        }
      }
    },
    {
      "type": "Feature",
      "id": "be6d31ad-47bf-4ade-87a4-be5ae86e54bf",
      "geometry": {
        "type": "Polygon",
        "coordinates": [
          [
            [378, 39.39],
            [378.64, 41.29],
            [380.17, 42.58],
            [384.12, 43],
            [391.17, 39.41],
            [392.53, 37.94],
            [395, 32.52],
            [394.76, 28.53],
            [392.11, 25.56],
            [390.15, 25.17],
            [388.33, 26],
            [386.81, 25.04],
            [384.93, 25.73],
            [379.65, 31.71],
            [378.12, 35.4],
            [378, 39.39]
          ]
        ]
      },
      "properties": {
        "objectType": "cell",
        "measurements": {
          "Cell: Area": 224.0,
          "Cell: Perimeter": 55.803450835124686,
          "Cell: Circularity": 0.9039320186983619,
          "Cell: Max caliper": 20.80026396600743,
          "Cell: Min caliper": 13.7796183585701,
          "Cell: Eccentricity": 0.7578801456796973,
          "Cell: Channel 1 mean": 2192.8571428571427,
          "Cell: Channel 1 std dev": 5540.456360988731,
          "Cell: Channel 1 max": 27892.0,
          "Cell: Channel 1 min": 0.0,
          "Cytoplasm: Channel 1 mean": 108.8465909090909,
          "Cytoplasm: Channel 1 std dev": 474.53674768409394,
          "Cytoplasm: Channel 1 max": 4717.0,
          "Cytoplasm: Channel 1 min": 0.0
        }
      }
    },
    {
      "type": "Feature",
      "id": "f73df273-80d4-4721-9b3c-317f0ed2a78b",
      "geometry": {
        "type": "Polygon",
        "coordinates": [
          [
            [42.26, 30.48],
            [42.29, 34.45],
            [44.25, 37.92],
            [47.55, 40],
            [53.53, 39.73],
            [57.74, 35.52],
            [58, 31.53],
            [57.32, 29.65],
            [52.45, 26],
            [46.47, 26.27],
            [42.26, 30.48]
          ]
        ]
      },
      "properties": {
        "objectType": "cell",
        "measurements": {
          "Cell: Area": 182.0,
          "Cell: Perimeter": 48.14003565218668,
          "Cell: Circularity": 0.9868892921470127,
          "Cell: Max caliper": 16.281339489896396,
          "Cell: Min caliper": 14.0,
          "Cell: Eccentricity": 0.45820183685278526,
          "Cell: Channel 1 mean": 5699.650273224043,
          "Cell: Channel 1 std dev": 15083.878059225704,
          "Cell: Channel 1 max": 65535.0,
          "Cell: Channel 1 min": 0.0,
          "Cytoplasm: Channel 1 mean": 276.88513513513516,
          "Cytoplasm: Channel 1 std dev": 1291.152227722077,
          "Cytoplasm: Channel 1 max": 11904.0,
          "Cytoplasm: Channel 1 min": 0.0
        }
      }
    },
    {
      "type": "Feature",
      "id": "f0560788-5bbd-4b0d-8a2c-a87244603ba1",
      "geometry": {
        "type": "Polygon",
        "coordinates": [
          [
            [75, 32.19],
            [75.73, 36.07],
            [77.15, 37.48],
            [81.08, 37.98],
            [82.98, 37.36],
            [85.71, 34.44],
            [85.72, 32.44],
            [84.33, 31],
            [84, 27.03],
            [82.28, 26],
            [80.31, 26.34],
            [75.92, 30.41],
            [75, 32.19]
          ]
        ]
      },
      "properties": {
        "objectType": "cell",
        "measurements": {
          "Cell: Area": 95.0,
          "Cell: Perimeter": 35.999293434038094,
          "Cell: Circularity": 0.9211821535285117,
          "Cell: Max caliper": 12.577364179576387,
          "Cell: Min caliper": 9.899500386230415,
          "Cell: Eccentricity": 0.5290229005331702,
          "Cell: Channel 1 mean": 426.0103092783505,
          "Cell: Channel 1 std dev": 1975.8701326612054,
          "Cell: Channel 1 max": 14783.0,
          "Cell: Channel 1 min": 0.0,
          "Cytoplasm: Channel 1 mean": 9.5,
          "Cytoplasm: Channel 1 std dev": 27.960399686293542,
          "Cytoplasm: Channel 1 max": 171.0,
          "Cytoplasm: Channel 1 min": 0.0
        }
      }
    },
    {
      "type": "Feature",
      "id": "003b80a3-7ece-4047-a4cb-b470203fdcd3",
      "geometry": {
        "type": "Polygon",
        "coordinates": [
          [
            [142.25, 36.51],
            [146.06, 41.12],
            [148.06, 41.28],
            [153.99, 33.34],
            [153.72, 29.44],
            [150.86, 27],
            [144.87, 27.13],
            [143.64, 28.72],
            [142.25, 36.51]
          ]
        ]
      },
      "properties": {
        "objectType": "cell",
        "measurements": {
          "Cell: Area": 123.0,
          "Cell: Perimeter": 41.77987301861649,
          "Cell: Circularity": 0.8854840526658662,
          "Cell: Max caliper": 14.916402483457992,
          "Cell: Min caliper": 11.140609031088639,
          "Cell: Eccentricity": 0.6602804697628227,
          "Cell: Channel 1 mean": 7869.677165354331,
          "Cell: Channel 1 std dev": 16602.157973561076,
          "Cell: Channel 1 max": 65535.0,
          "Cell: Channel 1 min": 0.0,
          "Cytoplasm: Channel 1 mean": 269.10869565217394,
          "Cytoplasm: Channel 1 std dev": 864.3012226301882,
          "Cytoplasm: Channel 1 max": 5265.0,
          "Cytoplasm: Channel 1 min": 0.0
        }
      }
    },
    {
      "type": "Feature",
      "id": "090af10f-6297-4193-b543-833102da0812",
      "geometry": {
        "type": "Polygon",
        "coordinates": [
          [
            [299.26, 29.48],
            [299.75, 31.42],
            [305.04, 37.38],
            [311.1, 42.55],
            [313.1, 42.45],
            [317, 37.96],
            [316.98, 33.96],
            [313.02, 29.51],
            [308.25, 27.16],
            [302.25, 27],
            [299.26, 29.48]
          ]
        ]
      },
      "properties": {
        "objectType": "cell",
        "measurements": {
          "Cell: Area": 175.0,
          "Cell: Perimeter": 51.372174943490386,
          "Cell: Circularity": 0.8332820123694057,
          "Cell: Max caliper": 19.66332837953649,
          "Cell: Min caliper": 11.16366733325501,
          "Cell: Eccentricity": 0.8200192493152106,
          "Cell: Channel 1 mean": 6847.367231638418,
          "Cell: Channel 1 std dev": 13213.291813619904,
          "Cell: Channel 1 max": 60717.0,
          "Cell: Channel 1 min": 0.0,
          "Cytoplasm: Channel 1 mean": 825.8148148148148,
          "Cytoplasm: Channel 1 std dev": 2628.29479986602,
          "Cytoplasm: Channel 1 max": 19411.0,
          "Cytoplasm: Channel 1 min": 0.0
        }
      }
    },
    {
      "type": "Feature",
      "id": "23e9f89f-94c6-4add-9e82-87fc15866d92",
      "geometry": {
        "type": "Polygon",
        "coordinates": [
          [
            [200.07, 31.87],
            [200.48, 37.81],
            [203.75, 39.95],
            [209.75, 40],
            [212.74, 37.52],
            [213, 33.53],
            [212.32, 31.65],
            [208.62, 28.42],
            [206.67, 28],
            [202.82, 29.09],
            [200.07, 31.87]
          ]
        ]
      },
      "properties": {
        "objectType": "cell",
        "measurements": {
          "Cell: Area": 131.0,
          "Cell: Perimeter": 40.91891980977852,
          "Cell: Circularity": 0.9831795542261801,
          "Cell: Max caliper": 13.8773174984184,
          "Cell: Min caliper": 12.0,
          "Cell: Eccentricity": 0.45489741233158726,
          "Cell: Channel 1 mean": 68.03787878787878,
          "Cell: Channel 1 std dev": 181.2227091453219,
          "Cell: Channel 1 max": 1046.0,
          "Cell: Channel 1 min": 0.0,
          "Cytoplasm: Channel 1 mean": 41.88793103448276,
          "Cytoplasm: Channel 1 std dev": 157.32496258723043,
          "Cytoplasm: Channel 1 max": 1046.0,
          "Cytoplasm: Channel 1 min": 0.0
        }
      }
    },
    {
      "type": "Feature",
      "id": "68a92575-add3-4eff-a499-788b4eb694fd",
      "geometry": {
        "type": "Polygon",
        "coordinates": [
          [
            [278.2, 39.01],
            [281.58, 41],
            [285.51, 40.49],
            [288.94, 33.29],
            [288.02, 31.51],
            [282.87, 29.07],
            [278.46, 33.07],
            [278.2, 39.01]
          ]
        ]
      },
      "properties": {
        "objectType": "cell",
        "measurements": {
          "Cell: Area": 94.0,
          "Cell: Perimeter": 35.73658921943601,
          "Cell: Circularity": 0.924935646882843,
          "Cell: Max caliper": 12.355929377436242,
          "Cell: Min caliper": 9.623559177006305,
          "Cell: Eccentricity": 0.6125440064075183,
          "Cell: Channel 1 mean": 7242.134020618557,
          "Cell: Channel 1 std dev": 11997.55918200037,
          "Cell: Channel 1 max": 42230.0,
          "Cell: Channel 1 min": 0.0,
          "Cytoplasm: Channel 1 mean": 711.5507246376811,
          "Cytoplasm: Channel 1 std dev": 1663.6558833257757,
          "Cytoplasm: Channel 1 max": 9783.0,
          "Cytoplasm: Channel 1 min": 0.0
        }
      }
    },
    {
      "type": "Feature",
      "id": "161a7b36-a309-46a5-8b6a-36c7f2d0352b",
      "geometry": {
        "type": "Polygon",
        "coordinates": [
          [
            [332, 38.99],
            [334.45, 42.11],
            [336.31, 42.85],
            [342.1, 41.45],
            [345.27, 39.07],
            [345.96, 37.19],
            [345.61, 33.23],
            [342.26, 29.17],
            [336.27, 29],
            [334.47, 29.87],
            [332.01, 32.99],
            [332, 38.99]
          ]
        ]
      },
      "properties": {
        "objectType": "cell",
        "measurements": {
          "Cell: Area": 160.0,
          "Cell: Perimeter": 45.35193521887013,
          "Cell: Circularity": 0.9775482428666755,
          "Cell: Max caliper": 15.115590780331859,
          "Cell: Min caliper": 13.534970837380254,
          "Cell: Eccentricity": 0.37942483890620454,
          "Cell: Channel 1 mean": 58.19875776397515,
          "Cell: Channel 1 std dev": 228.89404808436407,
          "Cell: Channel 1 max": 1653.0,
          "Cell: Channel 1 min": 0.0,
          "Cytoplasm: Channel 1 mean": 1.6742424242424243,
          "Cytoplasm: Channel 1 std dev": 6.897832619130828,
          "Cytoplasm: Channel 1 max": 61.0,
          "Cytoplasm: Channel 1 min": 0.0
        }
      }
    },
    {
      "type": "Feature",
      "id": "ece6f1b5-c368-4ea5-9498-30d08a50943b",
      "geometry": {
        "type": "Polygon",
        "coordinates": [
          [
            [287.04, 40.22],
            [289.17, 43.51],
            [295.11, 43.94],
            [298.49, 41.84],
            [302.67, 37.53],
            [299.9, 32.24],
            [297.13, 30.09],
            [293.19, 30.47],
            [290.05, 32.95],
            [287.04, 40.22]
          ]
        ]
      },
      "properties": {
        "objectType": "cell",
        "measurements": {
          "Cell: Area": 155.0,
          "Cell: Perimeter": 45.50642339842706,
          "Cell: Circularity": 0.9405809005494224,
          "Cell: Max caliper": 15.851835997188466,
          "Cell: Min caliper": 12.219581303135676,
          "Cell: Eccentricity": 0.6264683868965216,
          "Cell: Channel 1 mean": 9954.70253164557,
          "Cell: Channel 1 std dev": 17606.519189806168,
          "Cell: Channel 1 max": 65535.0,
          "Cell: Channel 1 min": 0.0,
          "Cytoplasm: Channel 1 mean": 765.5130434782609,
          "Cytoplasm: Channel 1 std dev": 2224.12766800836,
          "Cytoplasm: Channel 1 max": 11723.0,
          "Cytoplasm: Channel 1 min": 0.0
        }
      }
    },
    {
      "type": "Feature",
      "id": "cc8b50c4-6acb-44b3-9d8e-83bddb8627e9",
      "geometry": {
        "type": "Polygon",
        "coordinates": [
          [
            [113.09, 36.53],
            [113.3, 40.51],
            [117.57, 44.71],
            [123.53, 44.73],
            [127.74, 40.52],
            [128, 36.53],
            [127.32, 34.65],
            [122.6, 31],
            [118.6, 31.08],
            [116.77, 31.89],
            [113.09, 36.53]
          ]
        ]
      },
      "properties": {
        "objectType": "cell",
        "measurements": {
          "Cell: Area": 167.0,
          "Cell: Perimeter": 46.00353523354819,
          "Cell: Circularity": 0.9916169022918727,
          "Cell: Max caliper": 15.226612573157777,
          "Cell: Min caliper": 14.0,
          "Cell: Eccentricity": 0.35714955255183845,
          "Cell: Channel 1 mean": 1964.4411764705883,
          "Cell: Channel 1 std dev": 7906.733771563903,
          "Cell: Channel 1 max": 59947.0,
          "Cell: Channel 1 min": 0.0,
          "Cytoplasm: Channel 1 mean": 78.12142857142857,
          "Cytoplasm: Channel 1 std dev": 303.97662887863487,
          "Cytoplasm: Channel 1 max": 2633.0,
          "Cytoplasm: Channel 1 min": 0.0
        }
      }
    },
    {
      "type": "Feature",
      "id": "0e96179d-a7aa-4408-8f20-4ab920352adc",
      "geometry": {
        "type": "Polygon",
        "coordinates": [
          [
            [94.09, 43.46],
            [96.37, 46.67],
            [100.34, 46.93],
            [102.18, 46.15],
            [105.89, 41.53],
            [105.32, 35.65],
            [100.98, 32],
            [97.07, 32.6],
            [94.3, 35.49],
            [94.09, 43.46]
          ]
        ]
      },
      "properties": {
        "objectType": "cell",
        "measurements": {
          "Cell: Area": 148.0,
          "Cell: Perimeter": 43.68431033772212,
          "Cell: Circularity": 0.9745869953987154,
          "Cell: Max caliper": 15.380732024727596,
          "Cell: Min caliper": 12.0,
          "Cell: Eccentricity": 0.5893422796573781,
          "Cell: Channel 1 mean": 3273.218543046358,
          "Cell: Channel 1 std dev": 11761.894049227521,
          "Cell: Channel 1 max": 65535.0,
          "Cell: Channel 1 min": 0.0,
          "Cytoplasm: Channel 1 mean": 46.47933884297521,
          "Cytoplasm: Channel 1 std dev": 136.466119065842,
          "Cytoplasm: Channel 1 max": 1012.0,
          "Cytoplasm: Channel 1 min": 0.0
        }
      }
    },
    {
      "type": "Feature",
      "id": "71c2a4f6-8e32-4664-a716-bfe96ba4c864",
      "geometry": {
        "type": "Polygon",
        "coordinates": [
          [
            [82.2, 39.98],
            [82.2, 41.98],
            [84.72, 45.05],
            [86.53, 45.91],
            [90.53, 46],
            [92.38, 45.24],
            [93, 43.34],
            [92.87, 37.35],
            [91.33, 36.07],
            [86.17, 35.5],
            [82.2, 39.98]
          ]
        ]
      },
      "properties": {
        "objectType": "cell",
        "measurements": {
          "Cell: Area": 93.0,
          "Cell: Perimeter": 35.269335290154224,
          "Cell: Circularity": 0.9395031987759004,
          "Cell: Max caliper": 11.63494384557775,
          "Cell: Min caliper": 10.304304712082333,
          "Cell: Eccentricity": 0.3224963752883974,
          "Cell: Channel 1 mean": 1630.438775510204,
          "Cell: Channel 1 std dev": 5464.595188912638,
          "Cell: Channel 1 max": 32839.0,
          "Cell: Channel 1 min": 0.0,
          "Cytoplasm: Channel 1 mean": 88.62025316455696,
          "Cytoplasm: Channel 1 std dev": 350.5515545608996,
          "Cytoplasm: Channel 1 max": 2255.0,
          "Cytoplasm: Channel 1 min": 0.0
        }
      }
    },
    {
      "type": "Feature",
      "id": "3dfa2370-6c53-422d-a354-e8cc897b22dc",
      "geometry": {
        "type": "Polygon",
        "coordinates": [
          [
            [149.33, 41.76],
            [151.81, 44.76],
            [157.63, 43.67],
            [160.47, 40.86],
            [160.97, 36.93],
            [156.92, 33.02],
            [155.02, 33.65],
            [152.24, 36.52],
            [149.33, 41.76]
          ]
        ]
      },
      "properties": {
        "objectType": "cell",
        "measurements": {
          "Cell: Area": 95.0,
          "Cell: Perimeter": 35.72278566811188,
          "Cell: Circularity": 0.935497935769225,
          "Cell: Max caliper": 12.809125255812566,
          "Cell: Min caliper": 8.956693871374604,
          "Cell: Eccentricity": 0.7078392246939033,
          "Cell: Channel 1 mean": 1637.0618556701031,
          "Cell: Channel 1 std dev": 3861.784442387659,
          "Cell: Channel 1 max": 18495.0,
          "Cell: Channel 1 min": 0.0,
          "Cytoplasm: Channel 1 mean": 308.3734939759036,
          "Cytoplasm: Channel 1 std dev": 1064.9443442556203,
          "Cytoplasm: Channel 1 max": 6285.0,
          "Cytoplasm: Channel 1 min": 0.0
        }
      }
    },
    {
      "type": "Feature",
      "id": "cbe26249-bb96-439d-92e3-da14c888c659",
      "geometry": {
        "type": "Polygon",
        "coordinates": [
          [
            [17.23, 44.45],
            [21.4, 48.7],
            [27.36, 48.73],
            [31.72, 44.61],
            [33, 40.94],
            [31.57, 37.24],
            [27.66, 34.44],
            [23.71, 34],
            [20.07, 35.6],
            [17.3, 38.49],
            [17.23, 44.45]
          ]
        ]
      },
      "properties": {
        "objectType": "cell",
        "measurements": {
          "Cell: Area": 190.0,
          "Cell: Perimeter": 48.87781915324671,
          "Cell: Circularity": 0.9994011034861402,
          "Cell: Max caliper": 16.218538522232098,
          "Cell: Min caliper": 14.613542392353903,
          "Cell: Eccentricity": 0.34785056527825187,
          "Cell: Channel 1 mean": 3637.421875,
          "Cell: Channel 1 std dev": 8220.059915205686,
          "Cell: Channel 1 max": 31826.0,
          "Cell: Channel 1 min": 0.0,
          "Cytoplasm: Channel 1 mean": 38.09271523178808,
          "Cytoplasm: Channel 1 std dev": 119.5024323877065,
          "Cytoplasm: Channel 1 max": 1075.0,
          "Cytoplasm: Channel 1 min": 0.0
        }
      }
    },
    {
      "type": "Feature",
      "id": "179d2e34-348a-4955-b112-3dfd143bdba4",
      "geometry": {
        "type": "Polygon",
        "coordinates": [
          [
            [134, 40.56],
            [135.17, 44.33],
            [136.6, 45.72],
            [138.6, 45.88],
            [144.36, 44.32],
            [145.67, 42.81],
            [143.9, 39.24],
            [140.84, 37.03],
            [135.15, 38.92],
            [134, 40.56]
          ]
        ]
      },
      "properties": {
        "objectType": "cell",
        "measurements": {
          "Cell: Area": 76.0,
          "Cell: Perimeter": 31.78080363321737,
          "Cell: Circularity": 0.9455700469212135,
          "Cell: Max caliper": 11.880906705908265,
          "Cell: Min caliper": 8.12154863639931,
          "Cell: Eccentricity": 0.6544918378251938,
          "Cell: Channel 1 mean": 2081.8205128205127,
          "Cell: Channel 1 std dev": 4619.451920443379,
          "Cell: Channel 1 max": 21506.0,
          "Cell: Channel 1 min": 0.0,
          "Cytoplasm: Channel 1 mean": 368.5625,
          "Cytoplasm: Channel 1 std dev": 1019.5393120082024,
          "Cytoplasm: Channel 1 max": 5385.0,
          "Cytoplasm: Channel 1 min": 0.0
        }
      }
    },
    {
      "type": "Feature",
      "id": "15403770-6cbe-4815-9572-5fecd9954dbf",
      "geometry": {
        "type": "Polygon",
        "coordinates": [
          [
            [298.17, 43.67],
            [298.33, 45.66],
            [302.72, 49.74],
            [306.69, 49.86],
            [311.27, 46.06],
            [311.4, 44.07],
            [307.16, 39.82],
            [303.81, 38.1],
            [298.17, 43.67]
          ]
        ]
      },
      "properties": {
        "objectType": "cell",
        "measurements": {
          "Cell: Area": 106.0,
          "Cell: Perimeter": 37.77305515436539,
          "Cell: Circularity": 0.9335799235321484,
          "Cell: Max caliper": 13.321946666840644,
          "Cell: Min caliper": 10.370898507504961,
          "Cell: Eccentricity": 0.5068073041707336,
          "Cell: Channel 1 mean": 6839.936936936937,
          "Cell: Channel 1 std dev": 16254.356595459276,
          "Cell: Channel 1 max": 65535.0,
          "Cell: Channel 1 min": 0.0,
          "Cytoplasm: Channel 1 mean": 619.5393258426966,
          "Cytoplasm: Channel 1 std dev": 1849.2599690403163,
          "Cytoplasm: Channel 1 max": 9625.0,
          "Cytoplasm: Channel 1 min": 0.0
        }
      }
    },
    {
      "type": "Feature",
      "id": "cd3d16a4-fdd2-472c-89d9-ebbe2e629a23",
      "geometry": {
        "type": "Polygon",
        "coordinates": [
          [
            [313.22, 44.44],
            [318.64, 50.3],
            [322.51, 50.9],
            [325, 47.93],
            [324.97, 41.93],
            [322.01, 38.67],
            [320.13, 38],
            [318.17, 38.42],
            [313.81, 42.53],
            [313.22, 44.44]
          ]
        ]
      },
      "properties": {
        "objectType": "cell",
        "measurements": {
          "Cell: Area": 110.0,
          "Cell: Perimeter": 38.460092394262574,
          "Cell: Circularity": 0.9345055881761499,
          "Cell: Max caliper": 13.215293813441429,
          "Cell: Min caliper": 10.842301319246985,
          "Cell: Eccentricity": 0.5356479952738862,
          "Cell: Channel 1 mean": 3568.25,
          "Cell: Channel 1 std dev": 8157.837824630556,
          "Cell: Channel 1 max": 38440.0,
          "Cell: Channel 1 min": 0.0,
          "Cytoplasm: Channel 1 mean": 262.6629213483146,
          "Cytoplasm: Channel 1 std dev": 940.4959758241226,
          "Cytoplasm: Channel 1 max": 7128.0,
          "Cytoplasm: Channel 1 min": 0.0
        }
      }
    },
    {
      "type": "Feature",
      "id": "b48f3871-5ca6-4a92-9f2b-8ccd8b67ffe2",
      "geometry": {
        "type": "Polygon",
        "coordinates": [
          [
            [348.09, 43.83],
            [349.13, 49.65],
            [351.59, 52.72],
            [357.57, 52.89],
            [362.64, 49.72],
            [362.75, 45.77],
            [360.9, 42.24],
            [358.43, 40.29],
            [352.45, 40],
            [350.59, 40.74],
            [348.09, 43.83]
          ]
        ]
      },
      "properties": {
        "objectType": "cell",
        "measurements": {
          "Cell: Area": 159.0,
          "Cell: Perimeter": 45.15066104957571,
          "Cell: Circularity": 0.9801188955414776,
          "Cell: Max caliper": 15.701309494174435,
          "Cell: Min caliper": 13.0,
          "Cell: Eccentricity": 0.4609101393592911,
          "Cell: Channel 1 mean": 93.29813664596273,
          "Cell: Channel 1 std dev": 318.0092735424648,
          "Cell: Channel 1 max": 1847.0,
          "Cell: Channel 1 min": 0.0,
          "Cytoplasm: Channel 1 mean": 3.2962962962962963,
          "Cytoplasm: Channel 1 std dev": 9.017457425406347,
          "Cytoplasm: Channel 1 max": 45.0,
          "Cytoplasm: Channel 1 min": 0.0
        }
      }
    },
    {
      "type": "Feature",
      "id": "32c5a4db-310c-4396-ad65-e41c5f4fdc52",
      "geometry": {
        "type": "Polygon",
        "coordinates": [
          [
            [260, 48.49],
            [260.24, 52.47],
            [262.89, 55.44],
            [266.8, 55.84],
            [268.52, 54.81],
            [274.18, 49.16],
            [274.94, 47.31],
            [274.66, 45.33],
            [271.33, 43.16],
            [266.99, 42],
            [265.05, 42.48],
            [260.71, 46.62],
            [260, 48.49]
          ]
        ]
      },
      "properties": {
        "objectType": "cell",
        "measurements": {
          "Cell: Area": 149.0,
          "Cell: Perimeter": 44.589748505844284,
          "Cell: Circularity": 0.9417293084464773,
          "Cell: Max caliper": 16.097167074226945,
          "Cell: Min caliper": 11.313710033655651,
          "Cell: Eccentricity": 0.6597916137227354,
          "Cell: Channel 1 mean": 4709.834437086092,
          "Cell: Channel 1 std dev": 12833.87689485941,
          "Cell: Channel 1 max": 65535.0,
          "Cell: Channel 1 min": 0.0,
          "Cytoplasm: Channel 1 mean": 142.9747899159664,
          "Cytoplasm: Channel 1 std dev": 568.473371351145,
          "Cytoplasm: Channel 1 max": 4145.0,
          "Cytoplasm: Channel 1 min": 0.0
        }
      }
    },
    {
      "type": "Feature",
      "id": "3582530f-65af-42a8-b779-6d122bce0abb",
      "geometry": {
        "type": "Polygon",
        "coordinates": [
          [
            [334.27, 45.45],
            [334.28, 49.42],
            [340.11, 54.82],
            [344.04, 54.48],
            [347.24, 52.09],
            [348, 48.23],
            [346.72, 44.44],
            [343.44, 42.11],
            [337.58, 43.28],
            [334.27, 45.45]
          ]
        ]
      },
      "properties": {
        "objectType": "cell",
        "measurements": {
          "Cell: Area": 136.0,
          "Cell: Perimeter": 42.09512615744743,
          "Cell: Circularity": 0.9644620455804233,
          "Cell: Max caliper": 14.567827563579298,
          "Cell: Min caliper": 12.375953237717857,
          "Cell: Eccentricity": 0.4963559752457352,
          "Cell: Channel 1 mean": 103.38129496402878,
          "Cell: Channel 1 std dev": 592.4706486423263,
          "Cell: Channel 1 max": 4705.0,
          "Cell: Channel 1 min": 0.0,
          "Cytoplasm: Channel 1 mean": 2.211864406779661,
          "Cytoplasm: Channel 1 std dev": 8.705879430891404,
          "Cytoplasm: Channel 1 max": 56.0,
          "Cytoplasm: Channel 1 min": 0.0
        }
      }
    },
    {
      "type": "Feature",
      "id": "cbb9059c-525e-413e-8e75-46a5129fa816",
      "geometry": {
        "type": "Polygon",
        "coordinates": [
          [
            [135.25, 47.73],
            [135.34, 53.68],
            [140.39, 56.88],
            [144.37, 56.73],
            [147.31, 54.02],
            [149, 50.42],
            [148.72, 46.44],
            [146.72, 44.53],
            [135.25, 47.73]
          ]
        ]
      },
      "properties": {
        "objectType": "cell",
        "measurements": {
          "Cell: Area": 132.0,
          "Cell: Perimeter": 42.77090667928327,
          "Cell: Circularity": 0.9067485749868902,
          "Cell: Max caliper": 15.213194432166928,
          "Cell: Min caliper": 11.226114628584082,
          "Cell: Eccentricity": 0.6574111857543558,
          "Cell: Channel 1 mean": 3735.3259259259257,
          "Cell: Channel 1 std dev": 11724.662716613753,
          "Cell: Channel 1 max": 65535.0,
          "Cell: Channel 1 min": 0.0,
          "Cytoplasm: Channel 1 mean": 50.157407407407405,
          "Cytoplasm: Channel 1 std dev": 157.25330253947226,
          "Cytoplasm: Channel 1 max": 1140.0,
          "Cytoplasm: Channel 1 min": 0.0
        }
      }
    },
    {
      "type": "Feature",
      "id": "5ee656e5-a1a6-4b03-95fc-19d99fb24806",
      "geometry": {
        "type": "Polygon",
        "coordinates": [
          [
            [28.17, 53.87],
            [30.91, 56.67],
            [38.6, 54.7],
            [39.91, 53.19],
            [39.57, 47.24],
            [35.8, 44.53],
            [33.82, 44.24],
            [28.22, 49.89],
            [28.17, 53.87]
          ]
        ]
      },
      "properties": {
        "objectType": "cell",
        "measurements": {
          "Cell: Area": 113.0,
          "Cell: Perimeter": 38.71388713872523,
          "Cell: Circularity": 0.9474466144116445,
          "Cell: Max caliper": 13.275221454447172,
          "Cell: Min caliper": 11.053660420623814,
          "Cell: Eccentricity": 0.5110667120966222,
          "Cell: Channel 1 mean": 267.5593220338983,
          "Cell: Channel 1 std dev": 1003.361943048724,
          "Cell: Channel 1 max": 6416.0,
          "Cell: Channel 1 min": 0.0,
          "Cytoplasm: Channel 1 mean": 6.359223300970874,
          "Cytoplasm: Channel 1 std dev": 19.36028599738723,
          "Cytoplasm: Channel 1 max": 149.0,
          "Cytoplasm: Channel 1 min": 0.0
        }
      }
    },
    {
      "type": "Feature",
      "id": "0d0388b3-2101-4547-81ba-fd2f54e05f34",
      "geometry": {
        "type": "Polygon",
        "coordinates": [
          [
            [149.25, 54.24],
            [151.1, 57.77],
            [154.34, 60],
            [158.34, 59.93],
            [160.18, 59.15],
            [163.89, 54.53],
            [163.32, 48.65],
            [159.68, 45.46],
            [155.75, 45.25],
            [150.81, 48.52],
            [149.25, 54.24]
          ]
        ]
      },
      "properties": {
        "objectType": "cell",
        "measurements": {
          "Cell: Area": 174.0,
          "Cell: Perimeter": 46.846091150629675,
          "Cell: Circularity": 0.9963510759077719,
          "Cell: Max caliper": 15.49408798416326,
          "Cell: Min caliper": 14.142138321129254,
          "Cell: Eccentricity": 0.37329995323760046,
          "Cell: Channel 1 mean": 4855.4375,
          "Cell: Channel 1 std dev": 14602.512157514437,
          "Cell: Channel 1 max": 65535.0,
          "Cell: Channel 1 min": 0.0,
          "Cytoplasm: Channel 1 mean": 44.31468531468531,
          "Cytoplasm: Channel 1 std dev": 122.01399247745155,
          "Cytoplasm: Channel 1 max": 1063.0,
          "Cytoplasm: Channel 1 min": 0.0
        }
      }
    },
    {
      "type": "Feature",
      "id": "27eaf761-47b0-4930-b6da-6e8a07f4a327",
      "geometry": {
        "type": "Polygon",
        "coordinates": [
          [
            [305.45, 55.09],
            [305.49, 58.98],
            [311.17, 64.59],
            [314.9, 65.98],
            [318.9, 66],
            [320.71, 65.15],
            [324.67, 60.65],
            [325, 54.68],
            [324.39, 52.78],
            [318.73, 51.07],
            [312.94, 46.03],
            [308.5, 50],
            [305.45, 55.09]
          ]
        ]
      },
      "properties": {
        "objectType": "cell",
        "measurements": {
          "Cell: Area": 272.0,
          "Cell: Perimeter": 61.697921073071214,
          "Cell: Circularity": 0.8979201277893772,
          "Cell: Max caliper": 20.840527732393735,
          "Cell: Min caliper": 16.8841748196668,
          "Cell: Eccentricity": 0.5259235944181999,
          "Cell: Channel 1 mean": 8440.188191881918,
          "Cell: Channel 1 std dev": 15512.62545672875,
          "Cell: Channel 1 max": 65535.0,
          "Cell: Channel 1 min": 0.0,
          "Cytoplasm: Channel 1 mean": 861.7204301075269,
          "Cytoplasm: Channel 1 std dev": 2780.4769136542272,
          "Cytoplasm: Channel 1 max": 27677.0,
          "Cytoplasm: Channel 1 min": 0.0
        }
      }
    },
    {
      "type": "Feature",
      "id": "d2106739-60fa-4dfa-8e0a-687c810f9553",
      "geometry": {
        "type": "Polygon",
        "coordinates": [
          [
            [224, 57.26],
            [224.59, 59.17],
            [227.59, 61.79],
            [233.57, 62],
            [235.43, 61.24],
            [237.56, 57.88],
            [237.97, 51.93],
            [234.97, 48.65],
            [233.08, 48],
            [227.13, 48.44],
            [224.35, 51.29],
            [224, 57.26]
          ]
        ]
      },
      "properties": {
        "objectType": "cell",
        "measurements": {
          "Cell: Area": 171.0,
          "Cell: Perimeter": 46.504889907528025,
          "Cell: Circularity": 0.9935934805573157,
          "Cell: Max caliper": 15.258655772134832,
          "Cell: Min caliper": 14.0,
          "Cell: Eccentricity": 0.1521104232609056,
          "Cell: Channel 1 mean": 201.2046783625731,
          "Cell: Channel 1 std dev": 692.0396275471736,
          "Cell: Channel 1 max": 4966.0,
          "Cell: Channel 1 min": 0.0,
          "Cytoplasm: Channel 1 mean": 2.992857142857143,
          "Cytoplasm: Channel 1 std dev": 10.81332539816015,
          "Cytoplasm: Channel 1 max": 96.0,
          "Cytoplasm: Channel 1 min": 0.0
        }
      }
    },
    {
      "type": "Feature",
      "id": "b42a92b1-3aa6-4c3a-a48f-16664c06c3fe",
      "geometry": {
        "type": "Polygon",
        "coordinates": [
          [
            [6.14, 58.29],
            [8.3, 61.63],
            [9.93, 62.79],
            [15.91, 62.82],
            [19.01, 60.32],
            [19.89, 58.53],
            [19.32, 52.65],
            [15.38, 49.26],
            [11.42, 49.32],
            [6.34, 52.32],
            [6.14, 58.29]
          ]
        ]
      },
      "properties": {
        "objectType": "cell",
        "measurements": {
          "Cell: Area": 161.0,
          "Cell: Perimeter": 45.2076534689019,
          "Cell: Circularity": 0.9899466936298573,
          "Cell: Max caliper": 14.981814172459323,
          "Cell: Min caliper": 13.989201021924384,
          "Cell: Eccentricity": 0.2179151945095859,
          "Cell: Channel 1 mean": 843.2181818181818,
          "Cell: Channel 1 std dev": 2867.0306515599864,
          "Cell: Channel 1 max": 16156.0,
          "Cell: Channel 1 min": 0.0,
          "Cytoplasm: Channel 1 mean": 19.514492753623188,
          "Cytoplasm: Channel 1 std dev": 104.20783804999841,
          "Cytoplasm: Channel 1 max": 1114.0,
          "Cytoplasm: Channel 1 min": 0.0
        }
      }
    },
    {
      "type": "Feature",
      "id": "3342967e-fc66-4493-bf2a-60c668491d2e",
      "geometry": {
        "type": "Polygon",
        "coordinates": [
          [
            [91.47, 53.75],
            [94.55, 61.1],
            [95.99, 62.49],
            [99.91, 62.82],
            [103.01, 60.32],
            [103.89, 58.53],
            [103.32, 52.65],
            [99.41, 49.27],
            [95.46, 49.31],
            [91.47, 53.75]
          ]
        ]
      },
      "properties": {
        "objectType": "cell",
        "measurements": {
          "Cell: Area": 131.0,
          "Cell: Perimeter": 41.1721005440382,
          "Cell: Circularity": 0.971124946065165,
          "Cell: Max caliper": 14.224870839147691,
          "Cell: Min caliper": 11.620954579565701,
          "Cell: Eccentricity": 0.5664502658816708,
          "Cell: Channel 1 mean": 633.4626865671642,
          "Cell: Channel 1 std dev": 3053.95730617187,
          "Cell: Channel 1 max": 21465.0,
          "Cell: Channel 1 min": 0.0,
          "Cytoplasm: Channel 1 mean": 20.591304347826085,
          "Cytoplasm: Channel 1 std dev": 72.04359007636121,
          "Cytoplasm: Channel 1 max": 567.0,
          "Cytoplasm: Channel 1 min": 0.0
        }
      }
    },
    {
      "type": "Feature",
      "id": "462e432c-8d61-47ff-a93d-723617ead689",
      "geometry": {
        "type": "Polygon",
        "coordinates": [
          [
            [262.09, 68.43],
            [262.92, 70.25],
            [267.56, 73.91],
            [271.5, 73.25],
            [273.4, 73.88],
            [279.38, 73.72],
            [281.86, 70.68],
            [281.1, 64.8],
            [281.79, 58.96],
            [280, 55.42],
            [279.72, 51.44],
            [277.23, 49.15],
            [275.25, 49.42],
            [265.35, 59.32],
            [262.31, 64.46],
            [262.09, 68.43]
          ]
        ]
      },
      "properties": {
        "objectType": "cell",
        "measurements": {
          "Cell: Area": 363.0,
          "Cell: Perimeter": 73.38866301291726,
          "Cell: Circularity": 0.8469514919304052,
          "Cell: Max caliper": 26.57913628590285,
          "Cell: Min caliper": 20.0,
          "Cell: Eccentricity": 0.6618116444048361,
          "Cell: Channel 1 mean": 6902.757493188011,
          "Cell: Channel 1 std dev": 12548.390977713216,
          "Cell: Channel 1 max": 65044.0,
          "Cell: Channel 1 min": 0.0,
          "Cytoplasm: Channel 1 mean": 813.7915057915058,
          "Cytoplasm: Channel 1 std dev": 1984.3388670555785,
          "Cytoplasm: Channel 1 max": 10586.0,
          "Cytoplasm: Channel 1 min": 0.0
        }
      }
    },
    {
      "type": "Feature",
      "id": "4ed0bdb8-bdda-4aa3-a342-f638cf29dc7f",
      "geometry": {
        "type": "Polygon",
        "coordinates": [
          [
            [365.51, 53.85],
            [366.72, 55.44],
            [367.66, 59.31],
            [367.26, 63.29],
            [368.58, 64.79],
            [374.17, 66.92],
            [377.26, 64.41],
            [379.56, 58.88],
            [379.97, 52.93],
            [376.83, 49.56],
            [370.91, 49],
            [367.21, 50.45],
            [365.8, 51.87],
            [365.51, 53.85]
          ]
        ]
      },
      "properties": {
        "objectType": "cell",
        "measurements": {
          "Cell: Area": 199.0,
          "Cell: Perimeter": 52.66872459510141,
          "Cell: Circularity": 0.9014825756703796,
          "Cell: Max caliper": 18.20884650210184,
          "Cell: Min caliper": 14.378942555261132,
          "Cell: Eccentricity": 0.6529109139546043,
          "Cell: Channel 1 mean": 5724.545,
          "Cell: Channel 1 std dev": 13005.96226467406,
          "Cell: Channel 1 max": 65535.0,
          "Cell: Channel 1 min": 0.0,
          "Cytoplasm: Channel 1 mean": 807.48,
          "Cytoplasm: Channel 1 std dev": 2305.3666182548404,
          "Cytoplasm: Channel 1 max": 15482.0,
          "Cytoplasm: Channel 1 min": 0.0
        }
      }
    },
    {
      "type": "Feature",
      "id": "3d1decc0-5d66-4d93-91ed-bf46d3bf1127",
      "geometry": {
        "type": "Polygon",
        "coordinates": [
          [
            [40.42, 57.84],
            [44, 64.99],
            [45.75, 65.95],
            [49.75, 66],
            [52.74, 63.52],
            [53, 57.53],
            [52.32, 55.65],
            [47.39, 52],
            [43.62, 53.04],
            [40.79, 55.87],
            [40.42, 57.84]
          ]
        ]
      },
      "properties": {
        "objectType": "cell",
        "measurements": {
          "Cell: Area": 135.0,
          "Cell: Perimeter": 42.19339417283775,
          "Cell: Circularity": 0.9529161926103135,
          "Cell: Max caliper": 14.54658977223715,
          "Cell: Min caliper": 11.620951593026206,
          "Cell: Eccentricity": 0.5931570066564236,
          "Cell: Channel 1 mean": 403.1294964028777,
          "Cell: Channel 1 std dev": 1841.0836240229278,
          "Cell: Channel 1 max": 14839.0,
          "Cell: Channel 1 min": 0.0,
          "Cytoplasm: Channel 1 mean": 6.016806722689076,
          "Cytoplasm: Channel 1 std dev": 18.140685237967315,
          "Cytoplasm: Channel 1 max": 112.0,
          "Cytoplasm: Channel 1 min": 0.0
        }
      }
    },
    {
      "type": "Feature",
      "id": "e4fc43c1-54c1-496e-a37d-9d8eacc3afcb",
      "geometry": {
        "type": "Polygon",
        "coordinates": [
          [
            [79, 60.86],
            [79.56, 62.78],
            [82.64, 65.31],
            [86.31, 66.86],
            [90.22, 66.39],
            [93.07, 63.59],
            [93.88, 61.76],
            [90.72, 54.44],
            [88.93, 52.62],
            [87.03, 52],
            [83.08, 52.46],
            [79.07, 56.86],
            [79, 60.86]
          ]
        ]
      },
      "properties": {
        "objectType": "cell",
        "measurements": {
          "Cell: Area": 166.0,
          "Cell: Perimeter": 46.55743845753981,
          "Cell: Circularity": 0.9623649478366708,
          "Cell: Max caliper": 15.653227817546341,
          "Cell: Min caliper": 13.54946934607182,
          "Cell: Eccentricity": 0.5088198486793598,
          "Cell: Channel 1 mean": 5781.596385542169,
          "Cell: Channel 1 std dev": 14886.336635858668,
          "Cell: Channel 1 max": 65535.0,
          "Cell: Channel 1 min": 0.0,
          "Cytoplasm: Channel 1 mean": 342.2671755725191,
          "Cytoplasm: Channel 1 std dev": 1191.0770486246568,
          "Cytoplasm: Channel 1 max": 11747.0,
          "Cytoplasm: Channel 1 min": 0.0
        }
      }
    },
    {
      "type": "Feature",
      "id": "1bab87d3-28de-4614-883c-7dc859c5e968",
      "geometry": {
        "type": "Polygon",
        "coordinates": [
          [
            [355, 60.57],
            [355.75, 62.42],
            [357.32, 63.66],
            [361.29, 64],
            [365.13, 62.87],
            [366.36, 61.29],
            [366.66, 59.31],
            [365.72, 55.44],
            [363.61, 52.32],
            [361.63, 52.07],
            [356.38, 54.96],
            [355.21, 56.58],
            [355, 60.57]
          ]
        ]
      },
      "properties": {
        "objectType": "cell",
        "measurements": {
          "Cell: Area": 108.0,
          "Cell: Perimeter": 37.82735218505097,
          "Cell: Circularity": 0.9484659269254467,
          "Cell: Max caliper": 12.965664314404329,
          "Cell: Min caliper": 11.29547710098571,
          "Cell: Eccentricity": 0.4379612482202317,
          "Cell: Channel 1 mean": 6289.054054054054,
          "Cell: Channel 1 std dev": 16415.577605564915,
          "Cell: Channel 1 max": 65535.0,
          "Cell: Channel 1 min": 0.0,
          "Cytoplasm: Channel 1 mean": 274.46666666666664,
          "Cytoplasm: Channel 1 std dev": 1186.7278608553595,
          "Cytoplasm: Channel 1 max": 9083.0,
          "Cytoplasm: Channel 1 min": 0.0
        }
      }
    },
    {
      "type": "Feature",
      "id": "20fe523d-dabf-4d70-9c49-49cd747ca659",
      "geometry": {
        "type": "Polygon",
        "coordinates": [
          [
            [326.2, 57.59],
            [326.31, 63.56],
            [328.33, 67],
            [330.06, 68],
            [336.06, 67.97],
            [340.5, 64],
            [341, 62.06],
            [339.57, 56.24],
            [334.33, 53],
            [330.36, 53.32],
            [326.2, 57.59]
          ]
        ]
      },
      "properties": {
        "objectType": "cell",
        "measurements": {
          "Cell: Area": 182.0,
          "Cell: Perimeter": 48.25407681771818,
          "Cell: Circularity": 0.9822300790871206,
          "Cell: Max caliper": 15.71924294122794,
          "Cell: Min caliper": 14.654275813765352,
          "Cell: Eccentricity": 0.16997818193065015,
          "Cell: Channel 1 mean": 3090.179347826087,
          "Cell: Channel 1 std dev": 8250.411472792786,
          "Cell: Channel 1 max": 49203.0,
          "Cell: Channel 1 min": 0.0,
          "Cytoplasm: Channel 1 mean": 111.52027027027027,
          "Cytoplasm: Channel 1 std dev": 420.37034966662196,
          "Cytoplasm: Channel 1 max": 2920.0,
          "Cytoplasm: Channel 1 min": 0.0
        }
      }
    },
    {
      "type": "Feature",
      "id": "6f750382-7545-47fd-8945-90a309d650b7",
      "geometry": {
        "type": "Polygon",
        "coordinates": [
          [
            [341.05, 58.23],
            [342.52, 64.04],
            [343.93, 65.46],
            [345.85, 66],
            [349.81, 65.59],
            [351.34, 64.31],
            [352, 62.42],
            [351.72, 56.44],
            [349.33, 54.22],
            [345.37, 54.33],
            [342.03, 56.49],
            [341.05, 58.23]
          ]
        ]
      },
      "properties": {
        "objectType": "cell",
        "measurements": {
          "Cell: Area": 109.0,
          "Cell: Perimeter": 37.27217928555119,
          "Cell: Circularity": 0.9859770108734893,
          "Cell: Max caliper": 12.474494120828565,
          "Cell: Min caliper": 10.792726198079016,
          "Cell: Eccentricity": 0.4472885488363612,
          "Cell: Channel 1 mean": 28.6697247706422,
          "Cell: Channel 1 std dev": 126.4058026567369,
          "Cell: Channel 1 max": 798.0,
          "Cell: Channel 1 min": 0.0,
          "Cytoplasm: Channel 1 mean": 0.9696969696969697,
          "Cytoplasm: Channel 1 std dev": 3.1637440537830903,
          "Cytoplasm: Channel 1 max": 16.0,
          "Cytoplasm: Channel 1 min": 0.0
        }
      }
    },
    {
      "type": "Feature",
      "id": "51b0a72f-eff9-4adf-b4f3-3980d9514ab1",
      "geometry": {
        "type": "Polygon",
        "coordinates": [
          [
            [28, 64.06],
            [28.5, 65.99],
            [29.88, 67.44],
            [33.58, 68.92],
            [39.45, 69.77],
            [42.43, 67.13],
            [42.83, 65.17],
            [42.15, 63.29],
            [38.91, 57.29],
            [37.32, 56.06],
            [31.57, 57.72],
            [28.45, 60.11],
            [28, 64.06]
          ]
        ]
      },
      "properties": {
        "objectType": "cell",
        "measurements": {
          "Cell: Area": 152.0,
          "Cell: Perimeter": 44.83189792650527,
          "Cell: Circularity": 0.9503404227029468,
          "Cell: Max caliper": 15.652503578709485,
          "Cell: Min caliper": 13.335896824127156,
          "Cell: Eccentricity": 0.5503977162287381,
          "Cell: Channel 1 mean": 1981.202614379085,
          "Cell: Channel 1 std dev": 6338.083625529379,
          "Cell: Channel 1 max": 33951.0,
          "Cell: Channel 1 min": 0.0,
          "Cytoplasm: Channel 1 mean": 146.65289256198346,
          "Cytoplasm: Channel 1 std dev": 501.3401824234685,
          "Cytoplasm: Channel 1 max": 3094.0,
          "Cytoplasm: Channel 1 min": 0.0
        }
      }
    },
    {
      "type": "Feature",
      "id": "743c1b10-f451-45b1-ad2b-9f0341f7efb6",
      "geometry": {
        "type": "Polygon",
        "coordinates": [
          [
            [128.17, 60.16],
            [128.54, 66.08],
            [133.02, 70],
            [138.93, 69.4],
            [142.82, 64.88],
            [142.78, 60.9],
            [140.05, 58.03],
            [136.39, 56],
            [132.4, 56.12],
            [130.62, 57.04],
            [128.17, 60.16]
          ]
        ]
      },
      "properties": {
        "objectType": "cell",
        "measurements": {
          "Cell: Area": 167.0,
          "Cell: Perimeter": 46.19206403685233,
          "Cell: Circularity": 0.9835390280819482,
          "Cell: Max caliper": 15.396689340794056,
          "Cell: Min caliper": 13.919817165222817,
          "Cell: Eccentricity": 0.3848795862410872,
          "Cell: Channel 1 mean": 3763.3372093023254,
          "Cell: Channel 1 std dev": 11901.963158241073,
          "Cell: Channel 1 max": 65535.0,
          "Cell: Channel 1 min": 0.0,
          "Cytoplasm: Channel 1 mean": 184.57857142857142,
          "Cytoplasm: Channel 1 std dev": 439.70109317134296,
          "Cytoplasm: Channel 1 max": 2465.0,
          "Cytoplasm: Channel 1 min": 0.0
        }
      }
    },
    {
      "type": "Feature",
      "id": "eb0f8295-5405-4129-9fa3-1ec320fa1e74",
      "geometry": {
        "type": "Polygon",
        "coordinates": [
          [
            [161.08, 65.39],
            [161.88, 67.22],
            [164.93, 69.79],
            [170.91, 69.82],
            [174.01, 67.32],
            [174.89, 65.53],
            [174.32, 59.65],
            [170.03, 56.02],
            [164.11, 56.55],
            [161.32, 59.41],
            [161.08, 65.39]
          ]
        ]
      },
      "properties": {
        "objectType": "cell",
        "measurements": {
          "Cell: Area": 164.0,
          "Cell: Perimeter": 45.62578896948726,
          "Cell: Circularity": 0.9899948541684855,
          "Cell: Max caliper": 14.955125831164187,
          "Cell: Min caliper": 14.0,
          "Cell: Eccentricity": 0.29070506082351216,
          "Cell: Channel 1 mean": 1028.0595238095239,
          "Cell: Channel 1 std dev": 3562.1087203169213,
          "Cell: Channel 1 max": 23749.0,
          "Cell: Channel 1 min": 0.0,
          "Cytoplasm: Channel 1 mean": 12.423357664233576,
          "Cytoplasm: Channel 1 std dev": 43.86740090514374,
          "Cytoplasm: Channel 1 max": 444.0,
          "Cytoplasm: Channel 1 min": 0.0
        }
      }
    },
    {
      "type": "Feature",
      "id": "156cfe9d-5e80-410f-a5c8-68995ef6b265",
      "geometry": {
        "type": "Polygon",
        "coordinates": [
          [
            [297, 70.77],
            [297.66, 72.66],
            [303.63, 73],
            [305.52, 73.67],
            [307.39, 72.95],
            [311.63, 68.71],
            [311.86, 66.72],
            [307.9, 62.24],
            [305.41, 60.27],
            [303.43, 60],
            [299.88, 61.79],
            [297.24, 64.79],
            [297, 70.77]
          ]
        ]
      },
      "properties": {
        "objectType": "cell",
        "measurements": {
          "Cell: Area": 153.0,
          "Cell: Perimeter": 45.17268869743862,
          "Cell: Circularity": 0.9422136972006556,
          "Cell: Max caliper": 15.403042821005643,
          "Cell: Min caliper": 13.199322086485047,
          "Cell: Eccentricity": 0.4596632405250569,
          "Cell: Channel 1 mean": 4670.445161290322,
          "Cell: Channel 1 std dev": 8030.470528613763,
          "Cell: Channel 1 max": 34404.0,
          "Cell: Channel 1 min": 0.0,
          "Cytoplasm: Channel 1 mean": 486.7391304347826,
          "Cytoplasm: Channel 1 std dev": 1300.3952846201785,
          "Cytoplasm: Channel 1 max": 6546.0,
          "Cytoplasm: Channel 1 min": 0.0
        }
      }
    },
    {
      "type": "Feature",
      "id": "d60e478d-2443-4275-89c6-e7b211bd729c",
      "geometry": {
        "type": "Polygon",
        "coordinates": [
          [
            [358, 66.41],
            [358.37, 70.37],
            [365.15, 74.58],
            [366.61, 75.94],
            [368.58, 76.28],
            [372.3, 74.85],
            [373.77, 71.14],
            [373.83, 69.14],
            [372.77, 67.44],
            [370.84, 66.92],
            [365.3, 64],
            [359.42, 65],
            [358, 66.41]
          ]
        ]
      },
      "properties": {
        "objectType": "cell",
        "measurements": {
          "Cell: Area": 132.0,
          "Cell: Perimeter": 44.27997884175767,
          "Cell: Circularity": 0.8459973172602243,
          "Cell: Max caliper": 16.602835135643023,
          "Cell: Min caliper": 10.314412991810759,
          "Cell: Eccentricity": 0.7955630571607225,
          "Cell: Channel 1 mean": 9641.478260869566,
          "Cell: Channel 1 std dev": 18172.189467215296,
          "Cell: Channel 1 max": 65535.0,
          "Cell: Channel 1 min": 0.0,
          "Cytoplasm: Channel 1 mean": 1222.2178217821781,
          "Cytoplasm: Channel 1 std dev": 2559.054097138083,
          "Cytoplasm: Channel 1 max": 12259.0,
          "Cytoplasm: Channel 1 min": 0.0
        }
      }
    },
    {
      "type": "Feature",
      "id": "1d035a96-0f58-42fe-96c2-926e6f57cd6e",
      "geometry": {
        "type": "Polygon",
        "coordinates": [
          [
            [374.06, 72.87],
            [374.49, 74.82],
            [378.73, 79.07],
            [380.55, 79.91],
            [382.54, 79.69],
            [386.72, 75.4],
            [387, 73.42],
            [386.72, 65.44],
            [383.87, 63],
            [379.87, 63.07],
            [375.46, 67.07],
            [374.06, 72.87]
          ]
        ]
      },
      "properties": {
        "objectType": "cell",
        "measurements": {
          "Cell: Area": 173.0,
          "Cell: Perimeter": 47.774747153849475,
          "Cell: Circularity": 0.9524872538222486,
          "Cell: Max caliper": 17.232270775977007,
          "Cell: Min caliper": 12.884671166016528,
          "Cell: Eccentricity": 0.6580007509442836,
          "Cell: Channel 1 mean": 4187.212643678161,
          "Cell: Channel 1 std dev": 12747.728454826354,
          "Cell: Channel 1 max": 65535.0,
          "Cell: Channel 1 min": 0.0,
          "Cytoplasm: Channel 1 mean": 241.81294964028777,
          "Cytoplasm: Channel 1 std dev": 1175.1855824355678,
          "Cytoplasm: Channel 1 max": 11817.0,
          "Cytoplasm: Channel 1 min": 0.0
        }
      }
    },
    {
      "type": "Feature",
      "id": "53f89a20-ab8b-4b5d-a971-ce6d6c3acf13",
      "geometry": {
        "type": "Polygon",
        "coordinates": [
          [
            [73.12, 68.42],
            [73.66, 74.31],
            [78.29, 78],
            [84.14, 77.19],
            [86.76, 74.19],
            [87, 70.2],
            [86.32, 68.32],
            [81.01, 64.68],
            [77.14, 64.17],
            [74.02, 66.64],
            [73.12, 68.42]
          ]
        ]
      },
      "properties": {
        "objectType": "cell",
        "measurements": {
          "Cell: Area": 153.0,
          "Cell: Perimeter": 44.45618762084821,
          "Cell: Circularity": 0.9728297909492384,
          "Cell: Max caliper": 14.814008597313874,
          "Cell: Min caliper": 12.844786565122481,
          "Cell: Eccentricity": 0.49439741847399254,
          "Cell: Channel 1 mean": 2325.2229299363057,
          "Cell: Channel 1 std dev": 8696.540432543015,
          "Cell: Channel 1 max": 58455.0,
          "Cell: Channel 1 min": 0.0,
          "Cytoplasm: Channel 1 mean": 101.16279069767442,
          "Cytoplasm: Channel 1 std dev": 464.5072118435313,
          "Cytoplasm: Channel 1 max": 4226.0,
          "Cytoplasm: Channel 1 min": 0.0
        }
      }
    },
    {
      "type": "Feature",
      "id": "e28c2fbf-75e1-4f83-a5b7-613aa7142b39",
      "geometry": {
        "type": "Polygon",
        "coordinates": [
          [
            [113, 68.32],
            [113.16, 72.32],
            [114.54, 73.77],
            [120.52, 74],
            [125.97, 76.49],
            [127.97, 76.36],
            [130, 72.93],
            [129.97, 68.93],
            [128.9, 67.24],
            [125.4, 65],
            [115.42, 65.29],
            [113, 68.32]
          ]
        ]
      },
      "properties": {
        "objectType": "cell",
        "measurements": {
          "Cell: Area": 154.0,
          "Cell: Perimeter": 48.18883870364632,
          "Cell: Circularity": 0.8333696191425639,
          "Cell: Max caliper": 17.61334588741237,
          "Cell: Min caliper": 11.042397618573888,
          "Cell: Eccentricity": 0.82032614657873,
          "Cell: Channel 1 mean": 2106.547770700637,
          "Cell: Channel 1 std dev": 5054.436722587318,
          "Cell: Channel 1 max": 24376.0,
          "Cell: Channel 1 min": 0.0,
          "Cytoplasm: Channel 1 mean": 219.14173228346456,
          "Cytoplasm: Channel 1 std dev": 794.4476440380515,
          "Cytoplasm: Channel 1 max": 6061.0,
          "Cytoplasm: Channel 1 min": 0.0
        }
      }
    },
    {
      "type": "Feature",
      "id": "5c5f6ad9-1b5a-423d-88b5-5f1dbd1adaf0",
      "geometry": {
        "type": "Polygon",
        "coordinates": [
          [
            [311.88, 71.55],
            [317.17, 77.5],
            [319.11, 77.98],
            [321, 77.33],
            [323.72, 74.4],
            [323.72, 68.44],
            [320.81, 66.09],
            [318.95, 66.81],
            [314.95, 67],
            [313.15, 67.85],
            [311.88, 71.55]
          ]
        ]
      },
      "properties": {
        "objectType": "cell",
        "measurements": {
          "Cell: Area": 106.0,
          "Cell: Perimeter": 37.7705876410981,
          "Cell: Circularity": 0.9337019071303838,
          "Cell: Max caliper": 12.58286696248979,
          "Cell: Min caliper": 11.078015229916925,
          "Cell: Eccentricity": 0.4109845719879921,
          "Cell: Channel 1 mean": 2705.091743119266,
          "Cell: Channel 1 std dev": 7255.714514858952,
          "Cell: Channel 1 max": 36874.0,
          "Cell: Channel 1 min": 0.0,
          "Cytoplasm: Channel 1 mean": 127.18681318681318,
          "Cytoplasm: Channel 1 std dev": 528.5475257110631,
          "Cytoplasm: Channel 1 max": 4073.0,
          "Cytoplasm: Channel 1 min": 0.0
        }
      }
    },
    {
      "type": "Feature",
      "id": "d5942983-227c-463c-9c43-b18dd7061bec",
      "geometry": {
        "type": "Polygon",
        "coordinates": [
          [
            [246.22, 77.12],
            [248.82, 80.15],
            [252.34, 82],
            [256.18, 81.15],
            [259.89, 76.53],
            [259.32, 70.65],
            [254.77, 67],
            [250.77, 67.11],
            [246.41, 71.17],
            [246.22, 77.12]
          ]
        ]
      },
      "properties": {
        "objectType": "cell",
        "measurements": {
          "Cell: Area": 166.0,
          "Cell: Perimeter": 45.85695750773302,
          "Cell: Circularity": 0.9919904199698535,
          "Cell: Max caliper": 15.241486493963318,
          "Cell: Min caliper": 14.0,
          "Cell: Eccentricity": 0.33114162489629734,
          "Cell: Channel 1 mean": 639.0532544378698,
          "Cell: Channel 1 std dev": 2116.732016971184,
          "Cell: Channel 1 max": 15421.0,
          "Cell: Channel 1 min": 0.0,
          "Cytoplasm: Channel 1 mean": 28.287769784172664,
          "Cytoplasm: Channel 1 std dev": 143.94958077695003,
          "Cytoplasm: Channel 1 max": 1321.0,
          "Cytoplasm: Channel 1 min": 0.0
        }
      }
    },
    {
      "type": "Feature",
      "id": "a48d58bf-23c2-41ba-9b04-f0401d8b5860",
      "geometry": {
        "type": "Polygon",
        "coordinates": [
          [
            [25, 73.11],
            [25.02, 77.11],
            [25.67, 79],
            [28.49, 81.83],
            [30.22, 82.84],
            [32.22, 82.76],
            [38.71, 78.14],
            [39.89, 76.53],
            [40, 74.53],
            [38.12, 71.06],
            [36.33, 70.16],
            [32.33, 70],
            [31.15, 69.1],
            [29.15, 69],
            [27.39, 69.95],
            [25, 73.11]
          ]
        ]
      },
      "properties": {
        "objectType": "cell",
        "measurements": {
          "Cell: Area": 155.0,
          "Cell: Perimeter": 45.48877935729757,
          "Cell: Circularity": 0.9413107010348468,
          "Cell: Max caliper": 15.28246382275383,
          "Cell: Min caliper": 13.32068328277354,
          "Cell: Eccentricity": 0.48747705204976444,
          "Cell: Channel 1 mean": 3903.1455696202534,
          "Cell: Channel 1 std dev": 12105.00359872608,
          "Cell: Channel 1 max": 65535.0,
          "Cell: Channel 1 min": 0.0,
          "Cytoplasm: Channel 1 mean": 45.645669291338585,
          "Cytoplasm: Channel 1 std dev": 104.64805169308983,
          "Cytoplasm: Channel 1 max": 622.0,
          "Cytoplasm: Channel 1 min": 0.0
        }
      }
    },
    {
      "type": "Feature",
      "id": "68272024-5448-4a47-a76d-db7eadfc4e95",
      "geometry": {
        "type": "Polygon",
        "coordinates": [
          [
            [307.15, 75.24],
            [307.24, 81.22],
            [314.32, 84.84],
            [317, 82],
            [316.42, 78.08],
            [311.33, 72],
            [309.57, 72.09],
            [307.15, 75.24]
          ]
        ]
      },
      "properties": {
        "objectType": "cell",
        "measurements": {
          "Cell: Area": 91.0,
          "Cell: Perimeter": 35.76321637006559,
          "Cell: Circularity": 0.8940835735102675,
          "Cell: Max caliper": 13.601951445532688,
          "Cell: Min caliper": 9.128030628541705,
          "Cell: Eccentricity": 0.7525023009614389,
          "Cell: Channel 1 mean": 13665.563829787234,
          "Cell: Channel 1 std dev": 19743.22420235571,
          "Cell: Channel 1 max": 65535.0,
          "Cell: Channel 1 min": 0.0,
          "Cytoplasm: Channel 1 mean": 1782.0,
          "Cytoplasm: Channel 1 std dev": 3377.3293366617154,
          "Cytoplasm: Channel 1 max": 15657.0,
          "Cytoplasm: Channel 1 min": 0.0
        }
      }
    },
    {
      "type": "Feature",
      "id": "913a3162-7615-4e63-a105-d7a2501c8696",
      "geometry": {
        "type": "Polygon",
        "coordinates": [
          [
            [296.02, 80.09],
            [296.65, 81.98],
            [299.57, 84.71],
            [301.56, 84.89],
            [303.35, 83.99],
            [305.82, 80.88],
            [306, 76.89],
            [305.33, 75],
            [303.8, 74],
            [299.8, 74.04],
            [296.51, 76.15],
            [296.02, 80.09]
          ]
        ]
      },
      "properties": {
        "objectType": "cell",
        "measurements": {
          "Cell: Area": 91.0,
          "Cell: Perimeter": 33.82937275411468,
          "Cell: Circularity": 0.9992251708078945,
          "Cell: Max caliper": 11.519451456870478,
          "Cell: Min caliper": 10.0,
          "Cell: Eccentricity": 0.45128947333737396,
          "Cell: Channel 1 mean": 6315.797872340426,
          "Cell: Channel 1 std dev": 13280.869766487589,
          "Cell: Channel 1 max": 51849.0,
          "Cell: Channel 1 min": 0.0,
          "Cytoplasm: Channel 1 mean": 479.5138888888889,
          "Cytoplasm: Channel 1 std dev": 1367.9830016349356,
          "Cytoplasm: Channel 1 max": 7482.0,
          "Cytoplasm: Channel 1 min": 0.0
        }
      }
    },
    {
      "type": "Feature",
      "id": "6423aa67-6750-414c-950b-98d203cbad4a",
      "geometry": {
        "type": "Polygon",
        "coordinates": [
          [
            [113, 80.77],
            [116.74, 85.37],
            [120.62, 85.69],
            [125.98, 83.01],
            [127, 79.26],
            [126.02, 77.51],
            [120.42, 75],
            [114.44, 75.28],
            [113.11, 76.78],
            [113, 80.77]
          ]
        ]
      },
      "properties": {
        "objectType": "cell",
        "measurements": {
          "Cell: Area": 120.0,
          "Cell: Perimeter": 40.16668412254575,
          "Cell: Circularity": 0.9346718181426389,
          "Cell: Max caliper": 14.5440572663932,
          "Cell: Min caliper": 10.984072087944487,
          "Cell: Eccentricity": 0.6679065099253547,
          "Cell: Channel 1 mean": 5104.934426229508,
          "Cell: Channel 1 std dev": 14389.160744160317,
          "Cell: Channel 1 max": 65535.0,
          "Cell: Channel 1 min": 0.0,
          "Cytoplasm: Channel 1 mean": 60.49473684210526,
          "Cytoplasm: Channel 1 std dev": 261.1785837919697,
          "Cytoplasm: Channel 1 max": 2475.0,
          "Cytoplasm: Channel 1 min": 0.0
        }
      }
    },
    {
      "type": "Feature",
      "id": "1052f55b-fde9-47eb-81bf-9bf4490de4b1",
      "geometry": {
        "type": "Polygon",
        "coordinates": [
          [
            [165.4, 77.21],
            [165.55, 83.09],
            [170.01, 87.07],
            [170.63, 88.97],
            [173.55, 91.71],
            [179.52, 91.9],
            [182.69, 89.56],
            [182.92, 83.59],
            [181.44, 79.88],
            [180.97, 75.93],
            [177.67, 72.45],
            [173.72, 72],
            [166.67, 75.66],
            [165.4, 77.21]
          ]
        ]
      },
      "properties": {
        "objectType": "cell",
        "measurements": {
          "Cell: Area": 272.0,
          "Cell: Perimeter": 60.865021782586204,
          "Cell: Circularity": 0.9226632109983726,
          "Cell: Max caliper": 21.25056014718592,
          "Cell: Min caliper": 16.650148947943308,
          "Cell: Eccentricity": 0.6493134552334845,
          "Cell: Channel 1 mean": 5685.97794117647,
          "Cell: Channel 1 std dev": 15195.600059167886,
          "Cell: Channel 1 max": 65535.0,
          "Cell: Channel 1 min": 0.0,
          "Cytoplasm: Channel 1 mean": 102.10096153846153,
          "Cytoplasm: Channel 1 std dev": 335.8190569829047,
          "Cytoplasm: Channel 1 max": 3547.0,
          "Cytoplasm: Channel 1 min": 0.0
        }
      }
    },
    {
      "type": "Feature",
      "id": "a6c08228-9140-40dc-8dfc-7f06eba485e7",
      "geometry": {
        "type": "Polygon",
        "coordinates": [
          [
            [352.07, 79.35],
            [352.85, 81.19],
            [354.71, 81.94],
            [360.71, 82],
            [364.52, 80.9],
            [366.64, 77.59],
            [365.57, 75.9],
            [359.06, 72.04],
            [355.14, 72.53],
            [352.33, 75.37],
            [352.07, 79.35]
          ]
        ]
      },
      "properties": {
        "objectType": "cell",
        "measurements": {
          "Cell: Area": 113.0,
          "Cell: Perimeter": 39.58886254793138,
          "Cell: Circularity": 0.9060293356630662,
          "Cell: Max caliper": 14.67772032844491,
          "Cell: Min caliper": 10.0,
          "Cell: Eccentricity": 0.7312907843214027,
          "Cell: Channel 1 mean": 5072.948717948718,
          "Cell: Channel 1 std dev": 11324.05952618229,
          "Cell: Channel 1 max": 45191.0,
          "Cell: Channel 1 min": 0.0,
          "Cytoplasm: Channel 1 mean": 236.53846153846155,
          "Cytoplasm: Channel 1 std dev": 1067.464996123394,
          "Cytoplasm: Channel 1 max": 9183.0,
          "Cytoplasm: Channel 1 min": 0.0
        }
      }
    },
    {
      "type": "Feature",
      "id": "ccea6b88-eedc-47dd-ae6d-25437bdb607e",
      "geometry": {
        "type": "Polygon",
        "coordinates": [
          [
            [267.27, 82.27],
            [271.98, 85.99],
            [275.77, 87],
            [280.67, 83.66],
            [280.94, 77.69],
            [280.18, 75.84],
            [278.33, 75.07],
            [272.33, 75],
            [270.68, 74.16],
            [267.34, 76.32],
            [267.27, 82.27]
          ]
        ]
      },
      "properties": {
        "objectType": "cell",
        "measurements": {
          "Cell: Area": 142.0,
          "Cell: Perimeter": 43.85495841781548,
          "Cell: Circularity": 0.9278137433971071,
          "Cell: Max caliper": 15.211483084936198,
          "Cell: Min caliper": 12.272805694743568,
          "Cell: Eccentricity": 0.5925017234996137,
          "Cell: Channel 1 mean": 5636.972602739726,
          "Cell: Channel 1 std dev": 12457.011502983014,
          "Cell: Channel 1 max": 55031.0,
          "Cell: Channel 1 min": 0.0,
          "Cytoplasm: Channel 1 mean": 242.2991452991453,
          "Cytoplasm: Channel 1 std dev": 786.4661058193873,
          "Cytoplasm: Channel 1 max": 4985.0,
          "Cytoplasm: Channel 1 min": 0.0
        }
      }
    },
    {
      "type": "Feature",
      "id": "a3ff0152-10f1-438f-8792-eddf957d2804",
      "geometry": {
        "type": "Polygon",
        "coordinates": [
          [
            [6.03, 78.14],
            [6.69, 80.03],
            [12.66, 85.33],
            [17.96, 91.3],
            [19.85, 91.97],
            [23.79, 91.54],
            [26.62, 88.71],
            [26.95, 84.75],
            [26.22, 82.89],
            [19.16, 75.82],
            [15.75, 74],
            [9.75, 74.05],
            [6.47, 76.19],
            [6.03, 78.14]
          ]
        ]
      },
      "properties": {
        "objectType": "cell",
        "measurements": {
          "Cell: Area": 234.0,
          "Cell: Perimeter": 59.87237683998642,
          "Cell: Circularity": 0.8203000213023719,
          "Cell: Max caliper": 23.720017477607154,
          "Cell: Min caliper": 11.785109872811105,
          "Cell: Eccentricity": 0.8632306587255697,
          "Cell: Channel 1 mean": 11042.533613445377,
          "Cell: Channel 1 std dev": 19956.917655937494,
          "Cell: Channel 1 max": 65535.0,
          "Cell: Channel 1 min": 0.0,
          "Cytoplasm: Channel 1 mean": 987.2685714285715,
          "Cytoplasm: Channel 1 std dev": 2914.2412572770572,
          "Cytoplasm: Channel 1 max": 16123.0,
          "Cytoplasm: Channel 1 min": 0.0
        }
      }
    },
    {
      "type": "Feature",
      "id": "6ad35be4-0063-43b5-aef5-e6acffea6212",
      "geometry": {
        "type": "Polygon",
        "coordinates": [
          [
            [366.6, 80.88],
            [367.45, 84.78],
            [369.15, 85.83],
            [375.07, 85.47],
            [377.74, 82.52],
            [377.32, 78.65],
            [374.01, 75.68],
            [368.28, 77.36],
            [366.6, 80.88]
          ]
        ]
      },
      "properties": {
        "objectType": "cell",
        "measurements": {
          "Cell: Area": 91.0,
          "Cell: Perimeter": 34.45862143707732,
          "Cell: Circularity": 0.9630646864267262,
          "Cell: Max caliper": 11.619430467009831,
          "Cell: Min caliper": 9.947631941248236,
          "Cell: Eccentricity": 0.47281821547529035,
          "Cell: Channel 1 mean": 4879.265957446809,
          "Cell: Channel 1 std dev": 10328.318901791723,
          "Cell: Channel 1 max": 43278.0,
          "Cell: Channel 1 min": 0.0,
          "Cytoplasm: Channel 1 mean": 644.0263157894736,
          "Cytoplasm: Channel 1 std dev": 1522.8089744388753,
          "Cytoplasm: Channel 1 max": 8903.0,
          "Cytoplasm: Channel 1 min": 0.0
        }
      }
    },
    {
      "type": "Feature",
      "id": "6bd0c14a-f2fc-4e09-9e9a-5e20df6221eb",
      "geometry": {
        "type": "Polygon",
        "coordinates": [
          [
            [55.16, 80.69],
            [55.33, 86.65],
            [59.71, 90.74],
            [63.69, 90.86],
            [68.27, 87.07],
            [68.96, 85.19],
            [68.57, 79.24],
            [63.23, 76],
            [59.26, 76.37],
            [55.16, 80.69]
          ]
        ]
      },
      "properties": {
        "objectType": "cell",
        "measurements": {
          "Cell: Area": 169.0,
          "Cell: Perimeter": 46.35502526636615,
          "Cell: Circularity": 0.9883321531340242,
          "Cell: Max caliper": 15.175259450029294,
          "Cell: Min caliper": 14.0,
          "Cell: Eccentricity": 0.31669087410091845,
          "Cell: Channel 1 mean": 3236.9479768786127,
          "Cell: Channel 1 std dev": 11471.571128413694,
          "Cell: Channel 1 max": 65535.0,
          "Cell: Channel 1 min": 0.0,
          "Cytoplasm: Channel 1 mean": 26.739436619718308,
          "Cytoplasm: Channel 1 std dev": 59.65737630166182,
          "Cytoplasm: Channel 1 max": 311.0,
          "Cytoplasm: Channel 1 min": 0.0
        }
      }
    },
    {
      "type": "Feature",
      "id": "b27deb8f-2d2f-4a95-8c33-5b96ed2b48cd",
      "geometry": {
        "type": "Polygon",
        "coordinates": [
          [
            [32.43, 84.38],
            [39.3, 91.63],
            [41.28, 91.86],
            [44.34, 89.31],
            [45, 87.42],
            [44.72, 81.44],
            [42.41, 79.28],
            [38.46, 79.31],
            [35.1, 81.45],
            [32.43, 84.38]
          ]
        ]
      },
      "properties": {
        "objectType": "cell",
        "measurements": {
          "Cell: Area": 114.0,
          "Cell: Perimeter": 39.17188939581632,
          "Cell: Circularity": 0.9336103898762669,
          "Cell: Max caliper": 12.933992679179774,
          "Cell: Min caliper": 11.078003516562346,
          "Cell: Eccentricity": 0.3861072753415212,
          "Cell: Channel 1 mean": 928.6608695652174,
          "Cell: Channel 1 std dev": 3961.7156855906983,
          "Cell: Channel 1 max": 26816.0,
          "Cell: Channel 1 min": 0.0,
          "Cytoplasm: Channel 1 mean": 20.882978723404257,
          "Cytoplasm: Channel 1 std dev": 58.514010156373566,
          "Cytoplasm: Channel 1 max": 394.0,
          "Cytoplasm: Channel 1 min": 0.0
        }
      }
    },
    {
      "type": "Feature",
      "id": "0e14ab2a-ef7e-49c3-9bbe-bd936a6c5eef",
      "geometry": {
        "type": "Polygon",
        "coordinates": [
          [
            [329, 88.53],
            [329.73, 90.39],
            [332.81, 92.91],
            [338.81, 93],
            [340.59, 92.08],
            [343, 88.93],
            [342.97, 82.93],
            [339.73, 79.48],
            [333.79, 79],
            [331.87, 79.57],
            [329.23, 82.55],
            [329, 88.53]
          ]
        ]
      },
      "properties": {
        "objectType": "cell",
        "measurements": {
          "Cell: Area": 172.0,
          "Cell: Perimeter": 46.79516892637656,
          "Cell: Circularity": 0.9870434529195798,
          "Cell: Max caliper": 15.251465253555542,
          "Cell: Min caliper": 14.0,
          "Cell: Eccentricity": 0.0,
          "Cell: Channel 1 mean": 145.7325581395349,
          "Cell: Channel 1 std dev": 605.6474265193883,
          "Cell: Channel 1 max": 4455.0,
          "Cell: Channel 1 min": 0.0,
          "Cytoplasm: Channel 1 mean": 1.4857142857142858,
          "Cytoplasm: Channel 1 std dev": 4.773255399831928,
          "Cytoplasm: Channel 1 max": 32.0,
          "Cytoplasm: Channel 1 min": 0.0
        }
      }
    },
    {
      "type": "Feature",
      "id": "7406f3ad-e07c-4546-9b62-9546a1e8b15d",
      "geometry": {
        "type": "Polygon",
        "coordinates": [
          [
            [0, 83.01],
            [0, 91.01],
            [1.21, 92.6],
            [8.52, 95.76],
            [14.49, 95.7],
            [16.88, 92.58],
            [15.29, 88.95],
            [12.46, 86.13],
            [6.33, 81],
            [4.67, 80],
            [2.68, 80.16],
            [0, 83.01]
          ]
        ]
      },
      "properties": {
        "objectType": "cell",
        "measurements": {
          "Cell: Area": 186.0,
          "Cell: Perimeter": 51.93662935641231,
          "Cell: Circularity": 0.866513406718969,
          "Cell: Max caliper": 19.84299637938015,
          "Cell: Min caliper": 12.231848421183814,
          "Cell: Eccentricity": 0.7952967195564444,
          "Cell: Channel 1 mean": 8776.267379679144,
          "Cell: Channel 1 std dev": 17474.384935509475,
          "Cell: Channel 1 max": 65535.0,
          "Cell: Channel 1 min": 0.0,
          "Cytoplasm: Channel 1 mean": 704.0935251798561,
          "Cytoplasm: Channel 1 std dev": 1807.605441798249,
          "Cytoplasm: Channel 1 max": 11929.0,
          "Cytoplasm: Channel 1 min": 0.0
        }
      }
    },
    {
      "type": "Feature",
      "id": "b5b066d5-5cce-48a7-abb1-4779efa7d12f",
      "geometry": {
        "type": "Polygon",
        "coordinates": [
          [
            [300.19, 101.07],
            [301, 104.99],
            [303.06, 108.4],
            [304.97, 108.99],
            [308.97, 109],
            [310.59, 107.82],
            [311.53, 103.94],
            [313.91, 98.45],
            [313.69, 92.47],
            [312.45, 90.91],
            [312.55, 88.91],
            [313.67, 87.25],
            [312.79, 85.45],
            [306.31, 82.36],
            [303.48, 85.19],
            [300.25, 87.5],
            [301.67, 97.36],
            [300.19, 101.07]
          ]
        ]
      },
      "properties": {
        "objectType": "cell",
        "measurements": {
          "Cell: Area": 292.0,
          "Cell: Perimeter": 69.20913973729496,
          "Cell: Circularity": 0.7660653398424866,
          "Cell: Max caliper": 26.77493006645323,
          "Cell: Min caliper": 13.791742580472167,
          "Cell: Eccentricity": 0.8667758796255814,
          "Cell: Channel 1 mean": 8848.982876712329,
          "Cell: Channel 1 std dev": 15794.088524268209,
          "Cell: Channel 1 max": 65535.0,
          "Cell: Channel 1 min": 0.0,
          "Cytoplasm: Channel 1 mean": 950.2772277227723,
          "Cytoplasm: Channel 1 std dev": 2480.0423227764527,
          "Cytoplasm: Channel 1 max": 12831.0,
          "Cytoplasm: Channel 1 min": 0.0
        }
      }
    },
    {
      "type": "Feature",
      "id": "f13b3f28-3acd-4d70-9eae-59cf2dd511e8",
      "geometry": {
        "type": "Polygon",
        "coordinates": [
          [
            [354.08, 87.39],
            [354.89, 89.22],
            [357.71, 92.05],
            [359.52, 92.9],
            [363.5, 92.7],
            [367.71, 88.44],
            [367.72, 86.44],
            [366.28, 84.95],
            [365.98, 82.98],
            [364.14, 82.17],
            [362.27, 82.87],
            [354.32, 83.42],
            [354.08, 87.39]
          ]
        ]
      },
      "properties": {
        "objectType": "cell",
        "measurements": {
          "Cell: Area": 115.0,
          "Cell: Perimeter": 40.06871945818382,
          "Cell: Circularity": 0.9001124691860546,
          "Cell: Max caliper": 14.306579337186108,
          "Cell: Min caliper": 10.494285382250379,
          "Cell: Eccentricity": 0.6611228078099144,
          "Cell: Channel 1 mean": 5610.3983050847455,
          "Cell: Channel 1 std dev": 11463.540695807795,
          "Cell: Channel 1 max": 52734.0,
          "Cell: Channel 1 min": 0.0,
          "Cytoplasm: Channel 1 mean": 279.35632183908046,
          "Cytoplasm: Channel 1 std dev": 1013.3005130255985,
          "Cytoplasm: Channel 1 max": 6712.0,
          "Cytoplasm: Channel 1 min": 0.0
        }
      }
    },
    {
      "type": "Feature",
      "id": "c0a9d897-e800-4c7d-a72c-c7aa0126b7c4",
      "geometry": {
        "type": "Polygon",
        "coordinates": [
          [
            [243, 87.2],
            [243.1, 93.2],
            [245.62, 96.28],
            [249.28, 97.86],
            [253.19, 97.41],
            [257.42, 93.16],
            [258, 91.24],
            [257.64, 87.28],
            [253.33, 83.16],
            [248.67, 82],
            [246.76, 82.62],
            [243, 87.2]
          ]
        ]
      },
      "properties": {
        "objectType": "cell",
        "measurements": {
          "Cell: Area": 187.0,
          "Cell: Perimeter": 48.920306543279594,
          "Cell: Circularity": 0.9819132740034393,
          "Cell: Max caliper": 16.21169929279986,
          "Cell: Min caliper": 15.0,
          "Cell: Eccentricity": 0.26193935775402033,
          "Cell: Channel 1 mean": 3434.871657754011,
          "Cell: Channel 1 std dev": 8255.011017401383,
          "Cell: Channel 1 max": 46034.0,
          "Cell: Channel 1 min": 0.0,
          "Cytoplasm: Channel 1 mean": 298.22,
          "Cytoplasm: Channel 1 std dev": 745.3420985645569,
          "Cytoplasm: Channel 1 max": 4819.0,
          "Cytoplasm: Channel 1 min": 0.0
        }
      }
    },
    {
      "type": "Feature",
      "id": "c4df115b-f9ee-48c9-b9dd-409b8acced5c",
      "geometry": {
        "type": "Polygon",
        "coordinates": [
          [
            [365.05, 92.91],
            [367.41, 96.08],
            [372.24, 99.58],
            [378.12, 98.44],
            [383.44, 95.9],
            [386.27, 93.07],
            [386.96, 91.19],
            [386.61, 87.23],
            [383.09, 83.06],
            [379.09, 83],
            [374.43, 86.71],
            [370.46, 87.11],
            [365.05, 92.91]
          ]
        ]
      },
      "properties": {
        "objectType": "cell",
        "measurements": {
          "Cell: Area": 239.0,
          "Cell: Perimeter": 59.55580151062788,
          "Cell: Circularity": 0.8467586022173207,
          "Cell: Max caliper": 22.30364706962501,
          "Cell: Min caliper": 13.632607170242522,
          "Cell: Eccentricity": 0.7933420757614627,
          "Cell: Channel 1 mean": 10184.24279835391,
          "Cell: Channel 1 std dev": 18173.720872227343,
          "Cell: Channel 1 max": 65535.0,
          "Cell: Channel 1 min": 0.0,
          "Cytoplasm: Channel 1 mean": 1487.0988372093022,
          "Cytoplasm: Channel 1 std dev": 2574.7002951910968,
          "Cytoplasm: Channel 1 max": 12686.0,
          "Cytoplasm: Channel 1 min": 0.0
        }
      }
    },
    {
      "type": "Feature",
      "id": "1c944811-35bc-4328-8c96-516aa07f3625",
      "geometry": {
        "type": "Polygon",
        "coordinates": [
          [
            [26.02, 96.09],
            [26.66, 97.99],
            [31.2, 101.84],
            [35.18, 101.76],
            [38.19, 99.14],
            [39, 93.29],
            [38.15, 91.48],
            [32.27, 85.94],
            [30.37, 85.32],
            [26.43, 92.14],
            [26.02, 96.09]
          ]
        ]
      },
      "properties": {
        "objectType": "cell",
        "measurements": {
          "Cell: Area": 157.0,
          "Cell: Perimeter": 46.09131039271763,
          "Cell: Circularity": 0.9286913608244521,
          "Cell: Max caliper": 17.137450744362496,
          "Cell: Min caliper": 12.727920391014049,
          "Cell: Eccentricity": 0.6139509470924747,
          "Cell: Channel 1 mean": 591.38125,
          "Cell: Channel 1 std dev": 2056.6790807405177,
          "Cell: Channel 1 max": 15658.0,
          "Cell: Channel 1 min": 0.0,
          "Cytoplasm: Channel 1 mean": 77.25,
          "Cytoplasm: Channel 1 std dev": 698.0599098897426,
          "Cytoplasm: Channel 1 max": 7896.0,
          "Cytoplasm: Channel 1 min": 0.0
        }
      }
    },
    {
      "type": "Feature",
      "id": "55c0c689-49f2-4b3c-9b87-1514b61fb496",
      "geometry": {
        "type": "Polygon",
        "coordinates": [
          [
            [117.21, 93.03],
            [118.95, 96.62],
            [122.37, 98.67],
            [126.34, 98.93],
            [128.18, 98.15],
            [131.89, 93.53],
            [131.32, 87.65],
            [127.97, 84.64],
            [126.02, 84.2],
            [118.79, 87.61],
            [117.45, 89.09],
            [117.21, 93.03]
          ]
        ]
      },
      "properties": {
        "objectType": "cell",
        "measurements": {
          "Cell: Area": 169.0,
          "Cell: Perimeter": 46.50997291591368,
          "Cell: Circularity": 0.9817578791655809,
          "Cell: Max caliper": 15.275306008290306,
          "Cell: Min caliper": 13.63336814721501,
          "Cell: Eccentricity": 0.41527747807862025,
          "Cell: Channel 1 mean": 3862.1337209302324,
          "Cell: Channel 1 std dev": 13161.904285942308,
          "Cell: Channel 1 max": 65535.0,
          "Cell: Channel 1 min": 0.0,
          "Cytoplasm: Channel 1 mean": 38.47142857142857,
          "Cytoplasm: Channel 1 std dev": 102.86804027575677,
          "Cytoplasm: Channel 1 max": 633.0,
          "Cytoplasm: Channel 1 min": 0.0
        }
      }
    },
    {
      "type": "Feature",
      "id": "b18147b6-d059-49a3-bb26-52cad6382435",
      "geometry": {
        "type": "Polygon",
        "coordinates": [
          [
            [262, 88.61],
            [262.29, 94.59],
            [263.67, 98.34],
            [268.32, 102],
            [272.3, 101.7],
            [273.96, 98.07],
            [275, 92.2],
            [274.32, 88.32],
            [267.68, 84],
            [265.69, 84.15],
            [262.64, 86.72],
            [262, 88.61]
          ]
        ]
      },
      "properties": {
        "objectType": "cell",
        "measurements": {
          "Cell: Area": 181.0,
          "Cell: Perimeter": 49.928537592418195,
          "Cell: Circularity": 0.9124114935320957,
          "Cell: Max caliper": 18.75025672264977,
          "Cell: Min caliper": 13.0,
          "Cell: Eccentricity": 0.7143233089297014,
          "Cell: Channel 1 mean": 4502.896174863388,
          "Cell: Channel 1 std dev": 10483.20125930087,
          "Cell: Channel 1 max": 58000.0,
          "Cell: Channel 1 min": 0.0,
          "Cytoplasm: Channel 1 mean": 473.4195804195804,
          "Cytoplasm: Channel 1 std dev": 1231.7329222386577,
          "Cytoplasm: Channel 1 max": 6677.0,
          "Cytoplasm: Channel 1 min": 0.0
        }
      }
    },
    {
      "type": "Feature",
      "id": "68ef54d0-6899-4ae7-9838-3841d37c8fb3",
      "geometry": {
        "type": "Polygon",
        "coordinates": [
          [
            [195.15, 94.75],
            [198.98, 99.31],
            [200.87, 99.97],
            [202.82, 99.52],
            [208.47, 93.86],
            [208.97, 89.93],
            [205.85, 86.57],
            [201.94, 86.21],
            [198.36, 87.97],
            [195.58, 90.84],
            [195.15, 94.75]
          ]
        ]
      },
      "properties": {
        "objectType": "cell",
        "measurements": {
          "Cell: Area": 141.0,
          "Cell: Perimeter": 42.65172790159425,
          "Cell: Circularity": 0.9739927334168961,
          "Cell: Max caliper": 14.632502171840978,
          "Cell: Min caliper": 11.31370849898476,
          "Cell: Eccentricity": 0.5808657691994796,
          "Cell: Channel 1 mean": 189.3916083916084,
          "Cell: Channel 1 std dev": 728.4658878686356,
          "Cell: Channel 1 max": 4852.0,
          "Cell: Channel 1 min": 0.0,
          "Cytoplasm: Channel 1 mean": 38.888888888888886,
          "Cytoplasm: Channel 1 std dev": 225.26529150216544,
          "Cytoplasm: Channel 1 max": 1775.0,
          "Cytoplasm: Channel 1 min": 0.0
        }
      }
    },
    {
      "type": "Feature",
      "id": "f3a8c8ec-e46b-47bb-acd7-6ce662e65429",
      "geometry": {
        "type": "Polygon",
        "coordinates": [
          [
            [274.11, 100.43],
            [274.68, 102.35],
            [276.23, 103.62],
            [279.96, 104.99],
            [281.96, 105],
            [285.48, 103.1],
            [289.35, 102.31],
            [291.93, 99.33],
            [289.44, 93.88],
            [288.97, 89.93],
            [287.9, 88.24],
            [285.26, 86.17],
            [281.27, 86],
            [277.51, 87.24],
            [276.15, 88.71],
            [276, 92.7],
            [274.11, 100.43]
          ]
        ]
      },
      "properties": {
        "objectType": "cell",
        "measurements": {
          "Cell: Area": 252.0,
          "Cell: Perimeter": 59.35223971083966,
          "Cell: Circularity": 0.8989513327240408,
          "Cell: Max caliper": 19.713650404107252,
          "Cell: Min caliper": 17.35873014705754,
          "Cell: Eccentricity": 0.529526600343759,
          "Cell: Channel 1 mean": 10243.063492063493,
          "Cell: Channel 1 std dev": 16332.047957619292,
          "Cell: Channel 1 max": 64754.0,
          "Cell: Channel 1 min": 0.0,
          "Cytoplasm: Channel 1 mean": 1770.44375,
          "Cytoplasm: Channel 1 std dev": 3977.051323470749,
          "Cytoplasm: Channel 1 max": 22786.0,
          "Cytoplasm: Channel 1 min": 0.0
        }
      }
    },
    {
      "type": "Feature",
      "id": "d8df7c4e-b12e-4b63-9b92-da053440aa32",
      "geometry": {
        "type": "Polygon",
        "coordinates": [
          [
            [290.2, 93.02],
            [293.28, 100.38],
            [295.18, 101],
            [299.06, 100.28],
            [300.88, 96.75],
            [299, 87.07],
            [297.31, 86],
            [293.34, 86.33],
            [290.46, 89.08],
            [290.2, 93.02]
          ]
        ]
      },
      "properties": {
        "objectType": "cell",
        "measurements": {
          "Cell: Area": 124.0,
          "Cell: Perimeter": 41.95834773791844,
          "Cell: Circularity": 0.8851049983744917,
          "Cell: Max caliper": 15.15098262093516,
          "Cell: Min caliper": 10.003871087284548,
          "Cell: Eccentricity": 0.7653381809658675,
          "Cell: Channel 1 mean": 5958.204724409449,
          "Cell: Channel 1 std dev": 9958.0567854317,
          "Cell: Channel 1 max": 36269.0,
          "Cell: Channel 1 min": 0.0,
          "Cytoplasm: Channel 1 mean": 837.1354166666666,
          "Cytoplasm: Channel 1 std dev": 2226.5375083762096,
          "Cytoplasm: Channel 1 max": 10587.0,
          "Cytoplasm: Channel 1 min": 0.0
        }
      }
    },
    {
      "type": "Feature",
      "id": "21254aad-f8c6-4c04-9ead-4d27220872f0",
      "geometry": {
        "type": "Polygon",
        "coordinates": [
          [
            [47, 94.03],
            [47.49, 97.97],
            [49.64, 101.31],
            [53.32, 102.86],
            [57.3, 102.74],
            [60.27, 100.07],
            [60.96, 98.19],
            [60.61, 94.23],
            [57.22, 90.15],
            [51.22, 90],
            [49.44, 90.9],
            [47, 94.03]
          ]
        ]
      },
      "properties": {
        "objectType": "cell",
        "measurements": {
          "Cell: Area": 150.0,
          "Cell: Perimeter": 43.4040261413686,
          "Cell: Circularity": 1.0,
          "Cell: Max caliper": 14.575342575883603,
          "Cell: Min caliper": 12.963704758244091,
          "Cell: Eccentricity": 0.38895976015494027,
          "Cell: Channel 1 mean": 50.59602649006622,
          "Cell: Channel 1 std dev": 277.3398920412266,
          "Cell: Channel 1 max": 2745.0,
          "Cell: Channel 1 min": 0.0,
          "Cytoplasm: Channel 1 mean": 0.8153846153846154,
          "Cytoplasm: Channel 1 std dev": 3.6679728794966198,
          "Cytoplasm: Channel 1 max": 31.0,
          "Cytoplasm: Channel 1 min": 0.0
        }
      }
    },
    {
      "type": "Feature",
      "id": "a4350b7c-1ba5-4845-9eeb-8ddcf13b4bb8",
      "geometry": {
        "type": "Polygon",
        "coordinates": [
          [
            [70.27, 96.67],
            [70.32, 104.63],
            [73.05, 107.53],
            [78.94, 107.53],
            [83.85, 101.3],
            [84.74, 99.52],
            [85, 95.53],
            [84.32, 93.65],
            [80.94, 90.63],
            [79.05, 90],
            [75.1, 90.45],
            [72.17, 93.17],
            [70.27, 96.67]
          ]
        ]
      },
      "properties": {
        "objectType": "cell",
        "measurements": {
          "Cell: Area": 212.0,
          "Cell: Perimeter": 52.53786516090522,
          "Cell: Circularity": 0.9651634826345481,
          "Cell: Max caliper": 18.648894581796608,
          "Cell: Min caliper": 14.22893703914102,
          "Cell: Eccentricity": 0.6501999255870472,
          "Cell: Channel 1 mean": 148.46226415094338,
          "Cell: Channel 1 std dev": 583.5205893454917,
          "Cell: Channel 1 max": 4658.0,
          "Cell: Channel 1 min": 0.0,
          "Cytoplasm: Channel 1 mean": 2.0892857142857144,
          "Cytoplasm: Channel 1 std dev": 10.052455449520039,
          "Cytoplasm: Channel 1 max": 119.0,
          "Cytoplasm: Channel 1 min": 0.0
        }
      }
    },
    {
      "type": "Feature",
      "id": "86d2fc87-85fb-4877-a79d-71e9770d53e6",
      "geometry": {
        "type": "Polygon",
        "coordinates": [
          [
            [200, 106.66],
            [200.82, 108.49],
            [203.93, 110.96],
            [207.93, 111],
            [211.48, 106.18],
            [218.52, 102.48],
            [219, 98.53],
            [218.32, 96.65],
            [214.41, 93.27],
            [210.45, 93.31],
            [203.34, 100.33],
            [200.16, 102.67],
            [200, 106.66]
          ]
        ]
      },
      "properties": {
        "objectType": "cell",
        "measurements": {
          "Cell: Area": 211.0,
          "Cell: Perimeter": 57.17284157826508,
          "Cell: Circularity": 0.8111716494518995,
          "Cell: Max caliper": 21.124614186831206,
          "Cell: Min caliper": 12.200407703546349,
          "Cell: Eccentricity": 0.8419663628702339,
          "Cell: Channel 1 mean": 6968.7464788732395,
          "Cell: Channel 1 std dev": 13814.95949404907,
          "Cell: Channel 1 max": 52695.0,
          "Cell: Channel 1 min": 0.0,
          "Cytoplasm: Channel 1 mean": 405.05555555555554,
          "Cytoplasm: Channel 1 std dev": 1355.3760095741673,
          "Cytoplasm: Channel 1 max": 8615.0,
          "Cytoplasm: Channel 1 min": 0.0
        }
      }
    },
    {
      "type": "Feature",
      "id": "979a269d-c22e-43ce-ad62-48ffaa1a1b1a",
      "geometry": {
        "type": "Polygon",
        "coordinates": [
          [
            [358, 98.27],
            [358.13, 102.27],
            [360.28, 105.62],
            [361.91, 106.78],
            [363.89, 106.55],
            [369.26, 103.87],
            [370.7, 102.48],
            [370.9, 100.49],
            [370.03, 98.69],
            [363.98, 94],
            [361.98, 94.01],
            [358.86, 96.47],
            [358, 98.27]
          ]
        ]
      },
      "properties": {
        "objectType": "cell",
        "measurements": {
          "Cell: Area": 119.0,
          "Cell: Perimeter": 39.68101205079607,
          "Cell: Circularity": 0.9497107307270147,
          "Cell: Max caliper": 13.382661654451532,
          "Cell: Min caliper": 11.466050552358432,
          "Cell: Eccentricity": 0.41121294010505616,
          "Cell: Channel 1 mean": 2235.7355371900826,
          "Cell: Channel 1 std dev": 7337.422623974301,
          "Cell: Channel 1 max": 46580.0,
          "Cell: Channel 1 min": 0.0,
          "Cytoplasm: Channel 1 mean": 294.4343434343434,
          "Cytoplasm: Channel 1 std dev": 799.9998107348777,
          "Cytoplasm: Channel 1 max": 4220.0,
          "Cytoplasm: Channel 1 min": 0.0
        }
      }
    },
    {
      "type": "Feature",
      "id": "d4dd531c-8ee7-415c-9ba3-69a6aa9f2e90",
      "geometry": {
        "type": "Polygon",
        "coordinates": [
          [
            [372.28, 103.38],
            [375.28, 108.56],
            [376.87, 109.77],
            [380.85, 110],
            [384.34, 108.31],
            [385, 106.42],
            [384.72, 100.44],
            [381.78, 98],
            [379.78, 98.11],
            [378.12, 99.22],
            [374.3, 100.35],
            [372.6, 101.4],
            [372.28, 103.38]
          ]
        ]
      },
      "properties": {
        "objectType": "cell",
        "measurements": {
          "Cell: Area": 120.0,
          "Cell: Perimeter": 39.84892562010638,
          "Cell: Circularity": 0.9496375449744949,
          "Cell: Max caliper": 13.62869655026045,
          "Cell: Min caliper": 11.777506144185143,
          "Cell: Eccentricity": 0.3639788084427762,
          "Cell: Channel 1 mean": 4644.884297520661,
          "Cell: Channel 1 std dev": 10860.948196167532,
          "Cell: Channel 1 max": 50403.0,
          "Cell: Channel 1 min": 0.0,
          "Cytoplasm: Channel 1 mean": 200.5157894736842,
          "Cytoplasm: Channel 1 std dev": 819.1079847648215,
          "Cytoplasm: Channel 1 max": 7286.0,
          "Cytoplasm: Channel 1 min": 0.0
        }
      }
    },
    {
      "type": "Feature",
      "id": "76e8ce35-8718-45d0-a00e-22f4e77540ca",
      "geometry": {
        "type": "Polygon",
        "coordinates": [
          [
            [328.06, 108.11],
            [332.06, 112.53],
            [335.99, 112.8],
            [339.59, 111.08],
            [342, 107.93],
            [341.97, 101.93],
            [338.87, 98.58],
            [332.96, 98.21],
            [328.49, 102.18],
            [328.06, 108.11]
          ]
        ]
      },
      "properties": {
        "objectType": "cell",
        "measurements": {
          "Cell: Area": 172.0,
          "Cell: Perimeter": 46.63003376940459,
          "Cell: Circularity": 0.9940468444175153,
          "Cell: Max caliper": 15.524074529855485,
          "Cell: Min caliper": 14.0,
          "Cell: Eccentricity": 0.36934590520418586,
          "Cell: Channel 1 mean": 2252.7456647398844,
          "Cell: Channel 1 std dev": 8434.968758578378,
          "Cell: Channel 1 max": 56929.0,
          "Cell: Channel 1 min": 0.0,
          "Cytoplasm: Channel 1 mean": 20.140845070422536,
          "Cytoplasm: Channel 1 std dev": 53.94291592048206,
          "Cytoplasm: Channel 1 max": 312.0,
          "Cytoplasm: Channel 1 min": 0.0
        }
      }
    },
    {
      "type": "Feature",
      "id": "546413e2-c61b-4336-b3cd-efbdb0691cdc",
      "geometry": {
        "type": "Polygon",
        "coordinates": [
          [
            [280, 109.57],
            [280.28, 113.55],
            [286.03, 119],
            [289.94, 118.4],
            [292.7, 115.5],
            [293.24, 111.57],
            [292, 107.89],
            [292.95, 105.72],
            [292.74, 101.74],
            [287.25, 103.95],
            [285.25, 104],
            [281.85, 106.08],
            [280, 109.57]
          ]
        ]
      },
      "properties": {
        "objectType": "cell",
        "measurements": {
          "Cell: Area": 168.0,
          "Cell: Perimeter": 50.39497576971813,
          "Cell: Circularity": 0.8312748941371115,
          "Cell: Max caliper": 18.519729585159844,
          "Cell: Min caliper": 13.232525813160315,
          "Cell: Eccentricity": 0.6185560916212312,
          "Cell: Channel 1 mean": 8622.479289940828,
          "Cell: Channel 1 std dev": 15682.247619707403,
          "Cell: Channel 1 max": 58417.0,
          "Cell: Channel 1 min": 0.0,
          "Cytoplasm: Channel 1 mean": 668.2352941176471,
          "Cytoplasm: Channel 1 std dev": 1789.4610954038953,
          "Cytoplasm: Channel 1 max": 10345.0,
          "Cytoplasm: Channel 1 min": 0.0
        }
      }
    },
    {
      "type": "Feature",
      "id": "5fc9eeec-030d-4363-afcf-92954f012b9d",
      "geometry": {
        "type": "Polygon",
        "coordinates": [
          [
            [293, 107.2],
            [293.58, 110.91],
            [295.45, 111.28],
            [300.31, 108.36],
            [300.76, 106.52],
            [299, 102.67],
            [295.32, 102.14],
            [294.09, 103.57],
            [293, 107.2]
          ]
        ]
      },
      "properties": {
        "objectType": "cell",
        "measurements": {
          "Cell: Area": 55.0,
          "Cell: Perimeter": 27.07222515086603,
          "Cell: Circularity": 0.9430281284932254,
          "Cell: Max caliper": 9.868662597902329,
          "Cell: Min caliper": 7.331543199640689,
          "Cell: Eccentricity": 0.6584549885898975,
          "Cell: Channel 1 mean": 11835.40350877193,
          "Cell: Channel 1 std dev": 19163.61985532152,
          "Cell: Channel 1 max": 64468.0,
          "Cell: Channel 1 min": 0.0,
          "Cytoplasm: Channel 1 mean": 797.7692307692307,
          "Cytoplasm: Channel 1 std dev": 2044.3674154991454,
          "Cytoplasm: Channel 1 max": 9957.0,
          "Cytoplasm: Channel 1 min": 0.0
        }
      }
    },
    {
      "type": "Feature",
      "id": "1fce679e-2a12-4b77-868d-46b4f272672a",
      "geometry": {
        "type": "Polygon",
        "coordinates": [
          [
            [343.06, 105.88],
            [343.49, 111.82],
            [347.96, 115.79],
            [351.94, 115.81],
            [355.55, 114.12],
            [356.74, 112.52],
            [357, 106.53],
            [356.32, 104.65],
            [352.91, 101.61],
            [351.01, 101],
            [347.06, 101.47],
            [343.06, 105.88]
          ]
        ]
      },
      "properties": {
        "objectType": "cell",
        "measurements": {
          "Cell: Area": 172.0,
          "Cell: Perimeter": 46.57608248232929,
          "Cell: Circularity": 0.9963510814833476,
          "Cell: Max caliper": 15.232627591281265,
          "Cell: Min caliper": 14.0,
          "Cell: Eccentricity": 0.34166993530882145,
          "Cell: Channel 1 mean": 389.04624277456645,
          "Cell: Channel 1 std dev": 1731.343129692348,
          "Cell: Channel 1 max": 12559.0,
          "Cell: Channel 1 min": 0.0,
          "Cytoplasm: Channel 1 mean": 4.78169014084507,
          "Cytoplasm: Channel 1 std dev": 16.38547886668377,
          "Cytoplasm: Channel 1 max": 95.0,
          "Cytoplasm: Channel 1 min": 0.0
        }
      }
    },
    {
      "type": "Feature",
      "id": "291b6a25-12d0-4fab-989b-c26dddf3eaeb",
      "geometry": {
        "type": "Polygon",
        "coordinates": [
          [
            [209.08, 112.42],
            [209.91, 114.24],
            [212.97, 116.79],
            [218.91, 116.55],
            [222.56, 111.88],
            [222.97, 107.93],
            [218.95, 104],
            [216.95, 104.02],
            [213.37, 105.81],
            [209.73, 110.53],
            [209.08, 112.42]
          ]
        ]
      },
      "properties": {
        "objectType": "cell",
        "measurements": {
          "Cell: Area": 134.0,
          "Cell: Perimeter": 41.704970768331606,
          "Cell: Circularity": 0.9681419086201503,
          "Cell: Max caliper": 14.589891421924467,
          "Cell: Min caliper": 11.67937136735583,
          "Cell: Eccentricity": 0.591678733395296,
          "Cell: Channel 1 mean": 5924.021897810219,
          "Cell: Channel 1 std dev": 13882.501100871323,
          "Cell: Channel 1 max": 59531.0,
          "Cell: Channel 1 min": 0.0,
          "Cytoplasm: Channel 1 mean": 365.1454545454545,
          "Cytoplasm: Channel 1 std dev": 1275.9993085929198,
          "Cytoplasm: Channel 1 max": 7488.0,
          "Cytoplasm: Channel 1 min": 0.0
        }
      }
    },
    {
      "type": "Feature",
      "id": "9a904ecf-0185-4fed-83c2-e2f8a6d9dda7",
      "geometry": {
        "type": "Polygon",
        "coordinates": [
          [
            [362.15, 109.25],
            [362.6, 111.2],
            [365.02, 114.35],
            [366.91, 114.98],
            [372.85, 114.49],
            [374.96, 111.2],
            [373.72, 107.44],
            [370.7, 104.33],
            [363.48, 107.76],
            [362.15, 109.25]
          ]
        ]
      },
      "properties": {
        "objectType": "cell",
        "measurements": {
          "Cell: Area": 100.0,
          "Cell: Perimeter": 36.33244261220373,
          "Cell: Circularity": 0.9519643208014977,
          "Cell: Max caliper": 12.957805187403206,
          "Cell: Min caliper": 10.205745073819383,
          "Cell: Eccentricity": 0.575762942406412,
          "Cell: Channel 1 mean": 474.2330097087379,
          "Cell: Channel 1 std dev": 1112.5712332681242,
          "Cell: Channel 1 max": 4905.0,
          "Cell: Channel 1 min": 0.0,
          "Cytoplasm: Channel 1 mean": 84.50574712643679,
          "Cytoplasm: Channel 1 std dev": 271.91379762468745,
          "Cytoplasm: Channel 1 max": 1735.0,
          "Cytoplasm: Channel 1 min": 0.0
        }
      }
    },
    {
      "type": "Feature",
      "id": "e4e43997-e8d6-4d39-b1df-d92fbbff4db9",
      "geometry": {
        "type": "Polygon",
        "coordinates": [
          [
            [81, 109.86],
            [81.17, 113.85],
            [85.26, 118.13],
            [89.06, 118.99],
            [92.79, 117.6],
            [95.61, 114.79],
            [95.77, 108.84],
            [93.16, 105.82],
            [90.23, 104.15],
            [86.27, 104.36],
            [82.88, 106.45],
            [81, 109.86]
          ]
        ]
      },
      "properties": {
        "objectType": "cell",
        "measurements": {
          "Cell: Area": 179.0,
          "Cell: Perimeter": 47.38789104987741,
          "Cell: Circularity": 1.0,
          "Cell: Max caliper": 15.653341085751693,
          "Cell: Min caliper": 14.602440253053597,
          "Cell: Eccentricity": 0.25070757936363525,
          "Cell: Channel 1 mean": 60.09944751381215,
          "Cell: Channel 1 std dev": 237.6338711587961,
          "Cell: Channel 1 max": 1696.0,
          "Cell: Channel 1 min": 0.0,
          "Cytoplasm: Channel 1 mean": 1.0337837837837838,
          "Cytoplasm: Channel 1 std dev": 3.575075358209684,
          "Cytoplasm: Channel 1 max": 20.0,
          "Cytoplasm: Channel 1 min": 0.0
        }
      }
    },
    {
      "type": "Feature",
      "id": "d29366f3-da22-4efc-8871-8c0825587a34",
      "geometry": {
        "type": "Polygon",
        "coordinates": [
          [
            [142, 113.27],
            [143.97, 116.63],
            [147.39, 118.68],
            [149.37, 118.93],
            [152.62, 116.71],
            [153.12, 110.75],
            [154, 106.89],
            [153.33, 105],
            [151.07, 104],
            [145.12, 104.44],
            [142.35, 107.3],
            [142, 113.27]
          ]
        ]
      },
      "properties": {
        "objectType": "cell",
        "measurements": {
          "Cell: Area": 149.0,
          "Cell: Perimeter": 44.51573040646815,
          "Cell: Circularity": 0.9448636146150573,
          "Cell: Max caliper": 15.131851773434148,
          "Cell: Min caliper": 11.654682482358831,
          "Cell: Eccentricity": 0.6203646651315081,
          "Cell: Channel 1 mean": 4940.513333333333,
          "Cell: Channel 1 std dev": 10919.28398206719,
          "Cell: Channel 1 max": 43313.0,
          "Cell: Channel 1 min": 0.0,
          "Cytoplasm: Channel 1 mean": 236.72268907563026,
          "Cytoplasm: Channel 1 std dev": 899.9008130313043,
          "Cytoplasm: Channel 1 max": 6392.0,
          "Cytoplasm: Channel 1 min": 0.0
        }
      }
    },
    {
      "type": "Feature",
      "id": "aa93b235-f7e5-4b0f-9cd7-5fb6ee1890db",
      "geometry": {
        "type": "Polygon",
        "coordinates": [
          [
            [154, 112.01],
            [154.74, 117.87],
            [158.32, 119.66],
            [164.28, 119.86],
            [167.34, 117.31],
            [168, 115.42],
            [167.72, 111.44],
            [165.02, 108.51],
            [159.71, 106],
            [155.73, 106.27],
            [154, 112.01]
          ]
        ]
      },
      "properties": {
        "objectType": "cell",
        "measurements": {
          "Cell: Area": 160.0,
          "Cell: Perimeter": 45.909797894666454,
          "Cell: Circularity": 0.9539356621662689,
          "Cell: Max caliper": 16.10625724955214,
          "Cell: Min caliper": 12.96919426949878,
          "Cell: Eccentricity": 0.4935789628767008,
          "Cell: Channel 1 mean": 5384.907407407408,
          "Cell: Channel 1 std dev": 13634.701359137434,
          "Cell: Channel 1 max": 65535.0,
          "Cell: Channel 1 min": 0.0,
          "Cytoplasm: Channel 1 mean": 157.46774193548387,
          "Cytoplasm: Channel 1 std dev": 938.0791950505724,
          "Cytoplasm: Channel 1 max": 9981.0,
          "Cytoplasm: Channel 1 min": 0.0
        }
      }
    },
    {
      "type": "Feature",
      "id": "efbafcd9-67cd-43b1-a7d5-fe7dd17db582",
      "geometry": {
        "type": "Polygon",
        "coordinates": [
          [
            [294.33, 114.21],
            [295.57, 115.79],
            [301.16, 117.92],
            [303.58, 114.84],
            [302.3, 108.97],
            [300.34, 109.33],
            [295.24, 112.43],
            [294.33, 114.21]
          ]
        ]
      },
      "properties": {
        "objectType": "cell",
        "measurements": {
          "Cell: Area": 54.0,
          "Cell: Perimeter": 28.040917572252187,
          "Cell: Circularity": 0.8630166653738983,
          "Cell: Max caliper": 9.57986439768824,
          "Cell: Min caliper": 7.76815906242825,
          "Cell: Eccentricity": 0.4814536533872487,
          "Cell: Channel 1 mean": 10975.298245614034,
          "Cell: Channel 1 std dev": 16681.89787396261,
          "Cell: Channel 1 max": 58975.0,
          "Cell: Channel 1 min": 0.0,
          "Cytoplasm: Channel 1 mean": 1838.4444444444443,
          "Cytoplasm: Channel 1 std dev": 3993.9770615583125,
          "Cytoplasm: Channel 1 max": 18327.0,
          "Cytoplasm: Channel 1 min": 0.0
        }
      }
    },
    {
      "type": "Feature",
      "id": "74e01629-2b9d-4558-952e-bc8776392129",
      "geometry": {
        "type": "Polygon",
        "coordinates": [
          [
            [302.46, 118.71],
            [304.23, 122.23],
            [310.67, 126.84],
            [314.66, 127],
            [319.32, 123.35],
            [320, 121.47],
            [319.74, 115.49],
            [317.07, 112.54],
            [313.15, 111.83],
            [309.77, 110],
            [305.77, 110.05],
            [304.16, 111.22],
            [304.39, 115.21],
            [302.46, 118.71]
          ]
        ]
      },
      "properties": {
        "objectType": "cell",
        "measurements": {
          "Cell: Area": 225.0,
          "Cell: Perimeter": 55.85361563964066,
          "Cell: Circularity": 0.9063371839457397,
          "Cell: Max caliper": 19.41506094270938,
          "Cell: Min caliper": 15.586837487000672,
          "Cell: Eccentricity": 0.5695968204719559,
          "Cell: Channel 1 mean": 4127.4646017699115,
          "Cell: Channel 1 std dev": 8423.825490494028,
          "Cell: Channel 1 max": 38979.0,
          "Cell: Channel 1 min": 0.0,
          "Cytoplasm: Channel 1 mean": 440.20118343195264,
          "Cytoplasm: Channel 1 std dev": 1456.982222739709,
          "Cytoplasm: Channel 1 max": 11663.0,
          "Cytoplasm: Channel 1 min": 0.0
        }
      }
    },
    {
      "type": "Feature",
      "id": "a514119f-7251-472d-9ba9-295df01f1818",
      "geometry": {
        "type": "Polygon",
        "coordinates": [
          [
            [43.45, 114.32],
            [45.21, 117.87],
            [48.15, 120.58],
            [50.14, 120.77],
            [55.35, 117.82],
            [55.97, 113.93],
            [54.9, 112.24],
            [51.69, 110],
            [47.69, 110.15],
            [43.45, 114.32]
          ]
        ]
      },
      "properties": {
        "objectType": "cell",
        "measurements": {
          "Cell: Area": 98.0,
          "Cell: Perimeter": 35.927423753410125,
          "Cell: Circularity": 0.9540777920598643,
          "Cell: Max caliper": 12.653707229641403,
          "Cell: Min caliper": 10.4477927119304,
          "Cell: Eccentricity": 0.43570321109766125,
          "Cell: Channel 1 mean": 157.39,
          "Cell: Channel 1 std dev": 753.6204989679131,
          "Cell: Channel 1 max": 5096.0,
          "Cell: Channel 1 min": 0.0,
          "Cytoplasm: Channel 1 mean": 5.909090909090909,
          "Cytoplasm: Channel 1 std dev": 19.74296695007213,
          "Cytoplasm: Channel 1 max": 114.0,
          "Cytoplasm: Channel 1 min": 0.0
        }
      }
    },
    {
      "type": "Feature",
      "id": "9df7b45d-5840-41be-a19f-8a1774091ce5",
      "geometry": {
        "type": "Polygon",
        "coordinates": [
          [
            [12, 121.53],
            [12.73, 123.39],
            [15.81, 125.91],
            [21.81, 126],
            [23.59, 125.08],
            [26, 121.93],
            [25.97, 115.93],
            [24.9, 114.24],
            [21.6, 112],
            [17.6, 112.08],
            [15.77, 112.9],
            [12.09, 117.53],
            [12, 121.53]
          ]
        ]
      },
      "properties": {
        "objectType": "cell",
        "measurements": {
          "Cell: Area": 165.0,
          "Cell: Perimeter": 46.00451917098567,
          "Cell: Circularity": 0.9796993421113106,
          "Cell: Max caliper": 15.235264631296989,
          "Cell: Min caliper": 14.0,
          "Cell: Eccentricity": 0.3118269660325734,
          "Cell: Channel 1 mean": 63.82142857142857,
          "Cell: Channel 1 std dev": 356.4364599156887,
          "Cell: Channel 1 max": 2794.0,
          "Cell: Channel 1 min": 0.0,
          "Cytoplasm: Channel 1 mean": 4.239130434782608,
          "Cytoplasm: Channel 1 std dev": 26.634195227990585,
          "Cytoplasm: Channel 1 max": 268.0,
          "Cytoplasm: Channel 1 min": 0.0
        }
      }
    },
    {
      "type": "Feature",
      "id": "d9418b7a-ea79-4062-91c6-4a3b940312fc",
      "geometry": {
        "type": "Polygon",
        "coordinates": [
          [
            [67.22, 123.43],
            [68.11, 125.22],
            [72.76, 128.88],
            [76.73, 128.64],
            [80.12, 126.55],
            [82, 120.94],
            [80.57, 117.24],
            [79.16, 115.82],
            [74.86, 114],
            [69.31, 116.02],
            [67.31, 119.47],
            [67.22, 123.43]
          ]
        ]
      },
      "properties": {
        "objectType": "cell",
        "measurements": {
          "Cell: Area": 176.0,
          "Cell: Perimeter": 46.72207618480888,
          "Cell: Circularity": 1.0,
          "Cell: Max caliper": 15.086288894230366,
          "Cell: Min caliper": 14.599339494475526,
          "Cell: Eccentricity": 0.14455411744633834,
          "Cell: Channel 1 mean": 141.75706214689265,
          "Cell: Channel 1 std dev": 645.2903000415268,
          "Cell: Channel 1 max": 5493.0,
          "Cell: Channel 1 min": 0.0,
          "Cytoplasm: Channel 1 mean": 1.527027027027027,
          "Cytoplasm: Channel 1 std dev": 5.156656019688246,
          "Cytoplasm: Channel 1 max": 34.0,
          "Cytoplasm: Channel 1 min": 0.0
        }
      }
    },
    {
      "type": "Feature",
      "id": "e0da5e6f-b738-4aea-bcb7-9f5eac0b6ef7",
      "geometry": {
        "type": "Polygon",
        "coordinates": [
          [
            [289.26, 122.3],
            [292.25, 124.85],
            [296.23, 124.75],
            [298.08, 124],
            [302.08, 123.92],
            [303, 122.14],
            [302.59, 120.19],
            [300.99, 118.99],
            [293.65, 116.17],
            [289.35, 120.3],
            [289.26, 122.3]
          ]
        ]
      },
      "properties": {
        "objectType": "cell",
        "measurements": {
          "Cell: Area": 86.0,
          "Cell: Perimeter": 35.87352255914559,
          "Cell: Circularity": 0.8397698294941568,
          "Cell: Max caliper": 13.77334932097012,
          "Cell: Min caliper": 8.616809931558862,
          "Cell: Eccentricity": 0.8250251238845513,
          "Cell: Channel 1 mean": 8189.505617977528,
          "Cell: Channel 1 std dev": 13834.152423460439,
          "Cell: Channel 1 max": 57105.0,
          "Cell: Channel 1 min": 0.0,
          "Cytoplasm: Channel 1 mean": 1486.8615384615384,
          "Cytoplasm: Channel 1 std dev": 2577.331486228313,
          "Cytoplasm: Channel 1 max": 13934.0,
          "Cytoplasm: Channel 1 min": 0.0
        }
      }
    },
    {
      "type": "Feature",
      "id": "815a6834-df03-404b-a1d0-8143b3ce3fd8",
      "geometry": {
        "type": "Polygon",
        "coordinates": [
          [
            [35, 119.49],
            [35.24, 125.48],
            [37.89, 128.45],
            [39.82, 129],
            [45.78, 128.61],
            [46.99, 127.02],
            [48, 123.15],
            [47.6, 121.19],
            [43.33, 117],
            [42.72, 115.53],
            [38.79, 115.1],
            [35.71, 117.62],
            [35, 119.49]
          ]
        ]
      },
      "properties": {
        "objectType": "cell",
        "measurements": {
          "Cell: Area": 145.0,
          "Cell: Perimeter": 43.593956574242824,
          "Cell: Circularity": 0.9587939650264158,
          "Cell: Max caliper": 15.206711458120864,
          "Cell: Min caliper": 12.345294880897542,
          "Cell: Eccentricity": 0.5587403000541934,
          "Cell: Channel 1 mean": 921.4275862068965,
          "Cell: Channel 1 std dev": 3629.124465397243,
          "Cell: Channel 1 max": 24899.0,
          "Cell: Channel 1 min": 0.0,
          "Cytoplasm: Channel 1 mean": 11.991379310344827,
          "Cytoplasm: Channel 1 std dev": 38.23008050569949,
          "Cytoplasm: Channel 1 max": 226.0,
          "Cytoplasm: Channel 1 min": 0.0
        }
      }
    },
    {
      "type": "Feature",
      "id": "d94e37bc-0bb0-433c-896d-d203978fe6cb",
      "geometry": {
        "type": "Polygon",
        "coordinates": [
          [
            [147.33, 124.75],
            [150.27, 136.35],
            [153.3, 138.86],
            [161.2, 138.4],
            [165, 133.83],
            [164.92, 129.84],
            [161, 125.33],
            [159.72, 121.58],
            [153.99, 118.66],
            [151.99, 118.5],
            [148.95, 121.1],
            [147.33, 124.75]
          ]
        ]
      },
      "properties": {
        "objectType": "cell",
        "measurements": {
          "Cell: Area": 260.0,
          "Cell: Perimeter": 60.486454577764256,
          "Cell: Circularity": 0.8930318616518632,
          "Cell: Max caliper": 21.92335708790367,
          "Cell: Min caliper": 15.828535289972404,
          "Cell: Eccentricity": 0.7050366145893664,
          "Cell: Channel 1 mean": 4847.818181818182,
          "Cell: Channel 1 std dev": 10537.138703921279,
          "Cell: Channel 1 max": 60448.0,
          "Cell: Channel 1 min": 0.0,
          "Cytoplasm: Channel 1 mean": 730.1717171717172,
          "Cytoplasm: Channel 1 std dev": 1540.9667414588528,
          "Cytoplasm: Channel 1 max": 8513.0,
          "Cytoplasm: Channel 1 min": 0.0
        }
      }
    },
    {
      "type": "Feature",
      "id": "4ac17bad-a6ee-411e-a3fd-3fe5ebb49c29",
      "geometry": {
        "type": "Polygon",
        "coordinates": [
          [
            [364, 128.76],
            [364.89, 130.55],
            [368.28, 132.64],
            [372.24, 132.88],
            [377.01, 129.32],
            [377.89, 127.53],
            [377.32, 121.65],
            [373.69, 118.46],
            [367.76, 118.25],
            [364.77, 120.89],
            [364.05, 122.76],
            [364, 128.76]
          ]
        ]
      },
      "properties": {
        "objectType": "cell",
        "measurements": {
          "Cell: Area": 174.0,
          "Cell: Perimeter": 46.83788313303349,
          "Cell: Circularity": 0.9967003138831462,
          "Cell: Max caliper": 15.301838946664493,
          "Cell: Min caliper": 14.0,
          "Cell: Eccentricity": 0.3506652461905135,
          "Cell: Channel 1 mean": 2343.715909090909,
          "Cell: Channel 1 std dev": 7470.376577157637,
          "Cell: Channel 1 max": 44748.0,
          "Cell: Channel 1 min": 0.0,
          "Cytoplasm: Channel 1 mean": 105.43661971830986,
          "Cytoplasm: Channel 1 std dev": 356.8543510584447,
          "Cytoplasm: Channel 1 max": 2803.0,
          "Cytoplasm: Channel 1 min": 0.0
        }
      }
    },
    {
      "type": "Feature",
      "id": "8c7c6187-81ba-4d5c-9ee5-e549d58c4096",
      "geometry": {
        "type": "Polygon",
        "coordinates": [
          [
            [48.18, 125.63],
            [48.32, 129.6],
            [51.51, 131.9],
            [57.49, 131.7],
            [61, 126.93],
            [60.97, 122.93],
            [57.07, 119.05],
            [55.07, 119],
            [49.93, 122.07],
            [48.18, 125.63]
          ]
        ]
      },
      "properties": {
        "objectType": "cell",
        "measurements": {
          "Cell: Area": 135.0,
          "Cell: Perimeter": 41.57893592334594,
          "Cell: Circularity": 0.9812889105001202,
          "Cell: Max caliper": 14.295936911668766,
          "Cell: Min caliper": 12.17530606482846,
          "Cell: Eccentricity": 0.5234340422929927,
          "Cell: Channel 1 mean": 145.1167883211679,
          "Cell: Channel 1 std dev": 819.715329583579,
          "Cell: Channel 1 max": 7304.0,
          "Cell: Channel 1 min": 0.0,
          "Cytoplasm: Channel 1 mean": 1.9137931034482758,
          "Cytoplasm: Channel 1 std dev": 7.153678245754284,
          "Cytoplasm: Channel 1 max": 46.0,
          "Cytoplasm: Channel 1 min": 0.0
        }
      }
    },
    {
      "type": "Feature",
      "id": "55e9ceb2-3fdd-4da7-a3f8-f37d4d0e7d42",
      "geometry": {
        "type": "Polygon",
        "coordinates": [
          [
            [351, 127.24],
            [351.58, 129.16],
            [356.11, 133],
            [360, 132.33],
            [362.72, 129.4],
            [362.72, 121.44],
            [359.67, 119],
            [355.68, 119.16],
            [351.36, 123.27],
            [351, 127.24]
          ]
        ]
      },
      "properties": {
        "objectType": "cell",
        "measurements": {
          "Cell: Area": 139.0,
          "Cell: Perimeter": 41.94209221180036,
          "Cell: Circularity": 0.992943375703736,
          "Cell: Max caliper": 14.445470817095767,
          "Cell: Min caliper": 12.0,
          "Cell: Eccentricity": 0.5066762319864159,
          "Cell: Channel 1 mean": 162.02158273381295,
          "Cell: Channel 1 std dev": 892.653335730999,
          "Cell: Channel 1 max": 8688.0,
          "Cell: Channel 1 min": 0.0,
          "Cytoplasm: Channel 1 mean": 2.4453781512605044,
          "Cytoplasm: Channel 1 std dev": 10.188642296563131,
          "Cytoplasm: Channel 1 max": 73.0,
          "Cytoplasm: Channel 1 min": 0.0
        }
      }
    },
    {
      "type": "Feature",
      "id": "94e0a712-f434-45b8-bba9-7b02fb24f9da",
      "geometry": {
        "type": "Polygon",
        "coordinates": [
          [
            [247, 129.64],
            [248.84, 133.17],
            [250.68, 133.94],
            [252.52, 133.15],
            [258.47, 127.86],
            [258.97, 123.93],
            [255.23, 120.16],
            [249.28, 120.39],
            [247.07, 123.64],
            [247, 129.64]
          ]
        ]
      },
      "properties": {
        "objectType": "cell",
        "measurements": {
          "Cell: Area": 128.0,
          "Cell: Perimeter": 41.38510717513917,
          "Cell: Circularity": 0.9391428689897927,
          "Cell: Max caliper": 14.51237153102913,
          "Cell: Min caliper": 11.785111221510254,
          "Cell: Eccentricity": 0.5793938346950163,
          "Cell: Channel 1 mean": 5334.123076923077,
          "Cell: Channel 1 std dev": 10807.342181290196,
          "Cell: Channel 1 max": 42590.0,
          "Cell: Channel 1 min": 0.0,
          "Cytoplasm: Channel 1 mean": 347.7920792079208,
          "Cytoplasm: Channel 1 std dev": 966.5889541768173,
          "Cytoplasm: Channel 1 max": 5173.0,
          "Cytoplasm: Channel 1 min": 0.0
        }
      }
    },
    {
      "type": "Feature",
      "id": "d9ea25d5-4b3b-4963-af0c-487e06488384",
      "geometry": {
        "type": "Polygon",
        "coordinates": [
          [
            [328.1, 125.48],
            [328.69, 131.35],
            [333.34, 135],
            [337.34, 134.93],
            [339.18, 134.15],
            [342.89, 129.53],
            [342.32, 123.65],
            [337.65, 120],
            [333.65, 120.07],
            [331.81, 120.85],
            [328.1, 125.48]
          ]
        ]
      },
      "properties": {
        "objectType": "cell",
        "measurements": {
          "Cell: Area": 180.0,
          "Cell: Perimeter": 47.95709493136103,
          "Cell: Circularity": 0.9835051415983029,
          "Cell: Max caliper": 15.656698491908303,
          "Cell: Min caliper": 14.613538346256444,
          "Cell: Eccentricity": 0.22297358547183985,
          "Cell: Channel 1 mean": 2809.6378378378377,
          "Cell: Channel 1 std dev": 10373.49677238124,
          "Cell: Channel 1 max": 65535.0,
          "Cell: Channel 1 min": 0.0,
          "Cytoplasm: Channel 1 mean": 31.72972972972973,
          "Cytoplasm: Channel 1 std dev": 128.17311818699272,
          "Cytoplasm: Channel 1 max": 1074.0,
          "Cytoplasm: Channel 1 min": 0.0
        }
      }
    },
    {
      "type": "Feature",
      "id": "d7c8f39c-46b8-4bd9-bc5a-e2af2bbb95b2",
      "geometry": {
        "type": "Polygon",
        "coordinates": [
          [
            [232.22, 128.55],
            [232.31, 130.55],
            [234.97, 135.93],
            [238.48, 137.74],
            [242.46, 138],
            [244.34, 137.32],
            [245.61, 135.78],
            [246.99, 132.03],
            [246.23, 130.17],
            [246, 124.19],
            [245.31, 122.31],
            [242.32, 121.21],
            [238.33, 121],
            [236.51, 121.82],
            [232.22, 128.55]
          ]
        ]
      },
      "properties": {
        "objectType": "cell",
        "measurements": {
          "Cell: Area": 194.0,
          "Cell: Perimeter": 51.283935497871575,
          "Cell: Circularity": 0.926934194195153,
          "Cell: Max caliper": 17.49445432258414,
          "Cell: Min caliper": 14.37789463534094,
          "Cell: Eccentricity": 0.5932573884487726,
          "Cell: Channel 1 mean": 1262.8826530612246,
          "Cell: Channel 1 std dev": 3017.2401893979277,
          "Cell: Channel 1 max": 19303.0,
          "Cell: Channel 1 min": 0.0,
          "Cytoplasm: Channel 1 mean": 553.2967741935483,
          "Cytoplasm: Channel 1 std dev": 1938.950000943386,
          "Cytoplasm: Channel 1 max": 16000.0,
          "Cytoplasm: Channel 1 min": 0.0
        }
      }
    },
    {
      "type": "Feature",
      "id": "19c81081-8a8b-415a-8b42-86fee806d40f",
      "geometry": {
        "type": "Polygon",
        "coordinates": [
          [
            [96.17, 129.86],
            [100.05, 134.39],
            [101.96, 134.99],
            [103.88, 134.45],
            [106.34, 131.33],
            [108.97, 125.93],
            [107.9, 124.24],
            [105, 122],
            [101, 122],
            [96.53, 125.94],
            [96.17, 129.86]
          ]
        ]
      },
      "properties": {
        "objectType": "cell",
        "measurements": {
          "Cell: Area": 121.0,
          "Cell: Perimeter": 39.668693994824956,
          "Cell: Circularity": 0.966272076306318,
          "Cell: Max caliper": 13.38333673176637,
          "Cell: Min caliper": 11.178110143933392,
          "Cell: Eccentricity": 0.5261160088764956,
          "Cell: Channel 1 mean": 181.47540983606558,
          "Cell: Channel 1 std dev": 813.7452665880513,
          "Cell: Channel 1 max": 5678.0,
          "Cell: Channel 1 min": 0.0,
          "Cytoplasm: Channel 1 mean": 19.97142857142857,
          "Cytoplasm: Channel 1 std dev": 125.47605174071887,
          "Cytoplasm: Channel 1 max": 1219.0,
          "Cytoplasm: Channel 1 min": 0.0
        }
      }
    },
    {
      "type": "Feature",
      "id": "4421c923-fa64-4969-921d-5942b2e5ab23",
      "geometry": {
        "type": "Polygon",
        "coordinates": [
          [
            [284.06, 128.72],
            [284.35, 132.69],
            [287.18, 135.52],
            [291.12, 135.98],
            [294.65, 134.17],
            [300.64, 134],
            [303.89, 136.22],
            [305.87, 136.46],
            [310.57, 132.86],
            [310.78, 128.91],
            [307.81, 126.41],
            [301.98, 125],
            [292.15, 125.83],
            [287.81, 124.24],
            [284.8, 126.86],
            [284.06, 128.72]
          ]
        ]
      },
      "properties": {
        "objectType": "cell",
        "measurements": {
          "Cell: Area": 246.0,
          "Cell: Perimeter": 68.72332611221951,
          "Cell: Circularity": 0.6545406598863704,
          "Cell: Max caliper": 27.032107889841797,
          "Cell: Min caliper": 11.674200270231875,
          "Cell: Eccentricity": 0.9271933051317414,
          "Cell: Channel 1 mean": 8643.19920318725,
          "Cell: Channel 1 std dev": 14182.747226689171,
          "Cell: Channel 1 max": 54257.0,
          "Cell: Channel 1 min": 0.0,
          "Cytoplasm: Channel 1 mean": 1284.1363636363637,
          "Cytoplasm: Channel 1 std dev": 2693.428940140136,
          "Cytoplasm: Channel 1 max": 14628.0,
          "Cytoplasm: Channel 1 min": 0.0
        }
      }
    },
    {
      "type": "Feature",
      "id": "0ea845af-3fa7-4482-bd15-f7c52663391b",
      "geometry": {
        "type": "Polygon",
        "coordinates": [
          [
            [132, 128.44],
            [132.09, 134.44],
            [133.25, 138.27],
            [135.91, 141.24],
            [137.78, 141.96],
            [141.74, 141.59],
            [144.57, 138.77],
            [147.67, 133.66],
            [147.85, 129.7],
            [145.74, 124.62],
            [143.84, 124],
            [135.84, 124.08],
            [132.75, 126.59],
            [132, 128.44]
          ]
        ]
      },
      "properties": {
        "objectType": "cell",
        "measurements": {
          "Cell: Area": 235.0,
          "Cell: Perimeter": 55.50285167274598,
          "Cell: Circularity": 0.9586214264097945,
          "Cell: Max caliper": 19.312054346983107,
          "Cell: Min caliper": 16.0,
          "Cell: Eccentricity": 0.5189520660441647,
          "Cell: Channel 1 mean": 6689.354430379747,
          "Cell: Channel 1 std dev": 13213.771113948244,
          "Cell: Channel 1 max": 61015.0,
          "Cell: Channel 1 min": 0.0,
          "Cytoplasm: Channel 1 mean": 642.5810055865921,
          "Cytoplasm: Channel 1 std dev": 2054.8414897934376,
          "Cytoplasm: Channel 1 max": 13915.0,
          "Cytoplasm: Channel 1 min": 0.0
        }
      }
    },
    {
      "type": "Feature",
      "id": "82c8dd2e-b25f-4e3b-895b-c1c4ab053058",
      "geometry": {
        "type": "Polygon",
        "coordinates": [
          [
            [172, 129.01],
            [172.48, 132.96],
            [174.27, 136.53],
            [178.56, 140.71],
            [184.53, 140.74],
            [188.74, 136.52],
            [188.71, 132.56],
            [185.32, 127.65],
            [181.4, 124.27],
            [175.44, 124.31],
            [172.57, 127.1],
            [172, 129.01]
          ]
        ]
      },
      "properties": {
        "objectType": "cell",
        "measurements": {
          "Cell: Area": 218.0,
          "Cell: Perimeter": 53.18662450692637,
          "Cell: Circularity": 0.9684149834806037,
          "Cell: Max caliper": 18.769839723465957,
          "Cell: Min caliper": 14.127194325892042,
          "Cell: Eccentricity": 0.6540238585622481,
          "Cell: Channel 1 mean": 3196.353211009174,
          "Cell: Channel 1 std dev": 8452.031275991309,
          "Cell: Channel 1 max": 48008.0,
          "Cell: Channel 1 min": 0.0,
          "Cytoplasm: Channel 1 mean": 67.06395348837209,
          "Cytoplasm: Channel 1 std dev": 285.77000010857745,
          "Cytoplasm: Channel 1 max": 2865.0,
          "Cytoplasm: Channel 1 min": 0.0
        }
      }
    },
    {
      "type": "Feature",
      "id": "59bc4f4a-5234-4f58-bb70-196d9c8d92c6",
      "geometry": {
        "type": "Polygon",
        "coordinates": [
          [
            [262.05, 128.77],
            [263.75, 134.5],
            [264.71, 140.35],
            [270.6, 140.88],
            [272.37, 139.96],
            [274.83, 136.84],
            [274.77, 130.86],
            [272.72, 127.44],
            [270.11, 125.08],
            [264.18, 125.49],
            [262.05, 128.77]
          ]
        ]
      },
      "properties": {
        "objectType": "cell",
        "measurements": {
          "Cell: Area": 166.0,
          "Cell: Perimeter": 47.531055024796515,
          "Cell: Circularity": 0.9233429628058446,
          "Cell: Max caliper": 16.67555804875639,
          "Cell: Min caliper": 12.110220656267154,
          "Cell: Eccentricity": 0.6878749468766749,
          "Cell: Channel 1 mean": 4416.988165680474,
          "Cell: Channel 1 std dev": 9821.412783876242,
          "Cell: Channel 1 max": 46071.0,
          "Cell: Channel 1 min": 0.0,
          "Cytoplasm: Channel 1 mean": 348.7518796992481,
          "Cytoplasm: Channel 1 std dev": 1300.24012587661,
          "Cytoplasm: Channel 1 max": 8512.0,
          "Cytoplasm: Channel 1 min": 0.0
        }
      }
    },
    {
      "type": "Feature",
      "id": "7645b4de-0d96-4b3f-9397-e4d62de83ce1",
      "geometry": {
        "type": "Polygon",
        "coordinates": [
          [
            [104.17, 136.87],
            [105.83, 140.5],
            [107.42, 141.71],
            [111.4, 142],
            [113.3, 141.35],
            [118.74, 135.52],
            [119, 131.53],
            [118.32, 129.65],
            [113.95, 126],
            [110.04, 126.62],
            [107.09, 131.82],
            [104.55, 134.91],
            [104.17, 136.87]
          ]
        ]
      },
      "properties": {
        "objectType": "cell",
        "measurements": {
          "Cell: Area": 169.0,
          "Cell: Perimeter": 47.70859430225038,
          "Cell: Circularity": 0.9330465845417165,
          "Cell: Max caliper": 17.012580546866083,
          "Cell: Min caliper": 12.233246903228336,
          "Cell: Eccentricity": 0.6949353155720454,
          "Cell: Channel 1 mean": 249.36094674556213,
          "Cell: Channel 1 std dev": 899.5685043074571,
          "Cell: Channel 1 max": 7096.0,
          "Cell: Channel 1 min": 0.0,
          "Cytoplasm: Channel 1 mean": 15.463235294117647,
          "Cytoplasm: Channel 1 std dev": 59.54107304277415,
          "Cytoplasm: Channel 1 max": 581.0,
          "Cytoplasm: Channel 1 min": 0.0
        }
      }
    },
    {
      "type": "Feature",
      "id": "6dfae776-6dd1-45e8-b035-dc5e3cd4a58b",
      "geometry": {
        "type": "Polygon",
        "coordinates": [
          [
            [200.17, 136.85],
            [205.55, 142.71],
            [211.51, 142.75],
            [214.46, 140.08],
            [215, 138.15],
            [214.6, 132.19],
            [209, 127],
            [205, 127],
            [200.53, 130.93],
            [200.17, 136.85]
          ]
        ]
      },
      "properties": {
        "objectType": "cell",
        "measurements": {
          "Cell: Area": 193.0,
          "Cell: Perimeter": 49.66201174856001,
          "Cell: Circularity": 0.9833736260328544,
          "Cell: Max caliper": 17.03642645446414,
          "Cell: Min caliper": 14.14213562373095,
          "Cell: Eccentricity": 0.5052487819055735,
          "Cell: Channel 1 mean": 3015.159793814433,
          "Cell: Channel 1 std dev": 7286.631833852021,
          "Cell: Channel 1 max": 37666.0,
          "Cell: Channel 1 min": 0.0,
          "Cytoplasm: Channel 1 mean": 95.77922077922078,
          "Cytoplasm: Channel 1 std dev": 456.18840344169513,
          "Cytoplasm: Channel 1 max": 4381.0,
          "Cytoplasm: Channel 1 min": 0.0
        }
      }
    },
    {
      "type": "Feature",
      "id": "8ca6c99b-a36a-4214-8e57-1e7970639799",
      "geometry": {
        "type": "Polygon",
        "coordinates": [
          [
            [219, 136.79],
            [219.91, 138.57],
            [224.3, 142.65],
            [228.27, 143],
            [230.18, 142.41],
            [233.05, 139.62],
            [234, 137.86],
            [233.93, 135.86],
            [230.16, 128.82],
            [226.33, 127],
            [222.57, 128.09],
            [219.75, 130.92],
            [219.04, 132.79],
            [219, 136.79]
          ]
        ]
      },
      "properties": {
        "objectType": "cell",
        "measurements": {
          "Cell: Area": 179.0,
          "Cell: Perimeter": 48.2575590681688,
          "Cell: Circularity": 0.9659000602022926,
          "Cell: Max caliper": 16.357809516535678,
          "Cell: Min caliper": 13.77035290841157,
          "Cell: Eccentricity": 0.5117852082506217,
          "Cell: Channel 1 mean": 3305.0,
          "Cell: Channel 1 std dev": 7778.674966969518,
          "Cell: Channel 1 max": 35271.0,
          "Cell: Channel 1 min": 0.0,
          "Cytoplasm: Channel 1 mean": 95.28082191780823,
          "Cytoplasm: Channel 1 std dev": 370.63752611897735,
          "Cytoplasm: Channel 1 max": 3638.0,
          "Cytoplasm: Channel 1 min": 0.0
        }
      }
    },
    {
      "type": "Feature",
      "id": "e4074d9f-9413-4376-afd9-bec08c3d6919",
      "geometry": {
        "type": "Polygon",
        "coordinates": [
          [
            [389, 132.76],
            [389.36, 136.72],
            [393.67, 140.84],
            [399.67, 141],
            [400, 140.06],
            [399.81, 128.07],
            [398.11, 127.02],
            [394.11, 127],
            [389.58, 130.84],
            [389, 132.76]
          ]
        ]
      },
      "properties": {
        "objectType": "cell",
        "measurements": {
          "Cell: Area": 133.0,
          "Cell: Perimeter": 42.99589075345711,
          "Cell: Circularity": 0.9040815438204209,
          "Cell: Max caliper": 15.062130555029647,
          "Cell: Min caliper": 11.0,
          "Cell: Eccentricity": 0.6176058796040691,
          "Cell: Channel 1 mean": 5769.05223880597,
          "Cell: Channel 1 std dev": 15809.337797604125,
          "Cell: Channel 1 max": 65535.0,
          "Cell: Channel 1 min": 0.0,
          "Cytoplasm: Channel 1 mean": 273.31775700934577,
          "Cytoplasm: Channel 1 std dev": 685.7020723610253,
          "Cytoplasm: Channel 1 max": 4786.0,
          "Cytoplasm: Channel 1 min": 0.0
        }
      }
    },
    {
      "type": "Feature",
      "id": "9ef865dd-7f1a-457d-b322-3492727f67b9",
      "geometry": {
        "type": "Polygon",
        "coordinates": [
          [
            [251.35, 136.7],
            [253.43, 140.1],
            [257.04, 141.81],
            [261.02, 141.8],
            [262.67, 140.66],
            [262.85, 134.7],
            [261, 129.54],
            [259.45, 128.27],
            [251.89, 134.78],
            [251.35, 136.7]
          ]
        ]
      },
      "properties": {
        "objectType": "cell",
        "measurements": {
          "Cell: Area": 112.0,
          "Cell: Perimeter": 39.49703974212953,
          "Cell: Circularity": 0.9021916281184199,
          "Cell: Max caliper": 13.747344184929984,
          "Cell: Min caliper": 11.499878784585954,
          "Cell: Eccentricity": 0.48767658911005785,
          "Cell: Channel 1 mean": 5972.226086956522,
          "Cell: Channel 1 std dev": 12260.082318533112,
          "Cell: Channel 1 max": 49230.0,
          "Cell: Channel 1 min": 0.0,
          "Cytoplasm: Channel 1 mean": 602.5568181818181,
          "Cytoplasm: Channel 1 std dev": 1697.9241406903857,
          "Cytoplasm: Channel 1 max": 9039.0,
          "Cytoplasm: Channel 1 min": 0.0
        }
      }
    },
    {
      "type": "Feature",
      "id": "5ed032ae-6ebf-4c49-9ae0-e40392b74af6",
      "geometry": {
        "type": "Polygon",
        "coordinates": [
          [
            [292.2, 137.6],
            [292.83, 139.5],
            [295.66, 142.33],
            [297.54, 143],
            [301.53, 142.74],
            [303.71, 139.44],
            [303.72, 137.44],
            [301.11, 135.07],
            [295.11, 135],
            [292.2, 137.6]
          ]
        ]
      },
      "properties": {
        "objectType": "cell",
        "measurements": {
          "Cell: Area": 76.0,
          "Cell: Perimeter": 31.540353213746886,
          "Cell: Circularity": 0.9600422610935888,
          "Cell: Max caliper": 11.658883996675197,
          "Cell: Min caliper": 8.0,
          "Cell: Eccentricity": 0.7109447871241394,
          "Cell: Channel 1 mean": 4721.5921052631575,
          "Cell: Channel 1 std dev": 11383.002837772503,
          "Cell: Channel 1 max": 52160.0,
          "Cell: Channel 1 min": 0.0,
          "Cytoplasm: Channel 1 mean": 371.53225806451616,
          "Cytoplasm: Channel 1 std dev": 1562.2111769019698,
          "Cytoplasm: Channel 1 max": 11383.0,
          "Cytoplasm: Channel 1 min": 0.0
        }
      }
    },
    {
      "type": "Feature",
      "id": "9d1375e7-e304-4274-8f1c-8d328b27f4fd",
      "geometry": {
        "type": "Polygon",
        "coordinates": [
          [
            [304.14, 141.69],
            [305.11, 143.44],
            [310.6, 145.8],
            [314.57, 145.69],
            [319.39, 142.22],
            [320.89, 138.53],
            [320.32, 134.65],
            [316.8, 131.54],
            [312.89, 131.22],
            [305.64, 138.03],
            [304.14, 141.69]
          ]
        ]
      },
      "properties": {
        "objectType": "cell",
        "measurements": {
          "Cell: Area": 175.0,
          "Cell: Perimeter": 48.70301900638777,
          "Cell: Circularity": 0.9271204196881557,
          "Cell: Max caliper": 17.64473050371219,
          "Cell: Min caliper": 12.60863577949966,
          "Cell: Eccentricity": 0.6796426956705643,
          "Cell: Channel 1 mean": 5237.536723163842,
          "Cell: Channel 1 std dev": 12128.996320335025,
          "Cell: Channel 1 max": 51641.0,
          "Cell: Channel 1 min": 0.0,
          "Cytoplasm: Channel 1 mean": 410.9640287769784,
          "Cytoplasm: Channel 1 std dev": 1394.2625779880398,
          "Cytoplasm: Channel 1 max": 11743.0,
          "Cytoplasm: Channel 1 min": 0.0
        }
      }
    },
    {
      "type": "Feature",
      "id": "b234808b-27a0-4fff-9b52-8808bb3eede6",
      "geometry": {
        "type": "Polygon",
        "coordinates": [
          [
            [7, 141.6],
            [10.22, 146.56],
            [14.17, 146.97],
            [19.39, 144.22],
            [20.89, 140.53],
            [20.32, 136.65],
            [16.85, 133.57],
            [10.95, 133.21],
            [7.89, 135.77],
            [7.08, 137.6],
            [7, 141.6]
          ]
        ]
      },
      "properties": {
        "objectType": "cell",
        "measurements": {
          "Cell: Area": 159.0,
          "Cell: Perimeter": 44.64608874148128,
          "Cell: Circularity": 1.0,
          "Cell: Max caliper": 14.58263065983834,
          "Cell: Min caliper": 13.946093407183394,
          "Cell: Eccentricity": 0.23736018553834226,
          "Cell: Channel 1 mean": 92.62732919254658,
          "Cell: Channel 1 std dev": 527.0120589212804,
          "Cell: Channel 1 max": 5223.0,
          "Cell: Channel 1 min": 0.0,
          "Cytoplasm: Channel 1 mean": 0.8676470588235294,
          "Cytoplasm: Channel 1 std dev": 4.746630498503609,
          "Cytoplasm: Channel 1 max": 47.0,
          "Cytoplasm: Channel 1 min": 0.0
        }
      }
    },
    {
      "type": "Feature",
      "id": "77540a9d-1163-4435-ad84-33e7a6c18a0d",
      "geometry": {
        "type": "Polygon",
        "coordinates": [
          [
            [33.25, 138.76],
            [33.35, 142.71],
            [37.43, 147.1],
            [41.34, 147.93],
            [43.18, 147.15],
            [46.89, 142.53],
            [46.32, 138.65],
            [41.76, 135],
            [35.9, 135.77],
            [33.25, 138.76]
          ]
        ]
      },
      "properties": {
        "objectType": "cell",
        "measurements": {
          "Cell: Area": 136.0,
          "Cell: Perimeter": 41.86207064679468,
          "Cell: Circularity": 0.9752306899585008,
          "Cell: Max caliper": 14.157430886158995,
          "Cell: Min caliper": 12.256512270088878,
          "Cell: Eccentricity": 0.48278370554014655,
          "Cell: Channel 1 mean": 810.8714285714286,
          "Cell: Channel 1 std dev": 3664.348044013697,
          "Cell: Channel 1 max": 28179.0,
          "Cell: Channel 1 min": 0.0,
          "Cytoplasm: Channel 1 mean": 19.689075630252102,
          "Cytoplasm: Channel 1 std dev": 61.14552631322548,
          "Cytoplasm: Channel 1 max": 409.0,
          "Cytoplasm: Channel 1 min": 0.0
        }
      }
    },
    {
      "type": "Feature",
      "id": "38f841d4-09ee-435c-89d8-3985bd108c1a",
      "geometry": {
        "type": "Polygon",
        "coordinates": [
          [
            [89, 142.41],
            [89.2, 146.4],
            [93.36, 150.68],
            [97.33, 151],
            [100.96, 149.37],
            [104.83, 144.84],
            [104.77, 140.86],
            [102.97, 137.3],
            [97.42, 135],
            [93.64, 136.02],
            [89.77, 140.57],
            [89, 142.41]
          ]
        ]
      },
      "properties": {
        "objectType": "cell",
        "measurements": {
          "Cell: Area": 196.0,
          "Cell: Perimeter": 50.16578982768378,
          "Cell: Circularity": 0.9787023401233294,
          "Cell: Max caliper": 16.559229147016943,
          "Cell: Min caliper": 14.602573507197379,
          "Cell: Eccentricity": 0.43530996152289725,
          "Cell: Channel 1 mean": 2903.859296482412,
          "Cell: Channel 1 std dev": 7257.676169693916,
          "Cell: Channel 1 max": 38994.0,
          "Cell: Channel 1 min": 0.0,
          "Cytoplasm: Channel 1 mean": 390.0125786163522,
          "Cytoplasm: Channel 1 std dev": 1041.4045164725298,
          "Cytoplasm: Channel 1 max": 7623.0,
          "Cytoplasm: Channel 1 min": 0.0
        }
      }
    },
    {
      "type": "Feature",
      "id": "c5bd4a34-b105-470e-98d6-bc03ee8c16dd",
      "geometry": {
        "type": "Polygon",
        "coordinates": [
          [
            [325, 143.32],
            [326.62, 146.95],
            [331.66, 150],
            [337.34, 148.33],
            [339, 144.83],
            [338.77, 140.84],
            [336.16, 137.82],
            [332.8, 136],
            [328.93, 136.74],
            [326.1, 139.57],
            [325, 143.32]
          ]
        ]
      },
      "properties": {
        "objectType": "cell",
        "measurements": {
          "Cell: Area": 153.0,
          "Cell: Perimeter": 43.83240389807022,
          "Cell: Circularity": 1.0,
          "Cell: Max caliper": 14.53694964748054,
          "Cell: Min caliper": 13.199308599493522,
          "Cell: Eccentricity": 0.3341180766937771,
          "Cell: Channel 1 mean": 34.03846153846154,
          "Cell: Channel 1 std dev": 240.4094326047957,
          "Cell: Channel 1 max": 2827.0,
          "Cell: Channel 1 min": 0.0,
          "Cytoplasm: Channel 1 mean": 0.5074626865671642,
          "Cytoplasm: Channel 1 std dev": 2.439481852591561,
          "Cytoplasm: Channel 1 max": 19.0,
          "Cytoplasm: Channel 1 min": 0.0
        }
      }
    },
    {
      "type": "Feature",
      "id": "3425ec6c-a40b-4b3f-8927-2006f72aee1c",
      "geometry": {
        "type": "Polygon",
        "coordinates": [
          [
            [370.13, 146.26],
            [372.67, 149.33],
            [374.55, 150],
            [380.53, 149.73],
            [384.74, 145.52],
            [385, 141.53],
            [384.32, 139.65],
            [380.7, 136.47],
            [374.78, 136.24],
            [370.37, 140.3],
            [370.13, 146.26]
          ]
        ]
      },
      "properties": {
        "objectType": "cell",
        "measurements": {
          "Cell: Area": 174.0,
          "Cell: Perimeter": 46.82287576170611,
          "Cell: Circularity": 0.9973393284061588,
          "Cell: Max caliper": 15.651865093018198,
          "Cell: Min caliper": 14.0,
          "Cell: Eccentricity": 0.37229053870651946,
          "Cell: Channel 1 mean": 343.63793103448273,
          "Cell: Channel 1 std dev": 1439.2325873195869,
          "Cell: Channel 1 max": 10546.0,
          "Cell: Channel 1 min": 0.0,
          "Cytoplasm: Channel 1 mean": 31.246478873239436,
          "Cytoplasm: Channel 1 std dev": 128.35672734842865,
          "Cytoplasm: Channel 1 max": 1123.0,
          "Cytoplasm: Channel 1 min": 0.0
        }
      }
    },
    {
      "type": "Feature",
      "id": "5088b6c9-5b26-44a3-83e3-da4c090a4c54",
      "geometry": {
        "type": "Polygon",
        "coordinates": [
          [
            [272.11, 143.47],
            [272.29, 145.46],
            [276.45, 149.78],
            [279.81, 151.91],
            [281.81, 152],
            [283.59, 151.08],
            [286, 147.93],
            [285.97, 141.93],
            [282.95, 138.64],
            [281.06, 138],
            [275.11, 138.45],
            [273.61, 139.77],
            [272.11, 143.47]
          ]
        ]
      },
      "properties": {
        "objectType": "cell",
        "measurements": {
          "Cell: Area": 155.0,
          "Cell: Perimeter": 44.525615351241846,
          "Cell: Circularity": 0.9824754380621838,
          "Cell: Max caliper": 15.21510188661282,
          "Cell: Min caliper": 12.7279025581047,
          "Cell: Eccentricity": 0.498992643386537,
          "Cell: Channel 1 mean": 2562.8129032258066,
          "Cell: Channel 1 std dev": 8899.375162501541,
          "Cell: Channel 1 max": 50413.0,
          "Cell: Channel 1 min": 0.0,
          "Cytoplasm: Channel 1 mean": 16.9765625,
          "Cytoplasm: Channel 1 std dev": 43.62500634546352,
          "Cytoplasm: Channel 1 max": 304.0,
          "Cytoplasm: Channel 1 min": 0.0
        }
      }
    },
    {
      "type": "Feature",
      "id": "abde06c6-74d8-4baa-b782-1251def032e1",
      "geometry": {
        "type": "Polygon",
        "coordinates": [
          [
            [236, 145.79],
            [236.38, 149.75],
            [240.7, 153.85],
            [246.44, 152.11],
            [250.01, 150.32],
            [250.89, 148.53],
            [250.32, 142.65],
            [246.82, 139.55],
            [242.91, 139.22],
            [239.34, 140.99],
            [236.56, 143.87],
            [236, 145.79]
          ]
        ]
      },
      "properties": {
        "objectType": "cell",
        "measurements": {
          "Cell: Area": 169.0,
          "Cell: Perimeter": 46.6809869547937,
          "Cell: Circularity": 0.9745777892112173,
          "Cell: Max caliper": 15.646311245681133,
          "Cell: Min caliper": 13.274866933820917,
          "Cell: Eccentricity": 0.4845686517622915,
          "Cell: Channel 1 mean": 2674.7235294117645,
          "Cell: Channel 1 std dev": 7750.721679704917,
          "Cell: Channel 1 max": 46493.0,
          "Cell: Channel 1 min": 0.0,
          "Cytoplasm: Channel 1 mean": 326.1925925925926,
          "Cytoplasm: Channel 1 std dev": 1398.951086255615,
          "Cytoplasm: Channel 1 max": 12059.0,
          "Cytoplasm: Channel 1 min": 0.0
        }
      }
    },
    {
      "type": "Feature",
      "id": "b8afece4-ef38-4ec1-9f56-7c389f2fd02d",
      "geometry": {
        "type": "Polygon",
        "coordinates": [
          [
            [52, 148.86],
            [53.3, 152.6],
            [58.16, 156],
            [62.16, 155.92],
            [66.55, 151.89],
            [67, 147.94],
            [65.57, 144.24],
            [60.67, 141],
            [56.67, 141.07],
            [54.82, 141.84],
            [52.23, 144.87],
            [52, 148.86]
          ]
        ]
      },
      "properties": {
        "objectType": "cell",
        "measurements": {
          "Cell: Area": 182.0,
          "Cell: Perimeter": 47.9443438237791,
          "Cell: Circularity": 0.9949619985765908,
          "Cell: Max caliper": 15.956338780465462,
          "Cell: Min caliper": 14.562699121862346,
          "Cell: Eccentricity": 0.3868592708462044,
          "Cell: Channel 1 mean": 1455.2216216216216,
          "Cell: Channel 1 std dev": 4776.165617982643,
          "Cell: Channel 1 max": 25891.0,
          "Cell: Channel 1 min": 0.0,
          "Cytoplasm: Channel 1 mean": 14.386666666666667,
          "Cytoplasm: Channel 1 std dev": 49.52198165124924,
          "Cytoplasm: Channel 1 max": 517.0,
          "Cytoplasm: Channel 1 min": 0.0
        }
      }
    },
    {
      "type": "Feature",
      "id": "0d4a20c7-98c0-4487-835a-fe64ad80f75c",
      "geometry": {
        "type": "Polygon",
        "coordinates": [
          [
            [23.09, 147.57],
            [23.78, 149.45],
            [30.6, 156.72],
            [32.6, 156.7],
            [34.18, 155.48],
            [37.53, 148.25],
            [32.96, 143.64],
            [31.07, 143],
            [27.12, 143.44],
            [23.92, 145.75],
            [23.09, 147.57]
          ]
        ]
      },
      "properties": {
        "objectType": "cell",
        "measurements": {
          "Cell: Area": 131.0,
          "Cell: Perimeter": 42.5136530479763,
          "Cell: Circularity": 0.9108027049936719,
          "Cell: Max caliper": 14.456129958190465,
          "Cell: Min caliper": 11.230322806761754,
          "Cell: Eccentricity": 0.5919767587767196,
          "Cell: Channel 1 mean": 6707.270676691729,
          "Cell: Channel 1 std dev": 12085.998063830159,
          "Cell: Channel 1 max": 49724.0,
          "Cell: Channel 1 min": 0.0,
          "Cytoplasm: Channel 1 mean": 803.7777777777778,
          "Cytoplasm: Channel 1 std dev": 2370.5021364016543,
          "Cytoplasm: Channel 1 max": 12919.0,
          "Cytoplasm: Channel 1 min": 0.0
        }
      }
    },
    {
      "type": "Feature",
      "id": "e4f97e9a-20af-4f71-9cf5-4a27530337a1",
      "geometry": {
        "type": "Polygon",
        "coordinates": [
          [
            [299.03, 154.17],
            [299.72, 156.05],
            [302.68, 158.74],
            [306.66, 158.87],
            [311.94, 156.03],
            [312.94, 154.3],
            [312.66, 148.33],
            [306.23, 145.15],
            [302.27, 145.39],
            [299.44, 148.22],
            [299.03, 154.17]
          ]
        ]
      },
      "properties": {
        "objectType": "cell",
        "measurements": {
          "Cell: Area": 160.0,
          "Cell: Perimeter": 45.39409976780639,
          "Cell: Circularity": 0.9757330845878811,
          "Cell: Max caliper": 15.0720695991641,
          "Cell: Min caliper": 13.92737181188293,
          "Cell: Eccentricity": 0.30330482339958736,
          "Cell: Channel 1 mean": 4253.815950920245,
          "Cell: Channel 1 std dev": 9618.185387002912,
          "Cell: Channel 1 max": 42928.0,
          "Cell: Channel 1 min": 0.0,
          "Cytoplasm: Channel 1 mean": 128.58461538461538,
          "Cytoplasm: Channel 1 std dev": 480.2054757978974,
          "Cytoplasm: Channel 1 max": 3076.0,
          "Cytoplasm: Channel 1 min": 0.0
        }
      }
    },
    {
      "type": "Feature",
      "id": "8133ce98-6aa6-4097-b395-d93ccb684763",
      "geometry": {
        "type": "Polygon",
        "coordinates": [
          [
            [33.85, 158.18],
            [35.26, 159.59],
            [37.25, 159.38],
            [42.91, 157.42],
            [44.99, 154.02],
            [45, 152.02],
            [42.33, 149.16],
            [40.11, 148.78],
            [38.23, 149.44],
            [35.55, 154.79],
            [34.13, 156.2],
            [33.85, 158.18]
          ]
        ]
      },
      "properties": {
        "objectType": "cell",
        "measurements": {
          "Cell: Area": 80.0,
          "Cell: Perimeter": 34.31247337169251,
          "Cell: Circularity": 0.8538779553858219,
          "Cell: Max caliper": 12.826804979476005,
          "Cell: Min caliper": 8.338529485560823,
          "Cell: Eccentricity": 0.764439557337812,
          "Cell: Channel 1 mean": 7507.107142857143,
          "Cell: Channel 1 std dev": 14851.464864683761,
          "Cell: Channel 1 max": 65535.0,
          "Cell: Channel 1 min": 0.0,
          "Cytoplasm: Channel 1 mean": 1763.7424242424242,
          "Cytoplasm: Channel 1 std dev": 3096.5431510767266,
          "Cytoplasm: Channel 1 max": 13823.0,
          "Cytoplasm: Channel 1 min": 0.0
        }
      }
    },
    {
      "type": "Feature",
      "id": "d88644ab-b631-4306-bd7b-d8e022fdc609",
      "geometry": {
        "type": "Polygon",
        "coordinates": [
          [
            [265, 155.76],
            [266.92, 159.25],
            [270.12, 161.56],
            [274.07, 162],
            [276.01, 161.49],
            [279.97, 157.05],
            [279.46, 153.13],
            [273.02, 147.68],
            [271.14, 147],
            [269.18, 147.41],
            [265.12, 151.77],
            [265, 155.76]
          ]
        ]
      },
      "properties": {
        "objectType": "cell",
        "measurements": {
          "Cell: Area": 167.0,
          "Cell: Perimeter": 46.448190121693884,
          "Cell: Circularity": 0.9727220100310259,
          "Cell: Max caliper": 15.76949739632671,
          "Cell: Min caliper": 12.95844724852951,
          "Cell: Eccentricity": 0.5165570618712509,
          "Cell: Channel 1 mean": 2580.0718562874254,
          "Cell: Channel 1 std dev": 8382.691330748901,
          "Cell: Channel 1 max": 46478.0,
          "Cell: Channel 1 min": 0.0,
          "Cytoplasm: Channel 1 mean": 39.71111111111111,
          "Cytoplasm: Channel 1 std dev": 164.31212865120622,
          "Cytoplasm: Channel 1 max": 1442.0,
          "Cytoplasm: Channel 1 min": 0.0
        }
      }
    },
    {
      "type": "Feature",
      "id": "6faba817-61db-4d4e-8f23-818dc205c3f0",
      "geometry": {
        "type": "Polygon",
        "coordinates": [
          [
            [15, 155.09],
            [16.45, 158.79],
            [20.9, 162.78],
            [24.89, 162.82],
            [27.99, 160.34],
            [28.89, 158.56],
            [28.71, 156.56],
            [26.6, 153.19],
            [23.9, 150.24],
            [20.25, 148],
            [18.29, 148.36],
            [15.43, 151.13],
            [15, 155.09]
          ]
        ]
      },
      "properties": {
        "objectType": "cell",
        "measurements": {
          "Cell: Area": 148.0,
          "Cell: Perimeter": 44.32961323723861,
          "Cell: Circularity": 0.9464195328278115,
          "Cell: Max caliper": 15.900048520314721,
          "Cell: Min caliper": 11.313713371237924,
          "Cell: Eccentricity": 0.6904052197263514,
          "Cell: Channel 1 mean": 5636.223684210527,
          "Cell: Channel 1 std dev": 14512.86950060831,
          "Cell: Channel 1 max": 63934.0,
          "Cell: Channel 1 min": 0.0,
          "Cytoplasm: Channel 1 mean": 120.65833333333333,
          "Cytoplasm: Channel 1 std dev": 578.6394575024344,
          "Cytoplasm: Channel 1 max": 5527.0,
          "Cytoplasm: Channel 1 min": 0.0
        }
      }
    },
    {
      "type": "Feature",
      "id": "4383dd02-70fb-4d4e-9d7c-80e02918276f",
      "geometry": {
        "type": "Polygon",
        "coordinates": [
          [
            [77.1, 159.52],
            [77.98, 161.32],
            [82.54, 165.21],
            [84.38, 166],
            [88.37, 165.82],
            [91.39, 163.22],
            [92.89, 159.53],
            [92.32, 153.65],
            [88.04, 150.02],
            [82.04, 150],
            [77.29, 153.54],
            [77.1, 159.52]
          ]
        ]
      },
      "properties": {
        "objectType": "cell",
        "measurements": {
          "Cell: Area": 210.0,
          "Cell: Perimeter": 51.622470154081455,
          "Cell: Circularity": 0.990265377280451,
          "Cell: Max caliper": 17.099762094693666,
          "Cell: Min caliper": 15.377693506452918,
          "Cell: Eccentricity": 0.3861961247617031,
          "Cell: Channel 1 mean": 4876.672985781991,
          "Cell: Channel 1 std dev": 11972.082787813766,
          "Cell: Channel 1 max": 61726.0,
          "Cell: Channel 1 min": 0.0,
          "Cytoplasm: Channel 1 mean": 635.4451219512196,
          "Cytoplasm: Channel 1 std dev": 2243.807167367973,
          "Cytoplasm: Channel 1 max": 22132.0,
          "Cytoplasm: Channel 1 min": 0.0
        }
      }
    },
    {
      "type": "Feature",
      "id": "500518de-9d8c-4d7a-8f75-ffbf9a7423f0",
      "geometry": {
        "type": "Polygon",
        "coordinates": [
          [
            [240, 157.45],
            [243.77, 164.44],
            [245.34, 165.67],
            [251.3, 165.74],
            [254.27, 163.07],
            [254.96, 161.19],
            [254.57, 155.24],
            [249.79, 152.04],
            [242.16, 154.42],
            [240.49, 155.51],
            [240, 157.45]
          ]
        ]
      },
      "properties": {
        "objectType": "cell",
        "measurements": {
          "Cell: Area": 159.0,
          "Cell: Perimeter": 45.8175710759228,
          "Cell: Circularity": 0.951793783339228,
          "Cell: Max caliper": 15.71445937207225,
          "Cell: Min caliper": 13.588714832297164,
          "Cell: Eccentricity": 0.38101503259393904,
          "Cell: Channel 1 mean": 570.4691358024692,
          "Cell: Channel 1 std dev": 1595.1675243429775,
          "Cell: Channel 1 max": 9447.0,
          "Cell: Channel 1 min": 0.0,
          "Cytoplasm: Channel 1 mean": 108.59541984732824,
          "Cytoplasm: Channel 1 std dev": 517.5079305022358,
          "Cytoplasm: Channel 1 max": 3406.0,
          "Cytoplasm: Channel 1 min": 0.0
        }
      }
    },
    {
      "type": "Feature",
      "id": "abaefd0e-c813-4f82-ac8d-f9a464b9c748",
      "geometry": {
        "type": "Polygon",
        "coordinates": [
          [
            [316.44, 157.13],
            [317.03, 161.07],
            [319.76, 163.88],
            [325.75, 164],
            [328.74, 161.52],
            [329, 157.53],
            [328.32, 155.65],
            [324.09, 152.06],
            [320.16, 152.51],
            [316.44, 157.13]
          ]
        ]
      },
      "properties": {
        "objectType": "cell",
        "measurements": {
          "Cell: Area": 123.0,
          "Cell: Perimeter": 39.557567477243104,
          "Cell: Circularity": 0.9877699737023591,
          "Cell: Max caliper": 13.064935041727878,
          "Cell: Min caliper": 12.0,
          "Cell: Eccentricity": 0.3398210347370975,
          "Cell: Channel 1 mean": 38.95967741935484,
          "Cell: Channel 1 std dev": 234.60894289103288,
          "Cell: Channel 1 max": 2145.0,
          "Cell: Channel 1 min": 0.0,
          "Cytoplasm: Channel 1 mean": 0.5648148148148148,
          "Cytoplasm: Channel 1 std dev": 2.0059404681215316,
          "Cytoplasm: Channel 1 max": 14.0,
          "Cytoplasm: Channel 1 min": 0.0
        }
      }
    },
    {
      "type": "Feature",
      "id": "298f605c-a7be-4cdb-9f4b-3c11b96f046d",
      "geometry": {
        "type": "Polygon",
        "coordinates": [
          [
            [44.2, 158.4],
            [48.67, 167.33],
            [52.53, 167.73],
            [56.74, 163.52],
            [57, 159.53],
            [56.32, 157.65],
            [51.71, 154],
            [45.86, 154.81],
            [44.2, 158.4]
          ]
        ]
      },
      "properties": {
        "objectType": "cell",
        "measurements": {
          "Cell: Area": 132.0,
          "Cell: Perimeter": 41.90397599057852,
          "Cell: Circularity": 0.9446552243192092,
          "Cell: Max caliper": 14.547481756736223,
          "Cell: Min caliper": 11.173738787615669,
          "Cell: Eccentricity": 0.6136325841789996,
          "Cell: Channel 1 mean": 2361.037878787879,
          "Cell: Channel 1 std dev": 6777.432736275401,
          "Cell: Channel 1 max": 38002.0,
          "Cell: Channel 1 min": 0.0,
          "Cytoplasm: Channel 1 mean": 67.45370370370371,
          "Cytoplasm: Channel 1 std dev": 351.5902560040529,
          "Cytoplasm: Channel 1 max": 3011.0,
          "Cytoplasm: Channel 1 min": 0.0
        }
      }
    },
    {
      "type": "Feature",
      "id": "661aa594-02a5-4aef-a898-4979c7c880ba",
      "geometry": {
        "type": "Polygon",
        "coordinates": [
          [
            [370, 157.4],
            [370.19, 163.39],
            [371.35, 165.02],
            [374.77, 167.1],
            [377.59, 169.93],
            [379.36, 170.87],
            [383.25, 170.37],
            [388.62, 167.69],
            [392.73, 163.33],
            [392.69, 157.38],
            [391.46, 155.79],
            [387.82, 154.16],
            [385.83, 154],
            [380.15, 155.83],
            [376.33, 154],
            [372.36, 154.32],
            [370.78, 155.55],
            [370, 157.4]
          ]
        ]
      },
      "properties": {
        "objectType": "cell",
        "measurements": {
          "Cell: Area": 303.0,
          "Cell: Perimeter": 66.25398659272909,
          "Cell: Circularity": 0.8674180629070828,
          "Cell: Max caliper": 23.496067182445806,
          "Cell: Min caliper": 17.0,
          "Cell: Eccentricity": 0.727458635534799,
          "Cell: Channel 1 mean": 7294.170491803278,
          "Cell: Channel 1 std dev": 14857.210209446423,
          "Cell: Channel 1 max": 65535.0,
          "Cell: Channel 1 min": 0.0,
          "Cytoplasm: Channel 1 mean": 718.3218884120172,
          "Cytoplasm: Channel 1 std dev": 2060.3374983599515,
          "Cytoplasm: Channel 1 max": 15111.0,
          "Cytoplasm: Channel 1 min": 0.0
        }
      }
    },
    {
      "type": "Feature",
      "id": "24fa1d40-a74e-4749-89ea-05ebce423bbb",
      "geometry": {
        "type": "Polygon",
        "coordinates": [
          [
            [165, 160.12],
            [165.06, 162.12],
            [167.74, 167.48],
            [169.21, 168.84],
            [173.12, 168.44],
            [177, 163.93],
            [176.97, 159.93],
            [173.14, 156.09],
            [169.14, 156],
            [167.38, 156.95],
            [165, 160.12]
          ]
        ]
      },
      "properties": {
        "objectType": "cell",
        "measurements": {
          "Cell: Area": 121.0,
          "Cell: Perimeter": 39.49993936086642,
          "Cell: Circularity": 0.9745460745961317,
          "Cell: Max caliper": 13.341295177809478,
          "Cell: Min caliper": 11.627560306936825,
          "Cell: Eccentricity": 0.4238755315142477,
          "Cell: Channel 1 mean": 185.55737704918033,
          "Cell: Channel 1 std dev": 798.8485520280802,
          "Cell: Channel 1 max": 5544.0,
          "Cell: Channel 1 min": 0.0,
          "Cytoplasm: Channel 1 mean": 42.30555555555556,
          "Cytoplasm: Channel 1 std dev": 348.85397042190544,
          "Cytoplasm: Channel 1 max": 3609.0,
          "Cytoplasm: Channel 1 min": 0.0
        }
      }
    },
    {
      "type": "Feature",
      "id": "d9cad77f-b4ee-4a8a-81d2-82f99e007fc5",
      "geometry": {
        "type": "Polygon",
        "coordinates": [
          [
            [33.14, 163.73],
            [33.36, 167.69],
            [37.6, 171.93],
            [41.36, 173],
            [44.98, 171.35],
            [47.38, 168.2],
            [46.61, 164.28],
            [43.48, 159.3],
            [41.49, 159.1],
            [34.03, 161.94],
            [33.14, 163.73]
          ]
        ]
      },
      "properties": {
        "objectType": "cell",
        "measurements": {
          "Cell: Area": 148.0,
          "Cell: Perimeter": 43.9068489902094,
          "Cell: Circularity": 0.9647327857183967,
          "Cell: Max caliper": 14.927493010245414,
          "Cell: Min caliper": 13.036371587980456,
          "Cell: Eccentricity": 0.3897114158024487,
          "Cell: Channel 1 mean": 6294.569536423841,
          "Cell: Channel 1 std dev": 12695.311862526225,
          "Cell: Channel 1 max": 56219.0,
          "Cell: Channel 1 min": 0.0,
          "Cytoplasm: Channel 1 mean": 586.8974358974359,
          "Cytoplasm: Channel 1 std dev": 1558.0696964658205,
          "Cytoplasm: Channel 1 max": 8664.0,
          "Cytoplasm: Channel 1 min": 0.0
        }
      }
    },
    {
      "type": "Feature",
      "id": "bb39af8c-498f-4c4e-a358-fffd5524e451",
      "geometry": {
        "type": "Polygon",
        "coordinates": [
          [
            [301.09, 167.18],
            [302.39, 168.7],
            [307.52, 171.76],
            [309.51, 171.7],
            [316.65, 164.69],
            [316.85, 162.7],
            [314.43, 157.29],
            [312.44, 157.11],
            [307.11, 159.78],
            [303.13, 160.17],
            [301.44, 161.23],
            [301.09, 167.18]
          ]
        ]
      },
      "properties": {
        "objectType": "cell",
        "measurements": {
          "Cell: Area": 164.0,
          "Cell: Perimeter": 47.93662527221705,
          "Cell: Circularity": 0.8968479070850034,
          "Cell: Max caliper": 16.60974632698271,
          "Cell: Min caliper": 12.942690576120341,
          "Cell: Eccentricity": 0.6775522722803519,
          "Cell: Channel 1 mean": 718.1515151515151,
          "Cell: Channel 1 std dev": 1306.5524109322723,
          "Cell: Channel 1 max": 6425.0,
          "Cell: Channel 1 min": 0.0,
          "Cytoplasm: Channel 1 mean": 153.76923076923077,
          "Cytoplasm: Channel 1 std dev": 361.51051618103895,
          "Cytoplasm: Channel 1 max": 1983.0,
          "Cytoplasm: Channel 1 min": 0.0
        }
      }
    },
    {
      "type": "Feature",
      "id": "a68a16ea-3de7-422d-a2f9-71f59df323ad",
      "geometry": {
        "type": "Polygon",
        "coordinates": [
          [
            [285, 165.02],
            [286.4, 168.73],
            [289.66, 170.93],
            [295.63, 170.67],
            [298.47, 167.86],
            [298.97, 161.93],
            [295.06, 158.04],
            [289.13, 158.53],
            [285.19, 163.03],
            [285, 165.02]
          ]
        ]
      },
      "properties": {
        "objectType": "cell",
        "measurements": {
          "Cell: Area": 151.0,
          "Cell: Perimeter": 43.596271396563495,
          "Cell: Circularity": 0.9983621699528608,
          "Cell: Max caliper": 14.392897449002493,
          "Cell: Min caliper": 13.0,
          "Cell: Eccentricity": 0.34677129339987606,
          "Cell: Channel 1 mean": 494.2156862745098,
          "Cell: Channel 1 std dev": 1764.9657926503862,
          "Cell: Channel 1 max": 11830.0,
          "Cell: Channel 1 min": 0.0,
          "Cytoplasm: Channel 1 mean": 13.465116279069768,
          "Cytoplasm: Channel 1 std dev": 60.79756966149376,
          "Cytoplasm: Channel 1 max": 567.0,
          "Cytoplasm: Channel 1 min": 0.0
        }
      }
    },
    {
      "type": "Feature",
      "id": "6126492c-38f7-42ec-a093-aaa66bdea9b9",
      "geometry": {
        "type": "Polygon",
        "coordinates": [
          [
            [226.17, 164.13],
            [226.22, 168.11],
            [228.81, 171.15],
            [232.33, 173],
            [238.33, 172.84],
            [242.64, 168.72],
            [242.75, 164.77],
            [240.9, 161.24],
            [237.97, 159],
            [230.06, 159.61],
            [226.17, 164.13]
          ]
        ]
      },
      "properties": {
        "objectType": "cell",
        "measurements": {
          "Cell: Area": 194.0,
          "Cell: Perimeter": 49.69261377714254,
          "Cell: Circularity": 0.9872517504352208,
          "Cell: Max caliper": 17.093031239827972,
          "Cell: Min caliper": 14.0,
          "Cell: Eccentricity": 0.5197502715450817,
          "Cell: Channel 1 mean": 2730.1326530612246,
          "Cell: Channel 1 std dev": 8272.511399454688,
          "Cell: Channel 1 max": 39789.0,
          "Cell: Channel 1 min": 0.0,
          "Cytoplasm: Channel 1 mean": 24.206451612903226,
          "Cytoplasm: Channel 1 std dev": 79.47610085715745,
          "Cytoplasm: Channel 1 max": 828.0,
          "Cytoplasm: Channel 1 min": 0.0
        }
      }
    },
    {
      "type": "Feature",
      "id": "f1e3bd3b-15e3-4210-97b3-577356a75666",
      "geometry": {
        "type": "Polygon",
        "coordinates": [
          [
            [152, 164.66],
            [152.13, 170.65],
            [153.08, 172.41],
            [156.33, 174.67],
            [160.31, 175],
            [162.21, 174.39],
            [166.43, 170.13],
            [166.83, 168.17],
            [163.33, 161],
            [161.65, 160],
            [155.65, 160.17],
            [152.62, 162.76],
            [152, 164.66]
          ]
        ]
      },
      "properties": {
        "objectType": "cell",
        "measurements": {
          "Cell: Area": 179.0,
          "Cell: Perimeter": 47.96145758579219,
          "Cell: Circularity": 0.977863303704902,
          "Cell: Max caliper": 15.660228186627032,
          "Cell: Min caliper": 14.485722983169273,
          "Cell: Eccentricity": 0.29446265766131663,
          "Cell: Channel 1 mean": 7108.906077348066,
          "Cell: Channel 1 std dev": 16290.375757790807,
          "Cell: Channel 1 max": 58584.0,
          "Cell: Channel 1 min": 0.0,
          "Cytoplasm: Channel 1 mean": 236.91666666666666,
          "Cytoplasm: Channel 1 std dev": 701.7353265523041,
          "Cytoplasm: Channel 1 max": 5602.0,
          "Cytoplasm: Channel 1 min": 0.0
        }
      }
    },
    {
      "type": "Feature",
      "id": "fbbc8be6-a897-449c-830a-d1080c8a9a10",
      "geometry": {
        "type": "Polygon",
        "coordinates": [
          [
            [0, 173.18],
            [0.55, 175.11],
            [2.34, 176],
            [6.34, 175.93],
            [8.18, 175.15],
            [11.89, 170.53],
            [11.32, 164.65],
            [7.13, 161.09],
            [1.19, 161.47],
            [0.16, 163.19],
            [0, 173.18]
          ]
        ]
      },
      "properties": {
        "objectType": "cell",
        "measurements": {
          "Cell: Area": 155.0,
          "Cell: Perimeter": 45.507552580357626,
          "Cell: Circularity": 0.9405342237355709,
          "Cell: Max caliper": 15.66249620276998,
          "Cell: Min caliper": 12.0,
          "Cell: Eccentricity": 0.6004992171277248,
          "Cell: Channel 1 mean": 5356.196202531645,
          "Cell: Channel 1 std dev": 13573.074551586144,
          "Cell: Channel 1 max": 59007.0,
          "Cell: Channel 1 min": 0.0,
          "Cytoplasm: Channel 1 mean": 87.80645161290323,
          "Cytoplasm: Channel 1 std dev": 472.7807838222004,
          "Cytoplasm: Channel 1 max": 3978.0,
          "Cytoplasm: Channel 1 min": 0.0
        }
      }
    },
    {
      "type": "Feature",
      "id": "da8bfea7-057c-4611-94c7-fd8a3a908fb1",
      "geometry": {
        "type": "Polygon",
        "coordinates": [
          [
            [109.1, 169.51],
            [109.97, 171.31],
            [114.22, 175.55],
            [120.16, 175.92],
            [124.55, 171.89],
            [125, 167.94],
            [123.57, 164.24],
            [119.63, 161.42],
            [115.67, 161],
            [112.04, 162.63],
            [109.29, 165.53],
            [109.1, 169.51]
          ]
        ]
      },
      "properties": {
        "objectType": "cell",
        "measurements": {
          "Cell: Area": 190.0,
          "Cell: Perimeter": 48.91662420137315,
          "Cell: Circularity": 0.9978161034601037,
          "Cell: Max caliper": 16.532709282791853,
          "Cell: Min caliper": 14.61354443292499,
          "Cell: Eccentricity": 0.4012280685256118,
          "Cell: Channel 1 mean": 4135.833333333333,
          "Cell: Channel 1 std dev": 10126.859229120464,
          "Cell: Channel 1 max": 49112.0,
          "Cell: Channel 1 min": 0.0,
          "Cytoplasm: Channel 1 mean": 69.86363636363636,
          "Cytoplasm: Channel 1 std dev": 245.32118651147175,
          "Cytoplasm: Channel 1 max": 1851.0,
          "Cytoplasm: Channel 1 min": 0.0
        }
      }
    },
    {
      "type": "Feature",
      "id": "85032f71-43ff-49ac-b275-974877797727",
      "geometry": {
        "type": "Polygon",
        "coordinates": [
          [
            [175.11, 168.45],
            [175.29, 172.43],
            [176.78, 173.76],
            [186.63, 172.67],
            [189.47, 169.86],
            [189.97, 165.93],
            [186.16, 162.1],
            [182.16, 162],
            [178.46, 163.54],
            [175.11, 168.45]
          ]
        ]
      },
      "properties": {
        "objectType": "cell",
        "measurements": {
          "Cell: Area": 140.0,
          "Cell: Perimeter": 43.48008176737111,
          "Cell: Circularity": 0.9305874588527475,
          "Cell: Max caliper": 16.053609683657125,
          "Cell: Min caliper": 11.243280209331536,
          "Cell: Eccentricity": 0.7215333678137648,
          "Cell: Channel 1 mean": 652.1056338028169,
          "Cell: Channel 1 std dev": 2492.465752577044,
          "Cell: Channel 1 max": 19777.0,
          "Cell: Channel 1 min": 0.0,
          "Cytoplasm: Channel 1 mean": 58.06896551724138,
          "Cytoplasm: Channel 1 std dev": 192.4978926655034,
          "Cytoplasm: Channel 1 max": 1633.0,
          "Cytoplasm: Channel 1 min": 0.0
        }
      }
    },
    {
      "type": "Feature",
      "id": "7394a8d6-bc4a-4dda-a46e-b1087c507c20",
      "geometry": {
        "type": "Polygon",
        "coordinates": [
          [
            [311.19, 173.37],
            [312.34, 175.01],
            [317.63, 177.82],
            [319.63, 178],
            [323.16, 176.17],
            [327.41, 171.93],
            [328, 168.02],
            [325.33, 165.16],
            [319.33, 165],
            [318.49, 164.41],
            [311.32, 171.38],
            [311.19, 173.37]
          ]
        ]
      },
      "properties": {
        "objectType": "cell",
        "measurements": {
          "Cell: Area": 163.0,
          "Cell: Perimeter": 47.02377563953396,
          "Cell: Circularity": 0.926323059181467,
          "Cell: Max caliper": 17.64608278490479,
          "Cell: Min caliper": 11.785113972322232,
          "Cell: Eccentricity": 0.7047043089870825,
          "Cell: Channel 1 mean": 268.44785276073617,
          "Cell: Channel 1 std dev": 639.6810080164689,
          "Cell: Channel 1 max": 3420.0,
          "Cell: Channel 1 min": 0.0,
          "Cytoplasm: Channel 1 mean": 32.296875,
          "Cytoplasm: Channel 1 std dev": 139.29351321868205,
          "Cytoplasm: Channel 1 max": 1407.0,
          "Cytoplasm: Channel 1 min": 0.0
        }
      }
    },
    {
      "type": "Feature",
      "id": "1fea2706-d3d2-48b7-bfae-e547f092aad6",
      "geometry": {
        "type": "Polygon",
        "coordinates": [
          [
            [92.03, 170.83],
            [92.44, 174.78],
            [95.27, 177.61],
            [98.99, 179],
            [100.98, 178.8],
            [105.47, 174.86],
            [106, 172.93],
            [105.97, 168.93],
            [102.63, 165.42],
            [96.68, 165],
            [94.78, 165.61],
            [93.45, 167.11],
            [92.03, 170.83]
          ]
        ]
      },
      "properties": {
        "objectType": "cell",
        "measurements": {
          "Cell: Area": 161.0,
          "Cell: Perimeter": 44.90707909430967,
          "Cell: Circularity": 1.0,
          "Cell: Max caliper": 14.731154874912132,
          "Cell: Min caliper": 13.99972617042555,
          "Cell: Eccentricity": 0.18274932565529806,
          "Cell: Channel 1 mean": 66.5246913580247,
          "Cell: Channel 1 std dev": 301.0983248872437,
          "Cell: Channel 1 max": 2585.0,
          "Cell: Channel 1 min": 0.0,
          "Cytoplasm: Channel 1 mean": 1.1470588235294117,
          "Cytoplasm: Channel 1 std dev": 4.362346313565342,
          "Cytoplasm: Channel 1 max": 29.0,
          "Cytoplasm: Channel 1 min": 0.0
        }
      }
    },
    {
      "type": "Feature",
      "id": "fad9e59b-f899-48e7-8f7f-0ccfbcfc232d",
      "geometry": {
        "type": "Polygon",
        "coordinates": [
          [
            [58, 176.86],
            [58.95, 178.62],
            [62.37, 180.67],
            [66.34, 180.93],
            [68.18, 180.15],
            [71.89, 175.53],
            [71.32, 169.65],
            [67.93, 166.62],
            [66.03, 166],
            [62.08, 166.46],
            [58.07, 170.86],
            [58, 176.86]
          ]
        ]
      },
      "properties": {
        "objectType": "cell",
        "measurements": {
          "Cell: Area": 171.0,
          "Cell: Perimeter": 46.55450123171606,
          "Cell: Circularity": 0.9914769409362951,
          "Cell: Max caliper": 15.275298441448388,
          "Cell: Min caliper": 14.0,
          "Cell: Eccentricity": 0.3708932693035932,
          "Cell: Channel 1 mean": 413.60115606936415,
          "Cell: Channel 1 std dev": 2002.0036235240204,
          "Cell: Channel 1 max": 17386.0,
          "Cell: Channel 1 min": 0.0,
          "Cytoplasm: Channel 1 mean": 8.049295774647888,
          "Cytoplasm: Channel 1 std dev": 34.74901446937377,
          "Cytoplasm: Channel 1 max": 301.0,
          "Cytoplasm: Channel 1 min": 0.0
        }
      }
    },
    {
      "type": "Feature",
      "id": "c5dae128-6e7d-4ff0-a5fd-f4be9be0977d",
      "geometry": {
        "type": "Polygon",
        "coordinates": [
          [
            [247.35, 170.38],
            [248.12, 172.23],
            [254.57, 179.78],
            [256.57, 179.69],
            [260, 177.67],
            [261, 175.93],
            [260.97, 169.93],
            [257.75, 166.5],
            [253.82, 166],
            [250.14, 167.52],
            [247.35, 170.38]
          ]
        ]
      },
      "properties": {
        "objectType": "cell",
        "measurements": {
          "Cell: Area": 137.0,
          "Cell: Perimeter": 42.765413947971034,
          "Cell: Circularity": 0.94133687338259,
          "Cell: Max caliper": 14.734795014363616,
          "Cell: Min caliper": 11.62987958033556,
          "Cell: Eccentricity": 0.5673887128332145,
          "Cell: Channel 1 mean": 184.8832116788321,
          "Cell: Channel 1 std dev": 991.0141497898641,
          "Cell: Channel 1 max": 8538.0,
          "Cell: Channel 1 min": 0.0,
          "Cytoplasm: Channel 1 mean": 2.6875,
          "Cytoplasm: Channel 1 std dev": 10.589839810271316,
          "Cytoplasm: Channel 1 max": 77.0,
          "Cytoplasm: Channel 1 min": 0.0
        }
      }
    },
    {
      "type": "Feature",
      "id": "d531b1da-d8ea-4f04-9d50-2a1f22046612",
      "geometry": {
        "type": "Polygon",
        "coordinates": [
          [
            [294.33, 173.47],
            [296.53, 179.06],
            [300.99, 183],
            [302.99, 183],
            [306.12, 180.55],
            [307.81, 176.94],
            [307.51, 173.01],
            [300.48, 169],
            [298.5, 169.25],
            [294.33, 173.47]
          ]
        ]
      },
      "properties": {
        "objectType": "cell",
        "measurements": {
          "Cell: Area": 133.0,
          "Cell: Perimeter": 42.10960036716715,
          "Cell: Circularity": 0.9425388610352889,
          "Cell: Max caliper": 14.464437587568222,
          "Cell: Min caliper": 11.982343939500723,
          "Cell: Eccentricity": 0.5373689662622647,
          "Cell: Channel 1 mean": 4375.117647058823,
          "Cell: Channel 1 std dev": 13048.381919870271,
          "Cell: Channel 1 max": 60167.0,
          "Cell: Channel 1 min": 0.0,
          "Cytoplasm: Channel 1 mean": 115.76851851851852,
          "Cytoplasm: Channel 1 std dev": 401.3279267557222,
          "Cytoplasm: Channel 1 max": 2938.0,
          "Cytoplasm: Channel 1 min": 0.0
        }
      }
    },
    {
      "type": "Feature",
      "id": "41b052d3-b0e2-4a6f-ad4b-792bc4bce2e4",
      "geometry": {
        "type": "Polygon",
        "coordinates": [
          [
            [12, 178.61],
            [12.3, 182.59],
            [15.01, 185.5],
            [20.81, 186.9],
            [24.76, 186.58],
            [28.77, 182.14],
            [28.6, 176.19],
            [25.9, 173.24],
            [22.31, 171],
            [18.34, 171.33],
            [13.67, 175],
            [12, 178.61]
          ]
        ]
      },
      "properties": {
        "objectType": "cell",
        "measurements": {
          "Cell: Area": 215.0,
          "Cell: Perimeter": 52.275918338256545,
          "Cell: Circularity": 0.9886554896909323,
          "Cell: Max caliper": 17.511428251381826,
          "Cell: Min caliper": 15.826774652038004,
          "Cell: Eccentricity": 0.4055396244386728,
          "Cell: Channel 1 mean": 4994.87962962963,
          "Cell: Channel 1 std dev": 11851.464909722079,
          "Cell: Channel 1 max": 62054.0,
          "Cell: Channel 1 min": 0.0,
          "Cytoplasm: Channel 1 mean": 507.3786982248521,
          "Cytoplasm: Channel 1 std dev": 1623.0032966608862,
          "Cytoplasm: Channel 1 max": 10074.0,
          "Cytoplasm: Channel 1 min": 0.0
        }
      }
    },
    {
      "type": "Feature",
      "id": "ed44549b-cd20-4990-a43c-84fcd7d5b30e",
      "geometry": {
        "type": "Polygon",
        "coordinates": [
          [
            [175.11, 175.89],
            [175.49, 181.82],
            [178.32, 184.65],
            [186.28, 184.86],
            [189.34, 182.31],
            [190, 180.42],
            [189.72, 176.44],
            [186.76, 174],
            [180.77, 174.12],
            [175.11, 175.89]
          ]
        ]
      },
      "properties": {
        "objectType": "cell",
        "measurements": {
          "Cell: Area": 144.0,
          "Cell: Perimeter": 43.86136354215593,
          "Cell: Circularity": 0.9406067666805901,
          "Cell: Max caliper": 15.61505983231553,
          "Cell: Min caliper": 11.0,
          "Cell: Eccentricity": 0.6835391648008965,
          "Cell: Channel 1 mean": 1263.6206896551723,
          "Cell: Channel 1 std dev": 3919.38393165758,
          "Cell: Channel 1 max": 20240.0,
          "Cell: Channel 1 min": 0.0,
          "Cytoplasm: Channel 1 mean": 24.79824561403509,
          "Cytoplasm: Channel 1 std dev": 123.9037722414292,
          "Cytoplasm: Channel 1 max": 1268.0,
          "Cytoplasm: Channel 1 min": 0.0
        }
      }
    },
    {
      "type": "Feature",
      "id": "cc6c352a-dafa-47d3-8cf1-a3bb3bbc5712",
      "geometry": {
        "type": "Polygon",
        "coordinates": [
          [
            [241.14, 179.7],
            [244.94, 184.27],
            [248.82, 185],
            [250.59, 184.08],
            [252.98, 180.92],
            [251.6, 177.19],
            [247.33, 173],
            [246.61, 171.32],
            [244.62, 171.19],
            [241.6, 173.79],
            [241.14, 179.7]
          ]
        ]
      },
      "properties": {
        "objectType": "cell",
        "measurements": {
          "Cell: Area": 116.0,
          "Cell: Perimeter": 39.82615070854131,
          "Cell: Circularity": 0.9190331725415426,
          "Cell: Max caliper": 14.432788381010347,
          "Cell: Min caliper": 10.001836394329967,
          "Cell: Eccentricity": 0.7094622186858743,
          "Cell: Channel 1 mean": 101.91525423728814,
          "Cell: Channel 1 std dev": 581.6090203786666,
          "Cell: Channel 1 max": 5769.0,
          "Cell: Channel 1 min": 0.0,
          "Cytoplasm: Channel 1 mean": 2.3,
          "Cytoplasm: Channel 1 std dev": 9.49375126761351,
          "Cytoplasm: Channel 1 max": 76.0,
          "Cytoplasm: Channel 1 min": 0.0
        }
      }
    },
    {
      "type": "Feature",
      "id": "5b0b1e4c-cc06-4796-a4de-460c6c6b167b",
      "geometry": {
        "type": "Polygon",
        "coordinates": [
          [
            [338.13, 177.75],
            [338.38, 181.71],
            [342.62, 185.95],
            [344.39, 186.88],
            [348.28, 186.36],
            [349.58, 184.84],
            [352.89, 177.57],
            [352.32, 175.65],
            [347.48, 172],
            [343.48, 172.1],
            [341.68, 172.98],
            [338.13, 177.75]
          ]
        ]
      },
      "properties": {
        "objectType": "cell",
        "measurements": {
          "Cell: Area": 165.0,
          "Cell: Perimeter": 46.114979525654036,
          "Cell: Circularity": 0.9750115669304372,
          "Cell: Max caliper": 15.201155885905866,
          "Cell: Min caliper": 13.416421512874575,
          "Cell: Eccentricity": 0.30049389914854907,
          "Cell: Channel 1 mean": 4292.8452380952385,
          "Cell: Channel 1 std dev": 13917.372729379646,
          "Cell: Channel 1 max": 65535.0,
          "Cell: Channel 1 min": 0.0,
          "Cytoplasm: Channel 1 mean": 33.78832116788321,
          "Cytoplasm: Channel 1 std dev": 83.97946445910017,
          "Cytoplasm: Channel 1 max": 407.0,
          "Cytoplasm: Channel 1 min": 0.0
        }
      }
    },
    {
      "type": "Feature",
      "id": "9d04cc19-186a-4c4a-9629-2750832efae8",
      "geometry": {
        "type": "Polygon",
        "coordinates": [
          [
            [285.18, 177.09],
            [285.51, 185.02],
            [289.95, 188.98],
            [293.88, 188.46],
            [298.12, 184.21],
            [298.61, 182.27],
            [295.78, 179.44],
            [293.25, 173.91],
            [291.47, 173],
            [287.68, 173.99],
            [285.18, 177.09]
          ]
        ]
      },
      "properties": {
        "objectType": "cell",
        "measurements": {
          "Cell: Area": 155.0,
          "Cell: Perimeter": 46.123658593756424,
          "Cell: Circularity": 0.915575292751102,
          "Cell: Max caliper": 16.086753118436537,
          "Cell: Min caliper": 12.519780776983808,
          "Cell: Eccentricity": 0.6409443976660809,
          "Cell: Channel 1 mean": 2471.748427672956,
          "Cell: Channel 1 std dev": 5492.241348021625,
          "Cell: Channel 1 max": 26912.0,
          "Cell: Channel 1 min": 0.0,
          "Cytoplasm: Channel 1 mean": 556.3385826771654,
          "Cytoplasm: Channel 1 std dev": 1737.9485545040561,
          "Cytoplasm: Channel 1 max": 9471.0,
          "Cytoplasm: Channel 1 min": 0.0
        }
      }
    },
    {
      "type": "Feature",
      "id": "9e85a886-8e71-42b1-86a2-562d2260d210",
      "geometry": {
        "type": "Polygon",
        "coordinates": [
          [
            [307, 181.06],
            [307.03, 185.06],
            [309.5, 188.17],
            [311.33, 189],
            [315.32, 188.94],
            [317.17, 188.16],
            [319.77, 185.14],
            [319.83, 181.16],
            [318.79, 179.45],
            [312.52, 176.35],
            [310.52, 176.3],
            [307, 181.06]
          ]
        ]
      },
      "properties": {
        "objectType": "cell",
        "measurements": {
          "Cell: Area": 132.0,
          "Cell: Perimeter": 41.04424794826672,
          "Cell: Circularity": 0.9846438896994231,
          "Cell: Max caliper": 13.603785720445535,
          "Cell: Min caliper": 11.987964396281873,
          "Cell: Eccentricity": 0.4199581714274093,
          "Cell: Channel 1 mean": 211.57462686567163,
          "Cell: Channel 1 std dev": 1132.1465497798551,
          "Cell: Channel 1 max": 10191.0,
          "Cell: Channel 1 min": 0.0,
          "Cytoplasm: Channel 1 mean": 6.034782608695652,
          "Cytoplasm: Channel 1 std dev": 23.239761161764015,
          "Cytoplasm: Channel 1 max": 195.0,
          "Cytoplasm: Channel 1 min": 0.0
        }
      }
    },
    {
      "type": "Feature",
      "id": "70b4f68e-d959-4ba7-bbab-c7a5057fc9cd",
      "geometry": {
        "type": "Polygon",
        "coordinates": [
          [
            [350.09, 185.82],
            [350.45, 187.78],
            [353.28, 190.61],
            [357, 192],
            [362.59, 190.08],
            [365, 186.93],
            [364.97, 180.93],
            [360.91, 177],
            [354.91, 177.09],
            [350.09, 185.82]
          ]
        ]
      },
      "properties": {
        "objectType": "cell",
        "measurements": {
          "Cell: Area": 176.0,
          "Cell: Perimeter": 47.74136795053727,
          "Cell: Circularity": 0.9703598398567219,
          "Cell: Max caliper": 16.0518091229624,
          "Cell: Min caliper": 13.833322609266174,
          "Cell: Eccentricity": 0.4719543012417846,
          "Cell: Channel 1 mean": 4618.2316384180795,
          "Cell: Channel 1 std dev": 11544.619223193928,
          "Cell: Channel 1 max": 47046.0,
          "Cell: Channel 1 min": 0.0,
          "Cytoplasm: Channel 1 mean": 114.07801418439716,
          "Cytoplasm: Channel 1 std dev": 551.7228997930287,
          "Cytoplasm: Channel 1 max": 5382.0,
          "Cytoplasm: Channel 1 min": 0.0
        }
      }
    },
    {
      "type": "Feature",
      "id": "c105b934-06f5-4ba3-9cf5-cd523393527c",
      "geometry": {
        "type": "Polygon",
        "coordinates": [
          [
            [206.01, 189.04],
            [206.61, 190.94],
            [211.23, 194.67],
            [216.23, 191.39],
            [220.67, 187.39],
            [219.32, 183.65],
            [216.1, 180.77],
            [212.26, 180.15],
            [208.6, 181.74],
            [206.46, 185.09],
            [206.01, 189.04]
          ]
        ]
      },
      "properties": {
        "objectType": "cell",
        "measurements": {
          "Cell: Area": 146.0,
          "Cell: Perimeter": 44.329684673627284,
          "Cell: Circularity": 0.9336270706320006,
          "Cell: Max caliper": 14.975843405811313,
          "Cell: Min caliper": 12.253990627388333,
          "Cell: Eccentricity": 0.5408006551359614,
          "Cell: Channel 1 mean": 3734.06,
          "Cell: Channel 1 std dev": 10201.797676978966,
          "Cell: Channel 1 max": 47565.0,
          "Cell: Channel 1 min": 0.0,
          "Cytoplasm: Channel 1 mean": 78.33613445378151,
          "Cytoplasm: Channel 1 std dev": 405.6184079104131,
          "Cytoplasm: Channel 1 max": 4195.0,
          "Cytoplasm: Channel 1 min": 0.0
        }
      }
    },
    {
      "type": "Feature",
      "id": "2f291438-2afa-4b7e-be2e-eaa3fccd0a7b",
      "geometry": {
        "type": "Polygon",
        "coordinates": [
          [
            [294, 190.66],
            [294.32, 194.63],
            [297.05, 197.52],
            [302.98, 197.8],
            [307.47, 193.86],
            [307.97, 187.93],
            [304.76, 184.51],
            [300.82, 184],
            [298.9, 184.55],
            [294.62, 188.75],
            [294, 190.66]
          ]
        ]
      },
      "properties": {
        "objectType": "cell",
        "measurements": {
          "Cell: Area": 158.0,
          "Cell: Perimeter": 44.75854897697954,
          "Cell: Circularity": 0.991094243144634,
          "Cell: Max caliper": 15.205697138639188,
          "Cell: Min caliper": 12.727911271764636,
          "Cell: Eccentricity": 0.5085114484399655,
          "Cell: Channel 1 mean": 2552.7798742138366,
          "Cell: Channel 1 std dev": 8927.298618047618,
          "Cell: Channel 1 max": 56640.0,
          "Cell: Channel 1 min": 0.0,
          "Cytoplasm: Channel 1 mean": 15.930232558139535,
          "Cytoplasm: Channel 1 std dev": 40.08432245874618,
          "Cytoplasm: Channel 1 max": 172.0,
          "Cytoplasm: Channel 1 min": 0.0
        }
      }
    },
    {
      "type": "Feature",
      "id": "1a86855f-92a2-4975-aada-249259bb6833",
      "geometry": {
        "type": "Polygon",
        "coordinates": [
          [
            [5, 194.94],
            [6.15, 196.58],
            [11.03, 200.01],
            [14.81, 201],
            [16.59, 200.08],
            [19, 196.93],
            [18.97, 190.93],
            [15.31, 187.21],
            [9.32, 187],
            [7.5, 187.83],
            [5.03, 190.94],
            [5, 194.94]
          ]
        ]
      },
      "properties": {
        "objectType": "cell",
        "measurements": {
          "Cell: Area": 158.0,
          "Cell: Perimeter": 45.29075827081637,
          "Cell: Circularity": 0.9679385065722502,
          "Cell: Max caliper": 15.25028145343348,
          "Cell: Min caliper": 12.935045498727746,
          "Cell: Eccentricity": 0.48801479566951894,
          "Cell: Channel 1 mean": 4926.955696202532,
          "Cell: Channel 1 std dev": 14006.802497196737,
          "Cell: Channel 1 max": 64438.0,
          "Cell: Channel 1 min": 0.0,
          "Cytoplasm: Channel 1 mean": 142.6953125,
          "Cytoplasm: Channel 1 std dev": 790.8122661496943,
          "Cytoplasm: Channel 1 max": 8170.0,
          "Cytoplasm: Channel 1 min": 0.0
        }
      }
    },
    {
      "type": "Feature",
      "id": "51fbcd91-51e5-42f9-b116-75996d17c778",
      "geometry": {
        "type": "Polygon",
        "coordinates": [
          [
            [211.62, 195.81],
            [212.34, 197.68],
            [215.17, 200.5],
            [219.11, 200.98],
            [221, 200.33],
            [223.72, 197.4],
            [223.72, 191.44],
            [221.42, 189.28],
            [219.48, 189.76],
            [211.62, 195.81]
          ]
        ]
      },
      "properties": {
        "objectType": "cell",
        "measurements": {
          "Cell: Area": 102.0,
          "Cell: Perimeter": 37.166353482887715,
          "Cell: Circularity": 0.9279191329591336,
          "Cell: Max caliper": 12.974211438212862,
          "Cell: Min caliper": 9.546475363922411,
          "Cell: Eccentricity": 0.6553789417890377,
          "Cell: Channel 1 mean": 1149.798076923077,
          "Cell: Channel 1 std dev": 3776.321337270753,
          "Cell: Channel 1 max": 23499.0,
          "Cell: Channel 1 min": 0.0,
          "Cytoplasm: Channel 1 mean": 129.07954545454547,
          "Cytoplasm: Channel 1 std dev": 522.4155042846953,
          "Cytoplasm: Channel 1 max": 3406.0,
          "Cytoplasm: Channel 1 min": 0.0
        }
      }
    },
    {
      "type": "Feature",
      "id": "d1b9e59f-3d91-4f65-ae47-eed60658ac74",
      "geometry": {
        "type": "Polygon",
        "coordinates": [
          [
            [103.25, 194.73],
            [103.93, 198.64],
            [106.85, 203.85],
            [110.77, 203.46],
            [112.56, 199.88],
            [112.97, 195.93],
            [111.9, 194.24],
            [108.22, 192],
            [106.23, 192.15],
            [103.25, 194.73]
          ]
        ]
      },
      "properties": {
        "objectType": "cell",
        "measurements": {
          "Cell: Area": 89.0,
          "Cell: Perimeter": 34.362281263707445,
          "Cell: Circularity": 0.9471873603788267,
          "Cell: Max caliper": 12.184560320596729,
          "Cell: Min caliper": 9.362608095697848,
          "Cell: Eccentricity": 0.642017308686211,
          "Cell: Channel 1 mean": 92.3695652173913,
          "Cell: Channel 1 std dev": 405.8557021056585,
          "Cell: Channel 1 max": 2841.0,
          "Cell: Channel 1 min": 0.0,
          "Cytoplasm: Channel 1 mean": 18.4390243902439,
          "Cytoplasm: Channel 1 std dev": 82.94042150859913,
          "Cytoplasm: Channel 1 max": 671.0,
          "Cytoplasm: Channel 1 min": 0.0
        }
      }
    },
    {
      "type": "Feature",
      "id": "73101325-334a-4d06-9765-6431482b8c88",
      "geometry": {
        "type": "Polygon",
        "coordinates": [
          [
            [112.34, 202.33],
            [112.91, 204.24],
            [120.49, 206.75],
            [124.35, 206.3],
            [126, 198.53],
            [125.32, 196.65],
            [122.11, 193.78],
            [118.28, 193.14],
            [114.63, 194.75],
            [112.34, 202.33]
          ]
        ]
      },
      "properties": {
        "objectType": "cell",
        "measurements": {
          "Cell: Area": 142.0,
          "Cell: Perimeter": 44.312116225133884,
          "Cell: Circularity": 0.9087684182653054,
          "Cell: Max caliper": 15.100297836229252,
          "Cell: Min caliper": 12.739077345836442,
          "Cell: Eccentricity": 0.3917130199619584,
          "Cell: Channel 1 mean": 1681.6206896551723,
          "Cell: Channel 1 std dev": 6998.110167582709,
          "Cell: Channel 1 max": 51950.0,
          "Cell: Channel 1 min": 0.0,
          "Cytoplasm: Channel 1 mean": 15.077586206896552,
          "Cytoplasm: Channel 1 std dev": 42.163274945418294,
          "Cytoplasm: Channel 1 max": 211.0,
          "Cytoplasm: Channel 1 min": 0.0
        }
      }
    },
    {
      "type": "Feature",
      "id": "13892af1-ff49-472f-b2fa-bbeec4406f85",
      "geometry": {
        "type": "Polygon",
        "coordinates": [
          [
            [347.15, 199.27],
            [347.59, 203.18],
            [350.85, 205.43],
            [352.63, 208.96],
            [355.53, 211.71],
            [359.51, 211.9],
            [361.31, 211.03],
            [363.81, 207.93],
            [364, 199.94],
            [362.57, 196.24],
            [358.12, 193.08],
            [350.28, 194.36],
            [348.72, 195.61],
            [347.15, 199.27]
          ]
        ]
      },
      "properties": {
        "objectType": "cell",
        "measurements": {
          "Cell: Area": 245.0,
          "Cell: Perimeter": 57.52442015716276,
          "Cell: Circularity": 0.9304037432224699,
          "Cell: Max caliper": 19.98330688912902,
          "Cell: Min caliper": 15.85537341122297,
          "Cell: Eccentricity": 0.6114052884151678,
          "Cell: Channel 1 mean": 268.81854838709677,
          "Cell: Channel 1 std dev": 858.7364100832937,
          "Cell: Channel 1 max": 7058.0,
          "Cell: Channel 1 min": 0.0,
          "Cytoplasm: Channel 1 mean": 8.974226804123711,
          "Cytoplasm: Channel 1 std dev": 28.738130790226585,
          "Cytoplasm: Channel 1 max": 200.0,
          "Cytoplasm: Channel 1 min": 0.0
        }
      }
    },
    {
      "type": "Feature",
      "id": "1680f0de-0913-4ce6-9ca0-599cb1009eb3",
      "geometry": {
        "type": "Polygon",
        "coordinates": [
          [
            [92, 204],
            [95.93, 208.47],
            [101.82, 208.59],
            [104.77, 205.9],
            [105.52, 204.04],
            [100.98, 194.65],
            [97.1, 194.18],
            [92.58, 198.08],
            [92, 204]
          ]
        ]
      },
      "properties": {
        "objectType": "cell",
        "measurements": {
          "Cell: Area": 150.0,
          "Cell: Perimeter": 44.49660989573377,
          "Cell: Circularity": 0.9520226359280033,
          "Cell: Max caliper": 15.163949511228736,
          "Cell: Min caliper": 12.3962721769092,
          "Cell: Eccentricity": 0.5717711617707736,
          "Cell: Channel 1 mean": 163.92763157894737,
          "Cell: Channel 1 std dev": 899.1981645327072,
          "Cell: Channel 1 max": 8589.0,
          "Cell: Channel 1 min": 0.0,
          "Cytoplasm: Channel 1 mean": 3.814516129032258,
          "Cytoplasm: Channel 1 std dev": 13.489150675369713,
          "Cytoplasm: Channel 1 max": 107.0,
          "Cytoplasm: Channel 1 min": 0.0
        }
      }
    },
    {
      "type": "Feature",
      "id": "2b4d5c19-0483-4d92-857d-867ea278c1fb",
      "geometry": {
        "type": "Polygon",
        "coordinates": [
          [
            [126, 202.09],
            [126.65, 205.98],
            [129.57, 208.71],
            [133.53, 208.73],
            [137.74, 204.52],
            [138, 200.53],
            [137.32, 198.65],
            [133.62, 195.41],
            [129.68, 195.26],
            [127.15, 198.27],
            [126, 202.09]
          ]
        ]
      },
      "properties": {
        "objectType": "cell",
        "measurements": {
          "Cell: Area": 132.0,
          "Cell: Perimeter": 40.926526438942325,
          "Cell: Circularity": 0.9903165173448507,
          "Cell: Max caliper": 14.009923888215248,
          "Cell: Min caliper": 11.944466251975216,
          "Cell: Eccentricity": 0.5395463124626697,
          "Cell: Channel 1 mean": 106.78195488721805,
          "Cell: Channel 1 std dev": 539.9112207933575,
          "Cell: Channel 1 max": 4367.0,
          "Cell: Channel 1 min": 0.0,
          "Cytoplasm: Channel 1 mean": 1.817391304347826,
          "Cytoplasm: Channel 1 std dev": 6.744175666136907,
          "Cytoplasm: Channel 1 max": 47.0,
          "Cytoplasm: Channel 1 min": 0.0
        }
      }
    },
    {
      "type": "Feature",
      "id": "4106c2b8-fe19-4764-a7c7-a1aaadb24a71",
      "geometry": {
        "type": "Polygon",
        "coordinates": [
          [
            [156, 201.32],
            [156.83, 205.17],
            [161.08, 209.41],
            [166.99, 210],
            [171.46, 206.08],
            [171.6, 200.19],
            [166.91, 195.6],
            [163, 195],
            [159.28, 196.39],
            [156, 201.32]
          ]
        ]
      },
      "properties": {
        "objectType": "cell",
        "measurements": {
          "Cell: Area": 187.0,
          "Cell: Perimeter": 48.58189337710111,
          "Cell: Circularity": 0.9956405992578681,
          "Cell: Max caliper": 16.2482420525508,
          "Cell: Min caliper": 14.142135623730951,
          "Cell: Eccentricity": 0.40847886098935904,
          "Cell: Channel 1 mean": 4625.648936170212,
          "Cell: Channel 1 std dev": 13438.095275973774,
          "Cell: Channel 1 max": 61375.0,
          "Cell: Channel 1 min": 0.0,
          "Cytoplasm: Channel 1 mean": 58.875,
          "Cytoplasm: Channel 1 std dev": 250.95220812256144,
          "Cytoplasm: Channel 1 max": 2209.0,
          "Cytoplasm: Channel 1 min": 0.0
        }
      }
    },
    {
      "type": "Feature",
      "id": "f0f38929-5a0c-4dec-842d-ba213c990d9a",
      "geometry": {
        "type": "Polygon",
        "coordinates": [
          [
            [318, 205.56],
            [318.75, 207.41],
            [321.84, 209.92],
            [327.69, 208.66],
            [332.74, 205.52],
            [333, 201.53],
            [332.32, 199.65],
            [327.57, 196],
            [323.57, 196.09],
            [321.75, 196.91],
            [318.09, 201.56],
            [318, 205.56]
          ]
        ]
      },
      "properties": {
        "objectType": "cell",
        "measurements": {
          "Cell: Area": 163.0,
          "Cell: Perimeter": 46.02695941150546,
          "Cell: Circularity": 0.9668807118068822,
          "Cell: Max caliper": 15.634672050423896,
          "Cell: Min caliper": 13.145843984284271,
          "Cell: Eccentricity": 0.5263594829429776,
          "Cell: Channel 1 mean": 5503.777108433735,
          "Cell: Channel 1 std dev": 15837.948701113704,
          "Cell: Channel 1 max": 65535.0,
          "Cell: Channel 1 min": 0.0,
          "Cytoplasm: Channel 1 mean": 44.082089552238806,
          "Cytoplasm: Channel 1 std dev": 102.60252884273491,
          "Cytoplasm: Channel 1 max": 489.0,
          "Cytoplasm: Channel 1 min": 0.0
        }
      }
    },
    {
      "type": "Feature",
      "id": "752677a9-fd25-4e58-a947-8490bfb33570",
      "geometry": {
        "type": "Polygon",
        "coordinates": [
          [
            [0, 201.23],
            [0, 209.23],
            [0.57, 211.15],
            [2.03, 212.52],
            [3.97, 213],
            [7.92, 212.54],
            [12.26, 208.4],
            [13, 206.55],
            [12.78, 202.56],
            [8.16, 198.82],
            [5.47, 197.31],
            [3.49, 197],
            [1.62, 197.71],
            [0, 201.23]
          ]
        ]
      },
      "properties": {
        "objectType": "cell",
        "measurements": {
          "Cell: Area": 166.0,
          "Cell: Perimeter": 47.104636682027284,
          "Cell: Circularity": 0.9401358962029263,
          "Cell: Max caliper": 16.191032277672864,
          "Cell: Min caliper": 13.0,
          "Cell: Eccentricity": 0.5392533125454734,
          "Cell: Channel 1 mean": 8957.640718562874,
          "Cell: Channel 1 std dev": 17110.451240844584,
          "Cell: Channel 1 max": 63642.0,
          "Cell: Channel 1 min": 0.0,
          "Cytoplasm: Channel 1 mean": 626.3149606299213,
          "Cytoplasm: Channel 1 std dev": 1980.307338263622,
          "Cytoplasm: Channel 1 max": 13564.0,
          "Cytoplasm: Channel 1 min": 0.0
        }
      }
    },
    {
      "type": "Feature",
      "id": "2794deab-d315-45cf-95ed-a5acc48187a2",
      "geometry": {
        "type": "Polygon",
        "coordinates": [
          [
            [196.22, 206.11],
            [199.08, 208.82],
            [202.99, 208],
            [210.53, 210.67],
            [212.39, 209.94],
            [213, 204.03],
            [211.98, 202.31],
            [207.16, 198.82],
            [203.21, 197],
            [199.25, 197.38],
            [196.41, 200.17],
            [196.22, 206.11]
          ]
        ]
      },
      "properties": {
        "objectType": "cell",
        "measurements": {
          "Cell: Area": 169.0,
          "Cell: Perimeter": 50.36874600323344,
          "Cell: Circularity": 0.837094120002038,
          "Cell: Max caliper": 18.728018516212227,
          "Cell: Min caliper": 12.32434338123231,
          "Cell: Eccentricity": 0.7943377190338469,
          "Cell: Channel 1 mean": 4058.0,
          "Cell: Channel 1 std dev": 8821.064790955952,
          "Cell: Channel 1 max": 40176.0,
          "Cell: Channel 1 min": 0.0,
          "Cytoplasm: Channel 1 mean": 243.54814814814816,
          "Cytoplasm: Channel 1 std dev": 818.3561491450773,
          "Cytoplasm: Channel 1 max": 4453.0,
          "Cytoplasm: Channel 1 min": 0.0
        }
      }
    },
    {
      "type": "Feature",
      "id": "70845a80-3a85-41b7-883a-81acff03ecca",
      "geometry": {
        "type": "Polygon",
        "coordinates": [
          [
            [274.13, 209.64],
            [277.9, 214.23],
            [281.77, 215],
            [283.56, 214.11],
            [287.64, 209.72],
            [287.75, 203.77],
            [285.9, 200.24],
            [282.84, 198],
            [276.96, 198.71],
            [274.27, 201.66],
            [274.13, 209.64]
          ]
        ]
      },
      "properties": {
        "objectType": "cell",
        "measurements": {
          "Cell: Area": 193.0,
          "Cell: Perimeter": 49.79830773649079,
          "Cell: Circularity": 0.9779980834201263,
          "Cell: Max caliper": 17.229414434029973,
          "Cell: Min caliper": 14.0,
          "Cell: Eccentricity": 0.5371718758087164,
          "Cell: Channel 1 mean": 1895.7602040816328,
          "Cell: Channel 1 std dev": 4571.399717042065,
          "Cell: Channel 1 max": 24583.0,
          "Cell: Channel 1 min": 0.0,
          "Cytoplasm: Channel 1 mean": 119.90384615384616,
          "Cytoplasm: Channel 1 std dev": 431.22804054566484,
          "Cytoplasm: Channel 1 max": 2788.0,
          "Cytoplasm: Channel 1 min": 0.0
        }
      }
    },
    {
      "type": "Feature",
      "id": "563e6f58-f971-4a6a-8d0d-cbe3f8c3eb51",
      "geometry": {
        "type": "Polygon",
        "coordinates": [
          [
            [223, 206.07],
            [223.96, 209.92],
            [226.13, 213.27],
            [228, 214],
            [229.91, 213.42],
            [232.69, 210.55],
            [233.91, 206.76],
            [237.03, 204.3],
            [236.97, 202.3],
            [232.03, 200.02],
            [230.03, 200],
            [226.3, 201.35],
            [223.44, 204.12],
            [223, 206.07]
          ]
        ]
      },
      "properties": {
        "objectType": "cell",
        "measurements": {
          "Cell: Area": 132.0,
          "Cell: Perimeter": 43.62617605596533,
          "Cell: Circularity": 0.8715443662777128,
          "Cell: Max caliper": 15.416211767995641,
          "Cell: Min caliper": 11.209324048392741,
          "Cell: Eccentricity": 0.6633201934613076,
          "Cell: Channel 1 mean": 5689.526315789473,
          "Cell: Channel 1 std dev": 11961.699044829496,
          "Cell: Channel 1 max": 46161.0,
          "Cell: Channel 1 min": 0.0,
          "Cytoplasm: Channel 1 mean": 651.9619047619047,
          "Cytoplasm: Channel 1 std dev": 2309.9674694837713,
          "Cytoplasm: Channel 1 max": 17303.0,
          "Cytoplasm: Channel 1 min": 0.0
        }
      }
    },
    {
      "type": "Feature",
      "id": "c4084dfd-8fb4-458f-9e32-f7c2708db38b",
      "geometry": {
        "type": "Polygon",
        "coordinates": [
          [
            [40.14, 208.7],
            [41.11, 210.45],
            [44.27, 212.85],
            [46.21, 212.39],
            [51.34, 209.31],
            [52, 207.42],
            [51.72, 203.44],
            [48.79, 201],
            [42.92, 201.75],
            [40.26, 204.72],
            [40.14, 208.7]
          ]
        ]
      },
      "properties": {
        "objectType": "cell",
        "measurements": {
          "Cell: Area": 112.0,
          "Cell: Perimeter": 37.83794816829263,
          "Cell: Circularity": 0.9830434883285102,
          "Cell: Max caliper": 12.718822740936183,
          "Cell: Min caliper": 10.848105492044686,
          "Cell: Eccentricity": 0.5071483940663924,
          "Cell: Channel 1 mean": 86.63478260869566,
          "Cell: Channel 1 std dev": 560.9510928807599,
          "Cell: Channel 1 max": 5587.0,
          "Cell: Channel 1 min": 0.0,
          "Cytoplasm: Channel 1 mean": 5.705882352941177,
          "Cytoplasm: Channel 1 std dev": 37.87932590994674,
          "Cytoplasm: Channel 1 max": 375.0,
          "Cytoplasm: Channel 1 min": 0.0
        }
      }
    },
    {
      "type": "Feature",
      "id": "e0f20184-0dbd-473e-b59e-4f9c9cfeb056",
      "geometry": {
        "type": "Polygon",
        "coordinates": [
          [
            [238.61, 205.22],
            [239.51, 207.01],
            [244.93, 212.79],
            [248.91, 212.82],
            [252.01, 210.32],
            [252.89, 208.53],
            [252.32, 204.65],
            [248.27, 201.18],
            [242.28, 201],
            [239.06, 203.27],
            [238.61, 205.22]
          ]
        ]
      },
      "properties": {
        "objectType": "cell",
        "measurements": {
          "Cell: Area": 127.0,
          "Cell: Perimeter": 41.34299597931829,
          "Cell: Circularity": 0.9337050217336519,
          "Cell: Max caliper": 14.799885720097542,
          "Cell: Min caliper": 11.28317483967993,
          "Cell: Eccentricity": 0.6408352997937895,
          "Cell: Channel 1 mean": 1799.8396946564885,
          "Cell: Channel 1 std dev": 3925.513512350071,
          "Cell: Channel 1 max": 19215.0,
          "Cell: Channel 1 min": 0.0,
          "Cytoplasm: Channel 1 mean": 494.0550458715596,
          "Cytoplasm: Channel 1 std dev": 1606.2459328950522,
          "Cytoplasm: Channel 1 max": 12875.0,
          "Cytoplasm: Channel 1 min": 0.0
        }
      }
    },
    {
      "type": "Feature",
      "id": "753ecce3-1ed4-4c4d-a2bd-36a3882fd1ae",
      "geometry": {
        "type": "Polygon",
        "coordinates": [
          [
            [258.07, 206.87],
            [258.59, 208.8],
            [262.17, 210.58],
            [266.64, 214.56],
            [272.05, 211.97],
            [272.96, 210.19],
            [272.57, 206.24],
            [268.59, 203.39],
            [262.65, 203.27],
            [259.15, 205.18],
            [258.07, 206.87]
          ]
        ]
      },
      "properties": {
        "objectType": "cell",
        "measurements": {
          "Cell: Area": 118.0,
          "Cell: Perimeter": 40.95931609970932,
          "Cell: Circularity": 0.8838661019671982,
          "Cell: Max caliper": 15.261373096149565,
          "Cell: Min caliper": 10.545510088460691,
          "Cell: Eccentricity": 0.7216447938700523,
          "Cell: Channel 1 mean": 502.672131147541,
          "Cell: Channel 1 std dev": 1168.2264189761192,
          "Cell: Channel 1 max": 5648.0,
          "Cell: Channel 1 min": 0.0,
          "Cytoplasm: Channel 1 mean": 163.3960396039604,
          "Cytoplasm: Channel 1 std dev": 613.2911882492349,
          "Cytoplasm: Channel 1 max": 4354.0,
          "Cytoplasm: Channel 1 min": 0.0
        }
      }
    },
    {
      "type": "Feature",
      "id": "55059e70-04d8-4d02-ab6b-528887ce5c56",
      "geometry": {
        "type": "Polygon",
        "coordinates": [
          [
            [229.89, 215.78],
            [235.88, 216.18],
            [237.75, 216.87],
            [239.7, 216.46],
            [243.43, 217.91],
            [244.89, 216.55],
            [244.71, 214.56],
            [241.32, 209.65],
            [238.1, 206.77],
            [236.2, 206.13],
            [234.53, 207.23],
            [233.3, 211.03],
            [230.47, 213.86],
            [229.89, 215.78]
          ]
        ]
      },
      "properties": {
        "objectType": "cell",
        "measurements": {
          "Cell: Area": 101.0,
          "Cell: Perimeter": 42.33066739968683,
          "Cell: Circularity": 0.7083061395987993,
          "Cell: Max caliper": 15.01450233687674,
          "Cell: Min caliper": 10.514724724279475,
          "Cell: Eccentricity": 0.6937417946910703,
          "Cell: Channel 1 mean": 9816.73786407767,
          "Cell: Channel 1 std dev": 11044.508699394613,
          "Cell: Channel 1 max": 44190.0,
          "Cell: Channel 1 min": 0.0,
          "Cytoplasm: Channel 1 mean": 3216.7419354838707,
          "Cytoplasm: Channel 1 std dev": 5818.950719270145,
          "Cytoplasm: Channel 1 max": 25631.0,
          "Cytoplasm: Channel 1 min": 0.0
        }
      }
    },
    {
      "type": "Feature",
      "id": "4588bbb7-2fc2-4154-bdba-9c1f9166c312",
      "geometry": {
        "type": "Polygon",
        "coordinates": [
          [
            [110, 210.07],
            [110.04, 214.07],
            [111.1, 215.77],
            [114.58, 217.72],
            [118.55, 217.89],
            [120.34, 216.99],
            [123.17, 214.16],
            [124, 210.32],
            [123.08, 208.54],
            [115.82, 206],
            [111.94, 206.73],
            [110.52, 208.14],
            [110, 210.07]
          ]
        ]
      },
      "properties": {
        "objectType": "cell",
        "measurements": {
          "Cell: Area": 133.0,
          "Cell: Perimeter": 41.817769945413346,
          "Cell: Circularity": 0.9557400092027111,
          "Cell: Max caliper": 14.459938568654941,
          "Cell: Min caliper": 11.510400132730137,
          "Cell: Eccentricity": 0.5723620342673944,
          "Cell: Channel 1 mean": 633.7426470588235,
          "Cell: Channel 1 std dev": 3018.6940099770713,
          "Cell: Channel 1 max": 21587.0,
          "Cell: Channel 1 min": 0.0,
          "Cytoplasm: Channel 1 mean": 8.791304347826086,
          "Cytoplasm: Channel 1 std dev": 29.0116418411444,
          "Cytoplasm: Channel 1 max": 163.0,
          "Cytoplasm: Channel 1 min": 0.0
        }
      }
    },
    {
      "type": "Feature",
      "id": "87657ba0-d032-4fd8-a76f-8c36d5de61f0",
      "geometry": {
        "type": "Polygon",
        "coordinates": [
          [
            [78, 210.29],
            [78.14, 216.29],
            [82.24, 220.62],
            [86.2, 221],
            [88.12, 220.44],
            [92, 215.93],
            [91.97, 209.93],
            [87.96, 206],
            [81.96, 206.02],
            [78.85, 208.48],
            [78, 210.29]
          ]
        ]
      },
      "properties": {
        "objectType": "cell",
        "measurements": {
          "Cell: Area": 178.0,
          "Cell: Perimeter": 47.695383985023184,
          "Cell: Circularity": 0.9832799129978954,
          "Cell: Max caliper": 15.700467869137514,
          "Cell: Min caliper": 14.0,
          "Cell: Eccentricity": 0.3383436955351658,
          "Cell: Channel 1 mean": 4207.303370786517,
          "Cell: Channel 1 std dev": 11293.772809341799,
          "Cell: Channel 1 max": 65535.0,
          "Cell: Channel 1 min": 0.0,
          "Cytoplasm: Channel 1 mean": 281.1666666666667,
          "Cytoplasm: Channel 1 std dev": 904.3434739528556,
          "Cytoplasm: Channel 1 max": 5629.0,
          "Cytoplasm: Channel 1 min": 0.0
        }
      }
    },
    {
      "type": "Feature",
      "id": "2f3756a3-6f00-4d0d-8e75-3cf4531475be",
      "geometry": {
        "type": "Polygon",
        "coordinates": [
          [
            [199.07, 210.93],
            [199.52, 220.86],
            [204.01, 224.8],
            [209.95, 224.53],
            [213.94, 220.11],
            [213.58, 216.16],
            [211.79, 212.58],
            [202.55, 209.09],
            [199.07, 210.93]
          ]
        ]
      },
      "properties": {
        "objectType": "cell",
        "measurements": {
          "Cell: Area": 188.0,
          "Cell: Perimeter": 50.00591800475183,
          "Cell: Circularity": 0.9447674114432455,
          "Cell: Max caliper": 17.564318495864597,
          "Cell: Min caliper": 14.482210327952249,
          "Cell: Eccentricity": 0.5448733478894358,
          "Cell: Channel 1 mean": 7573.638743455497,
          "Cell: Channel 1 std dev": 13680.451534959868,
          "Cell: Channel 1 max": 52477.0,
          "Cell: Channel 1 min": 0.0,
          "Cytoplasm: Channel 1 mean": 672.3714285714286,
          "Cytoplasm: Channel 1 std dev": 1702.938266275717,
          "Cytoplasm: Channel 1 max": 9499.0,
          "Cytoplasm: Channel 1 min": 0.0
        }
      }
    },
    {
      "type": "Feature",
      "id": "06e91722-ef1f-4724-b797-7fee471294a1",
      "geometry": {
        "type": "Polygon",
        "coordinates": [
          [
            [213.08, 212.4],
            [215.52, 217.85],
            [217.25, 218.85],
            [221.23, 218.75],
            [224.22, 216.11],
            [224.95, 214.25],
            [224.61, 212.28],
            [221.81, 207.92],
            [220.04, 207.01],
            [216.11, 207.55],
            [213.32, 210.41],
            [213.08, 212.4]
          ]
        ]
      },
      "properties": {
        "objectType": "cell",
        "measurements": {
          "Cell: Area": 109.0,
          "Cell: Perimeter": 37.1949155656921,
          "Cell: Circularity": 0.9900775377172841,
          "Cell: Max caliper": 12.314645769524306,
          "Cell: Min caliper": 10.65418143045703,
          "Cell: Eccentricity": 0.48368288933657977,
          "Cell: Channel 1 mean": 169.46428571428572,
          "Cell: Channel 1 std dev": 811.916373102056,
          "Cell: Channel 1 max": 4864.0,
          "Cell: Channel 1 min": 0.0,
          "Cytoplasm: Channel 1 mean": 4.118811881188119,
          "Cytoplasm: Channel 1 std dev": 13.553809153675486,
          "Cytoplasm: Channel 1 max": 94.0,
          "Cytoplasm: Channel 1 min": 0.0
        }
      }
    },
    {
      "type": "Feature",
      "id": "798f61c7-fd11-4a33-9ff4-e10730546169",
      "geometry": {
        "type": "Polygon",
        "coordinates": [
          [
            [7.13, 218.26],
            [9.67, 221.33],
            [11.55, 222],
            [17.53, 221.73],
            [21.74, 217.52],
            [22, 213.53],
            [21.32, 211.65],
            [16.92, 208],
            [13.02, 208.64],
            [7.37, 214.3],
            [7.13, 218.26]
          ]
        ]
      },
      "properties": {
        "objectType": "cell",
        "measurements": {
          "Cell: Area": 163.0,
          "Cell: Perimeter": 45.72909462256467,
          "Cell: Circularity": 0.9795176420088874,
          "Cell: Max caliper": 15.651872008767073,
          "Cell: Min caliper": 12.727919978933079,
          "Cell: Eccentricity": 0.5200659167936765,
          "Cell: Channel 1 mean": 5560.938650306748,
          "Cell: Channel 1 std dev": 14364.071125294156,
          "Cell: Channel 1 max": 63384.0,
          "Cell: Channel 1 min": 0.0,
          "Cytoplasm: Channel 1 mean": 127.45454545454545,
          "Cytoplasm: Channel 1 std dev": 523.7603519884443,
          "Cytoplasm: Channel 1 max": 4560.0,
          "Cytoplasm: Channel 1 min": 0.0
        }
      }
    },
    {
      "type": "Feature",
      "id": "fb62ceea-e086-4934-973b-5ee60251684e",
      "geometry": {
        "type": "Polygon",
        "coordinates": [
          [
            [321.04, 213.78],
            [321.41, 217.74],
            [325.83, 221.77],
            [331.81, 221.84],
            [333.53, 220.81],
            [335.74, 217.52],
            [336, 213.53],
            [335.32, 211.65],
            [330.82, 208.09],
            [327.25, 209.88],
            [325.25, 210],
            [321.76, 211.91],
            [321.04, 213.78]
          ]
        ]
      },
      "properties": {
        "objectType": "cell",
        "measurements": {
          "Cell: Area": 161.0,
          "Cell: Perimeter": 45.76365345826632,
          "Cell: Circularity": 0.9660383411407789,
          "Cell: Max caliper": 15.188941543568097,
          "Cell: Min caliper": 13.326493720143596,
          "Cell: Eccentricity": 0.4911531443532589,
          "Cell: Channel 1 mean": 5062.423312883436,
          "Cell: Channel 1 std dev": 14269.606641907192,
          "Cell: Channel 1 max": 65535.0,
          "Cell: Channel 1 min": 0.0,
          "Cytoplasm: Channel 1 mean": 373.0751879699248,
          "Cytoplasm: Channel 1 std dev": 948.0468248893245,
          "Cytoplasm: Channel 1 max": 7040.0,
          "Cytoplasm: Channel 1 min": 0.0
        }
      }
    },
    {
      "type": "Feature",
      "id": "7e43a9c4-a220-41d4-a5d4-7c8e0b63f2a5",
      "geometry": {
        "type": "Polygon",
        "coordinates": [
          [
            [336, 224.1],
            [336.52, 226.03],
            [337.92, 227.46],
            [341.67, 228.84],
            [345.64, 228.67],
            [346.79, 227.04],
            [347.45, 223.1],
            [351, 215.93],
            [350.97, 211.93],
            [347.88, 208.59],
            [345.97, 208],
            [341.98, 208.2],
            [338.92, 210.75],
            [338.09, 212.57],
            [338, 216.56],
            [336.18, 220.11],
            [336, 224.1]
          ]
        ]
      },
      "properties": {
        "objectType": "cell",
        "measurements": {
          "Cell: Area": 233.0,
          "Cell: Perimeter": 58.60766770795557,
          "Cell: Circularity": 0.8524264305457737,
          "Cell: Max caliper": 21.339680193862456,
          "Cell: Min caliper": 13.268310100162815,
          "Cell: Eccentricity": 0.8136452004168826,
          "Cell: Channel 1 mean": 7230.611814345992,
          "Cell: Channel 1 std dev": 15569.771953617575,
          "Cell: Channel 1 max": 65535.0,
          "Cell: Channel 1 min": 0.0,
          "Cytoplasm: Channel 1 mean": 907.5028571428571,
          "Cytoplasm: Channel 1 std dev": 2312.0686609198874,
          "Cytoplasm: Channel 1 max": 13807.0,
          "Cytoplasm: Channel 1 min": 0.0
        }
      }
    },
    {
      "type": "Feature",
      "id": "11251cb3-aba9-41b8-87ad-aed6e463a210",
      "geometry": {
        "type": "Polygon",
        "coordinates": [
          [
            [253.19, 219.37],
            [258.85, 224.92],
            [264, 221.96],
            [265.4, 216.21],
            [264.93, 214.26],
            [262.02, 211.51],
            [257.88, 209.61],
            [253.32, 213.41],
            [253.19, 219.37]
          ]
        ]
      },
      "properties": {
        "objectType": "cell",
        "measurements": {
          "Cell: Area": 135.0,
          "Cell: Perimeter": 42.59830009402323,
          "Cell: Circularity": 0.9348869447050089,
          "Cell: Max caliper": 15.345905315860962,
          "Cell: Min caliper": 12.256521273908703,
          "Cell: Eccentricity": 0.5675520396862929,
          "Cell: Channel 1 mean": 2197.2028985507245,
          "Cell: Channel 1 std dev": 4756.986267868794,
          "Cell: Channel 1 max": 22461.0,
          "Cell: Channel 1 min": 0.0,
          "Cytoplasm: Channel 1 mean": 214.95192307692307,
          "Cytoplasm: Channel 1 std dev": 586.0536504120713,
          "Cytoplasm: Channel 1 max": 2919.0,
          "Cytoplasm: Channel 1 min": 0.0
        }
      }
    },
    {
      "type": "Feature",
      "id": "808e6e30-15a4-4596-8ee7-945f12db88ae",
      "geometry": {
        "type": "Polygon",
        "coordinates": [
          [
            [44, 218.53],
            [44.76, 220.38],
            [51.98, 223.8],
            [53.98, 223.8],
            [58.47, 219.86],
            [58.97, 213.93],
            [55.18, 210.12],
            [51.22, 210.39],
            [44.43, 214.57],
            [44, 218.53]
          ]
        ]
      },
      "properties": {
        "objectType": "cell",
        "measurements": {
          "Cell: Area": 158.0,
          "Cell: Perimeter": 45.45118800890308,
          "Cell: Circularity": 0.9611174719629451,
          "Cell: Max caliper": 15.655416327270386,
          "Cell: Min caliper": 12.977948759560485,
          "Cell: Eccentricity": 0.5165238851391064,
          "Cell: Channel 1 mean": 2066.6,
          "Cell: Channel 1 std dev": 6784.790655687869,
          "Cell: Channel 1 max": 39347.0,
          "Cell: Channel 1 min": 0.0,
          "Cytoplasm: Channel 1 mean": 21.796875,
          "Cytoplasm: Channel 1 std dev": 56.1909510711775,
          "Cytoplasm: Channel 1 max": 291.0,
          "Cytoplasm: Channel 1 min": 0.0
        }
      }
    },
    {
      "type": "Feature",
      "id": "6391c9e7-29b0-4f4c-9303-9936b458c6c4",
      "geometry": {
        "type": "Polygon",
        "coordinates": [
          [
            [265, 220.32],
            [265.16, 222.31],
            [268.32, 224.66],
            [272.28, 224.86],
            [275.34, 222.31],
            [276, 220.42],
            [275.72, 214.44],
            [273.07, 212.47],
            [267.7, 215.15],
            [266.24, 216.52],
            [265, 220.32]
          ]
        ]
      },
      "properties": {
        "objectType": "cell",
        "measurements": {
          "Cell: Area": 106.0,
          "Cell: Perimeter": 37.37540914624745,
          "Cell: Circularity": 0.9535507634100782,
          "Cell: Max caliper": 13.295855188185586,
          "Cell: Min caliper": 10.488758432680513,
          "Cell: Eccentricity": 0.6203983831956467,
          "Cell: Channel 1 mean": 559.4579439252336,
          "Cell: Channel 1 std dev": 1115.5149608730408,
          "Cell: Channel 1 max": 4548.0,
          "Cell: Channel 1 min": 0.0,
          "Cytoplasm: Channel 1 mean": 224.64444444444445,
          "Cytoplasm: Channel 1 std dev": 709.3255272584474,
          "Cytoplasm: Channel 1 max": 4242.0,
          "Cytoplasm: Channel 1 min": 0.0
        }
      }
    },
    {
      "type": "Feature",
      "id": "7bf112f1-5cd6-45bd-84b0-e60095e08d8d",
      "geometry": {
        "type": "Polygon",
        "coordinates": [
          [
            [229.22, 218.89],
            [229.42, 222.83],
            [232.25, 225.63],
            [234.22, 226],
            [238.08, 224.96],
            [243.62, 222.69],
            [243.94, 220.71],
            [242.95, 218.98],
            [239.26, 217.47],
            [237.33, 218],
            [236.41, 217.27],
            [230.45, 217.31],
            [229.22, 218.89]
          ]
        ]
      },
      "properties": {
        "objectType": "cell",
        "measurements": {
          "Cell: Area": 102.0,
          "Cell: Perimeter": 39.17895082297059,
          "Cell: Circularity": 0.8350345253203958,
          "Cell: Max caliper": 14.943886230464459,
          "Cell: Min caliper": 8.978018112025135,
          "Cell: Eccentricity": 0.8222491099725965,
          "Cell: Channel 1 mean": 5233.161904761905,
          "Cell: Channel 1 std dev": 10074.187431561271,
          "Cell: Channel 1 max": 40453.0,
          "Cell: Channel 1 min": 0.0,
          "Cytoplasm: Channel 1 mean": 551.6708860759494,
          "Cytoplasm: Channel 1 std dev": 1379.2071646840702,
          "Cytoplasm: Channel 1 max": 6682.0,
          "Cytoplasm: Channel 1 min": 0.0
        }
      }
    },
    {
      "type": "Feature",
      "id": "8703549b-4ede-4924-8e51-408a132a3543",
      "geometry": {
        "type": "Polygon",
        "coordinates": [
          [
            [182, 224.75],
            [182.98, 226.49],
            [188.9, 226.82],
            [192.77, 226],
            [194, 224.42],
            [193.72, 218.44],
            [191.71, 216.47],
            [185.78, 216.24],
            [182.78, 218.88],
            [182, 224.75]
          ]
        ]
      },
      "properties": {
        "objectType": "cell",
        "measurements": {
          "Cell: Area": 116.0,
          "Cell: Perimeter": 38.82129489686046,
          "Cell: Circularity": 0.9672256799993427,
          "Cell: Max caliper": 13.422367668492864,
          "Cell: Min caliper": 10.877645495752272,
          "Cell: Eccentricity": 0.5168060698722368,
          "Cell: Channel 1 mean": 450.95762711864404,
          "Cell: Channel 1 std dev": 1240.6262300280603,
          "Cell: Channel 1 max": 6590.0,
          "Cell: Channel 1 min": 0.0,
          "Cytoplasm: Channel 1 mean": 133.54368932038835,
          "Cytoplasm: Channel 1 std dev": 608.3041804999424,
          "Cytoplasm: Channel 1 max": 4527.0,
          "Cytoplasm: Channel 1 min": 0.0
        }
      }
    },
    {
      "type": "Feature",
      "id": "93055155-d313-425f-b394-1b6033afa1bd",
      "geometry": {
        "type": "Polygon",
        "coordinates": [
          [
            [348.21, 227.04],
            [351, 229.8],
            [354.98, 229.8],
            [359.47, 225.86],
            [359.97, 219.93],
            [356.48, 216.32],
            [352.53, 216.29],
            [348.45, 223.1],
            [348.21, 227.04]
          ]
        ]
      },
      "properties": {
        "objectType": "cell",
        "measurements": {
          "Cell: Area": 130.0,
          "Cell: Perimeter": 41.09246256854887,
          "Cell: Circularity": 0.967450781741584,
          "Cell: Max caliper": 14.551184205301762,
          "Cell: Min caliper": 11.093311413189554,
          "Cell: Eccentricity": 0.6284799695824559,
          "Cell: Channel 1 mean": 4256.669172932331,
          "Cell: Channel 1 std dev": 12281.92124858285,
          "Cell: Channel 1 max": 61157.0,
          "Cell: Channel 1 min": 0.0,
          "Cytoplasm: Channel 1 mean": 131.17592592592592,
          "Cytoplasm: Channel 1 std dev": 621.8292404469538,
          "Cytoplasm: Channel 1 max": 4960.0,
          "Cytoplasm: Channel 1 min": 0.0
        }
      }
    },
    {
      "type": "Feature",
      "id": "769b88f9-987b-4192-b537-ffa2d904f057",
      "geometry": {
        "type": "Polygon",
        "coordinates": [
          [
            [95, 222.69],
            [95.33, 226.66],
            [96.57, 228.24],
            [102.3, 229.86],
            [104.29, 229.74],
            [106.85, 226.75],
            [108, 222.93],
            [107.97, 220.93],
            [106.9, 219.24],
            [104.17, 217.12],
            [100.18, 217],
            [98.41, 217.93],
            [95.61, 220.79],
            [95, 222.69]
          ]
        ]
      },
      "properties": {
        "objectType": "cell",
        "measurements": {
          "Cell: Area": 135.0,
          "Cell: Perimeter": 41.45881994822774,
          "Cell: Circularity": 0.9869831980308982,
          "Cell: Max caliper": 13.873503157786912,
          "Cell: Min caliper": 12.627723476621522,
          "Cell: Eccentricity": 0.34046799855127063,
          "Cell: Channel 1 mean": 5020.27205882353,
          "Cell: Channel 1 std dev": 14236.324244414442,
          "Cell: Channel 1 max": 65535.0,
          "Cell: Channel 1 min": 0.0,
          "Cytoplasm: Channel 1 mean": 360.6792452830189,
          "Cytoplasm: Channel 1 std dev": 1471.2912148836174,
          "Cytoplasm: Channel 1 max": 12164.0,
          "Cytoplasm: Channel 1 min": 0.0
        }
      }
    },
    {
      "type": "Feature",
      "id": "7a2dd1ab-545f-404a-a1e4-909a79acbd18",
      "geometry": {
        "type": "Polygon",
        "coordinates": [
          [
            [365.05, 228.1],
            [367.15, 231.48],
            [370.42, 233.71],
            [374.3, 233.35],
            [379.74, 227.52],
            [380, 223.53],
            [379.32, 221.65],
            [375.89, 218.59],
            [369.98, 218.2],
            [365.51, 222.16],
            [365.05, 228.1]
          ]
        ]
      },
      "properties": {
        "objectType": "cell",
        "measurements": {
          "Cell: Area": 186.0,
          "Cell: Perimeter": 48.60744755941992,
          "Cell: Circularity": 0.9892753222949852,
          "Cell: Max caliper": 16.10801295587882,
          "Cell: Min caliper": 14.142129415123923,
          "Cell: Eccentricity": 0.4156057818662138,
          "Cell: Channel 1 mean": 4689.438502673796,
          "Cell: Channel 1 std dev": 10799.162272876954,
          "Cell: Channel 1 max": 47257.0,
          "Cell: Channel 1 min": 0.0,
          "Cytoplasm: Channel 1 mean": 271.751677852349,
          "Cytoplasm: Channel 1 std dev": 985.4187743758675,
          "Cytoplasm: Channel 1 max": 7646.0,
          "Cytoplasm: Channel 1 min": 0.0
        }
      }
    },
    {
      "type": "Feature",
      "id": "472c9d0e-2e4e-44a1-94da-32c9c0c56c8b",
      "geometry": {
        "type": "Polygon",
        "coordinates": [
          [
            [107.73, 227.33],
            [108.56, 231.11],
            [108, 235.06],
            [108.5, 237],
            [109.88, 238.44],
            [111.8, 239],
            [115.8, 238.84],
            [118.93, 236.4],
            [120, 232.64],
            [121.11, 230.98],
            [123, 230.33],
            [125.72, 227.4],
            [125.72, 221.44],
            [122.66, 219],
            [116.67, 219.16],
            [110.81, 220.24],
            [109.29, 221.54],
            [107.73, 227.33]
          ]
        ]
      },
      "properties": {
        "objectType": "cell",
        "measurements": {
          "Cell: Area": 276.0,
          "Cell: Perimeter": 63.94523414588044,
          "Cell: Circularity": 0.8482084256523746,
          "Cell: Max caliper": 23.428523771703237,
          "Cell: Min caliper": 16.64508509632831,
          "Cell: Eccentricity": 0.726670719603979,
          "Cell: Channel 1 mean": 6381.0,
          "Cell: Channel 1 std dev": 13511.674487125683,
          "Cell: Channel 1 max": 65535.0,
          "Cell: Channel 1 min": 0.0,
          "Cytoplasm: Channel 1 mean": 519.0485436893204,
          "Cytoplasm: Channel 1 std dev": 1802.486458140076,
          "Cytoplasm: Channel 1 max": 11850.0,
          "Cytoplasm: Channel 1 min": 0.0
        }
      }
    },
    {
      "type": "Feature",
      "id": "45f93559-030d-4d3b-937e-c7455bf88289",
      "geometry": {
        "type": "Polygon",
        "coordinates": [
          [
            [28, 228.64],
            [28.31, 232.62],
            [30.95, 235.61],
            [36.01, 238.8],
            [39.99, 238.8],
            [43.06, 236.27],
            [43.91, 234.46],
            [42.18, 230.88],
            [40.91, 222.91],
            [39.13, 222],
            [35.14, 222.17],
            [28.63, 226.74],
            [28, 228.64]
          ]
        ]
      },
      "properties": {
        "objectType": "cell",
        "measurements": {
          "Cell: Area": 195.0,
          "Cell: Perimeter": 52.14591103070933,
          "Cell: Circularity": 0.9011642545282924,
          "Cell: Max caliper": 17.322989133250722,
          "Cell: Min caliper": 14.637839729979644,
          "Cell: Eccentricity": 0.528036733396201,
          "Cell: Channel 1 mean": 130.95477386934672,
          "Cell: Channel 1 std dev": 430.91379644247735,
          "Cell: Channel 1 max": 3083.0,
          "Cell: Channel 1 min": 0.0,
          "Cytoplasm: Channel 1 mean": 10.019736842105264,
          "Cytoplasm: Channel 1 std dev": 41.95179674652106,
          "Cytoplasm: Channel 1 max": 362.0,
          "Cytoplasm: Channel 1 min": 0.0
        }
      }
    },
    {
      "type": "Feature",
      "id": "d8526d8a-d35a-469e-b0ae-93a172803d03",
      "geometry": {
        "type": "Polygon",
        "coordinates": [
          [
            [42, 225.3],
            [43.08, 231.17],
            [45.86, 233.93],
            [49.8, 233.53],
            [51.95, 230.26],
            [52, 226.26],
            [51.02, 224.51],
            [45.7, 222],
            [43.7, 222.06],
            [42.14, 223.31],
            [42, 225.3]
          ]
        ]
      },
      "properties": {
        "objectType": "cell",
        "measurements": {
          "Cell: Area": 96.0,
          "Cell: Perimeter": 35.91556138962429,
          "Cell: Circularity": 0.9352242915055164,
          "Cell: Max caliper": 12.993606479627426,
          "Cell: Min caliper": 9.65980747751325,
          "Cell: Eccentricity": 0.6586618650241571,
          "Cell: Channel 1 mean": 106.96938775510205,
          "Cell: Channel 1 std dev": 388.1008332704121,
          "Cell: Channel 1 max": 2908.0,
          "Cell: Channel 1 min": 0.0,
          "Cytoplasm: Channel 1 mean": 2.8674698795180724,
          "Cytoplasm: Channel 1 std dev": 9.998501210044052,
          "Cytoplasm: Channel 1 max": 77.0,
          "Cytoplasm: Channel 1 min": 0.0
        }
      }
    },
    {
      "type": "Feature",
      "id": "d9af9ec7-2c6e-407b-85a9-a9ddca082ea7",
      "geometry": {
        "type": "Polygon",
        "coordinates": [
          [
            [255.23, 239.13],
            [260.84, 244.77],
            [264.82, 244.84],
            [267.95, 242.39],
            [268.88, 240.62],
            [269.27, 234.64],
            [270.81, 230.95],
            [270.51, 227.02],
            [264.07, 223.46],
            [258.76, 226.24],
            [255.41, 231.18],
            [255.23, 239.13]
          ]
        ]
      },
      "properties": {
        "objectType": "cell",
        "measurements": {
          "Cell: Area": 256.0,
          "Cell: Perimeter": 59.36838582741049,
          "Cell: Circularity": 0.9127237412700855,
          "Cell: Max caliper": 21.573650812120878,
          "Cell: Min caliper": 15.073022234950928,
          "Cell: Eccentricity": 0.7049128422451121,
          "Cell: Channel 1 mean": 6948.280769230769,
          "Cell: Channel 1 std dev": 14250.575149336515,
          "Cell: Channel 1 max": 55459.0,
          "Cell: Channel 1 min": 0.0,
          "Cytoplasm: Channel 1 mean": 341.99484536082474,
          "Cytoplasm: Channel 1 std dev": 1210.5569372891503,
          "Cytoplasm: Channel 1 max": 10732.0,
          "Cytoplasm: Channel 1 min": 0.0
        }
      }
    },
    {
      "type": "Feature",
      "id": "683ad814-bbbd-41f9-a903-b26f4ba3ea29",
      "geometry": {
        "type": "Polygon",
        "coordinates": [
          [
            [232, 229.26],
            [232.05, 233.26],
            [234.2, 236.53],
            [237.89, 238],
            [241.85, 237.58],
            [246.47, 233.86],
            [246.97, 227.93],
            [245.9, 226.24],
            [242.43, 224.29],
            [232.97, 227.51],
            [232, 229.26]
          ]
        ]
      },
      "properties": {
        "objectType": "cell",
        "measurements": {
          "Cell: Area": 162.0,
          "Cell: Perimeter": 46.040262430919505,
          "Cell: Circularity": 0.9603936892659631,
          "Cell: Max caliper": 15.897680646413413,
          "Cell: Min caliper": 12.465082325024058,
          "Cell: Eccentricity": 0.5872867075529866,
          "Cell: Channel 1 mean": 1996.2743902439024,
          "Cell: Channel 1 std dev": 4621.6782272140645,
          "Cell: Channel 1 max": 23299.0,
          "Cell: Channel 1 min": 0.0,
          "Cytoplasm: Channel 1 mean": 174.32575757575756,
          "Cytoplasm: Channel 1 std dev": 596.2112246256779,
          "Cytoplasm: Channel 1 max": 4815.0,
          "Cytoplasm: Channel 1 min": 0.0
        }
      }
    },
    {
      "type": "Feature",
      "id": "39d558b7-22ae-4e22-a361-a998148d10e6",
      "geometry": {
        "type": "Polygon",
        "coordinates": [
          [
            [182.26, 229.68],
            [182.34, 231.67],
            [187.24, 235.12],
            [192.9, 237],
            [196.86, 236.57],
            [198, 234.93],
            [197.97, 230.93],
            [196.9, 229.24],
            [193.55, 227],
            [183.68, 228.26],
            [182.26, 229.68]
          ]
        ]
      },
      "properties": {
        "objectType": "cell",
        "measurements": {
          "Cell: Area": 120.0,
          "Cell: Perimeter": 42.04941615607516,
          "Cell: Circularity": 0.8528470858461613,
          "Cell: Max caliper": 16.58989311501404,
          "Cell: Min caliper": 9.846329406032279,
          "Cell: Eccentricity": 0.83189534500926,
          "Cell: Channel 1 mean": 6077.033057851239,
          "Cell: Channel 1 std dev": 11479.225315712647,
          "Cell: Channel 1 max": 47069.0,
          "Cell: Channel 1 min": 0.0,
          "Cytoplasm: Channel 1 mean": 1193.0526315789473,
          "Cytoplasm: Channel 1 std dev": 2489.767405048713,
          "Cytoplasm: Channel 1 max": 11240.0,
          "Cytoplasm: Channel 1 min": 0.0
        }
      }
    },
    {
      "type": "Feature",
      "id": "c83e00e0-e655-47ad-87fa-4ae59b309e34",
      "geometry": {
        "type": "Polygon",
        "coordinates": [
          [
            [92, 245.49],
            [92.29, 247.47],
            [95.04, 250.37],
            [96.94, 250.99],
            [100.89, 250.55],
            [104.25, 248.42],
            [105.85, 244.76],
            [106.24, 240.78],
            [107, 238.93],
            [107.33, 231],
            [106.14, 229.51],
            [104.53, 230.69],
            [102.54, 230.91],
            [98.65, 230],
            [96.98, 231.09],
            [96.16, 232.92],
            [93.27, 235.64],
            [92.25, 239.5],
            [92, 245.49]
          ]
        ]
      },
      "properties": {
        "objectType": "cell",
        "measurements": {
          "Cell: Area": 258.0,
          "Cell: Perimeter": 61.91004209544412,
          "Cell: Circularity": 0.8458773019396532,
          "Cell: Max caliper": 23.63257502986773,
          "Cell: Min caliper": 14.360853693467162,
          "Cell: Eccentricity": 0.754950635406277,
          "Cell: Channel 1 mean": 5049.854406130268,
          "Cell: Channel 1 std dev": 11635.587155933998,
          "Cell: Channel 1 max": 65535.0,
          "Cell: Channel 1 min": 0.0,
          "Cytoplasm: Channel 1 mean": 554.3969072164948,
          "Cytoplasm: Channel 1 std dev": 1144.3277512453228,
          "Cytoplasm: Channel 1 max": 6423.0,
          "Cytoplasm: Channel 1 min": 0.0
        }
      }
    },
    {
      "type": "Feature",
      "id": "7d06a81c-df91-4650-a954-dd24b28d64c7",
      "geometry": {
        "type": "Polygon",
        "coordinates": [
          [
            [375, 238.5],
            [375.7, 240.37],
            [378.53, 243.2],
            [382.36, 243.93],
            [386.07, 242.47],
            [388.74, 239.52],
            [389, 233.53],
            [388.32, 231.65],
            [384.16, 228.1],
            [380.21, 228.46],
            [375.97, 232.7],
            [375.1, 234.5],
            [375, 238.5]
          ]
        ]
      },
      "properties": {
        "objectType": "cell",
        "measurements": {
          "Cell: Area": 177.0,
          "Cell: Perimeter": 47.47910827885678,
          "Cell: Circularity": 0.9866838572275863,
          "Cell: Max caliper": 16.342125288833234,
          "Cell: Min caliper": 14.0,
          "Cell: Eccentricity": 0.4779597214926557,
          "Cell: Channel 1 mean": 3459.8314606741574,
          "Cell: Channel 1 std dev": 10268.93106043547,
          "Cell: Channel 1 max": 54577.0,
          "Cell: Channel 1 min": 0.0,
          "Cytoplasm: Channel 1 mean": 56.65972222222222,
          "Cytoplasm: Channel 1 std dev": 239.1573249111629,
          "Cytoplasm: Channel 1 max": 2294.0,
          "Cytoplasm: Channel 1 min": 0.0
        }
      }
    },
    {
      "type": "Feature",
      "id": "f140ac1f-c2de-4ca6-81bd-9809db92946f",
      "geometry": {
        "type": "Polygon",
        "coordinates": [
          [
            [333, 237.76],
            [333.89, 239.55],
            [337.01, 242],
            [343.01, 241.99],
            [345.85, 239.3],
            [346, 235.31],
            [344.77, 231.55],
            [343.33, 230.16],
            [338.75, 229],
            [336.76, 229.25],
            [333.77, 231.9],
            [333, 237.76]
          ]
        ]
      },
      "properties": {
        "objectType": "cell",
        "measurements": {
          "Cell: Area": 144.0,
          "Cell: Perimeter": 42.838439863813605,
          "Cell: Circularity": 0.9860639112206318,
          "Cell: Max caliper": 14.20527264883934,
          "Cell: Min caliper": 13.0,
          "Cell: Eccentricity": 0.3377937554674788,
          "Cell: Channel 1 mean": 114.77241379310345,
          "Cell: Channel 1 std dev": 444.3541621904072,
          "Cell: Channel 1 max": 3287.0,
          "Cell: Channel 1 min": 0.0,
          "Cytoplasm: Channel 1 mean": 6.153225806451613,
          "Cytoplasm: Channel 1 std dev": 26.53454393860762,
          "Cytoplasm: Channel 1 max": 245.0,
          "Cytoplasm: Channel 1 min": 0.0
        }
      }
    },
    {
      "type": "Feature",
      "id": "87f166e5-f975-490c-9b5b-c9ef22d5c1b9",
      "geometry": {
        "type": "Polygon",
        "coordinates": [
          [
            [159.13, 242.33],
            [159.26, 248.31],
            [166.03, 252.51],
            [167.97, 253],
            [173.73, 251.35],
            [174.9, 247.52],
            [175, 243.52],
            [177.66, 238.31],
            [176.72, 232.44],
            [174.73, 230.49],
            [170.79, 230],
            [168.87, 230.57],
            [165.99, 233.34],
            [164.92, 237.08],
            [161.51, 239.16],
            [159.13, 242.33]
          ]
        ]
      },
      "properties": {
        "objectType": "cell",
        "measurements": {
          "Cell: Area": 296.0,
          "Cell: Perimeter": 66.79445497718712,
          "Cell: Circularity": 0.8337210256053237,
          "Cell: Max caliper": 23.684552470500403,
          "Cell: Min caliper": 16.589958828643592,
          "Cell: Eccentricity": 0.7681322710604624,
          "Cell: Channel 1 mean": 6237.693333333334,
          "Cell: Channel 1 std dev": 9868.732299030204,
          "Cell: Channel 1 max": 48849.0,
          "Cell: Channel 1 min": 0.0,
          "Cytoplasm: Channel 1 mean": 1173.2122641509434,
          "Cytoplasm: Channel 1 std dev": 2050.2310856324043,
          "Cytoplasm: Channel 1 max": 10669.0,
          "Cytoplasm: Channel 1 min": 0.0
        }
      }
    },
    {
      "type": "Feature",
      "id": "3488ebc3-b1e1-4f60-9c71-1e3518f1868b",
      "geometry": {
        "type": "Polygon",
        "coordinates": [
          [
            [178.14, 236.28],
            [179.62, 239.95],
            [187.09, 246.55],
            [190.81, 247.96],
            [194.77, 247.57],
            [197.59, 244.74],
            [197.89, 240.78],
            [195.1, 238.05],
            [191.14, 237.57],
            [185.61, 235.28],
            [182.33, 233],
            [180.54, 233.12],
            [178.14, 236.28]
          ]
        ]
      },
      "properties": {
        "objectType": "cell",
        "measurements": {
          "Cell: Area": 178.0,
          "Cell: Perimeter": 53.794386037420864,
          "Cell: Circularity": 0.7729581058522508,
          "Cell: Max caliper": 21.210225464551684,
          "Cell: Min caliper": 11.020160530519966,
          "Cell: Eccentricity": 0.8837803418818165,
          "Cell: Channel 1 mean": 9116.0,
          "Cell: Channel 1 std dev": 15013.35413229422,
          "Cell: Channel 1 max": 57249.0,
          "Cell: Channel 1 min": 0.0,
          "Cytoplasm: Channel 1 mean": 1669.4318181818182,
          "Cytoplasm: Channel 1 std dev": 2812.4043398644285,
          "Cytoplasm: Channel 1 max": 12289.0,
          "Cytoplasm: Channel 1 min": 0.0
        }
      }
    },
    {
      "type": "Feature",
      "id": "57844183-bed0-48fa-a335-be180113d511",
      "geometry": {
        "type": "Polygon",
        "coordinates": [
          [
            [131.02, 237.96],
            [132.83, 243.67],
            [134.81, 247.14],
            [136.64, 247.93],
            [138.63, 247.67],
            [141.47, 244.86],
            [142, 242.93],
            [141.97, 238.93],
            [140.9, 237.24],
            [137.72, 235],
            [133.73, 235.14],
            [131.02, 237.96]
          ]
        ]
      },
      "properties": {
        "objectType": "cell",
        "measurements": {
          "Cell: Area": 110.0,
          "Cell: Perimeter": 37.8954958905835,
          "Cell: Circularity": 0.9625590024846347,
          "Cell: Max caliper": 13.46189860712132,
          "Cell: Min caliper": 10.204588459245736,
          "Cell: Eccentricity": 0.6446857016617584,
          "Cell: Channel 1 mean": 564.7117117117117,
          "Cell: Channel 1 std dev": 2203.960680178002,
          "Cell: Channel 1 max": 16438.0,
          "Cell: Channel 1 min": 0.0,
          "Cytoplasm: Channel 1 mean": 33.08510638297872,
          "Cytoplasm: Channel 1 std dev": 84.23311988447556,
          "Cytoplasm: Channel 1 max": 504.0,
          "Cytoplasm: Channel 1 min": 0.0
        }
      }
    },
    {
      "type": "Feature",
      "id": "cf70ff8e-3c67-4839-9923-fd51dbd36aea",
      "geometry": {
        "type": "Polygon",
        "coordinates": [
          [
            [304.04, 244.2],
            [304.74, 246.07],
            [309.32, 249.86],
            [315.3, 249.74],
            [318.27, 247.07],
            [318.96, 245.19],
            [318.57, 239.24],
            [317.16, 237.82],
            [312.85, 236],
            [308.86, 236.23],
            [304.42, 240.25],
            [304.04, 244.2]
          ]
        ]
      },
      "properties": {
        "objectType": "cell",
        "measurements": {
          "Cell: Area": 173.0,
          "Cell: Perimeter": 46.73625750051522,
          "Cell: Circularity": 0.9952864745342493,
          "Cell: Max caliper": 15.434991753053541,
          "Cell: Min caliper": 14.0,
          "Cell: Eccentricity": 0.35577431177712243,
          "Cell: Channel 1 mean": 3417.1977401129943,
          "Cell: Channel 1 std dev": 11366.197688181086,
          "Cell: Channel 1 max": 65535.0,
          "Cell: Channel 1 min": 0.0,
          "Cytoplasm: Channel 1 mean": 173.13194444444446,
          "Cytoplasm: Channel 1 std dev": 927.3328416766747,
          "Cytoplasm: Channel 1 max": 10586.0,
          "Cytoplasm: Channel 1 min": 0.0
        }
      }
    },
    {
      "type": "Feature",
      "id": "83e7255f-3d5a-4269-9161-fb7d74bdb34a",
      "geometry": {
        "type": "Polygon",
        "coordinates": [
          [
            [355.12, 246.58],
            [356.64, 250.27],
            [360.11, 252],
            [364.1, 251.78],
            [368.18, 247.48],
            [373, 243.93],
            [372.97, 239.93],
            [369.42, 236.28],
            [365.44, 236],
            [358.47, 239.86],
            [355.65, 242.7],
            [355.12, 246.58]
          ]
        ]
      },
      "properties": {
        "objectType": "cell",
        "measurements": {
          "Cell: Area": 203.0,
          "Cell: Perimeter": 53.15798077860909,
          "Cell: Circularity": 0.9027530208643284,
          "Cell: Max caliper": 19.44117309396204,
          "Cell: Min caliper": 12.800849036548287,
          "Cell: Eccentricity": 0.7680761742628676,
          "Cell: Channel 1 mean": 355.4,
          "Cell: Channel 1 std dev": 1548.2868002041075,
          "Cell: Channel 1 max": 17252.0,
          "Cell: Channel 1 min": 0.0,
          "Cytoplasm: Channel 1 mean": 9.424242424242424,
          "Cytoplasm: Channel 1 std dev": 32.280242298776216,
          "Cytoplasm: Channel 1 max": 226.0,
          "Cytoplasm: Channel 1 min": 0.0
        }
      }
    },
    {
      "type": "Feature",
      "id": "39a329d5-042e-4d5d-aa33-32362b39da8e",
      "geometry": {
        "type": "Polygon",
        "coordinates": [
          [
            [122, 249.02],
            [122.48, 250.96],
            [126.9, 254.95],
            [130.9, 255],
            [134.06, 252.61],
            [135, 250.84],
            [134.92, 248.84],
            [132.74, 245.49],
            [129.48, 238.3],
            [125.52, 238.24],
            [123.91, 239.43],
            [122.19, 243.03],
            [122, 249.02]
          ]
        ]
      },
      "properties": {
        "objectType": "cell",
        "measurements": {
          "Cell: Area": 165.0,
          "Cell: Perimeter": 47.905778562114726,
          "Cell: Circularity": 0.9034788759276166,
          "Cell: Max caliper": 17.602448879333668,
          "Cell: Min caliper": 12.027349189257546,
          "Cell: Eccentricity": 0.7477348908179274,
          "Cell: Channel 1 mean": 884.0424242424242,
          "Cell: Channel 1 std dev": 2363.2509758843803,
          "Cell: Channel 1 max": 14094.0,
          "Cell: Channel 1 min": 0.0,
          "Cytoplasm: Channel 1 mean": 80.0,
          "Cytoplasm: Channel 1 std dev": 272.2732715030985,
          "Cytoplasm: Channel 1 max": 1489.0,
          "Cytoplasm: Channel 1 min": 0.0
        }
      }
    },
    {
      "type": "Feature",
      "id": "57d2444b-39a3-4a88-8ec2-d52e437248db",
      "geometry": {
        "type": "Polygon",
        "coordinates": [
          [
            [67, 249.85],
            [67.41, 251.81],
            [70.23, 254.62],
            [74.18, 254.76],
            [80.93, 250.54],
            [86.81, 249.59],
            [88.34, 248.31],
            [89, 246.42],
            [88.72, 242.44],
            [87.04, 240.7],
            [85.16, 240],
            [75.17, 240.17],
            [69.83, 242.84],
            [67.23, 245.87],
            [67, 249.85]
          ]
        ]
      },
      "properties": {
        "objectType": "cell",
        "measurements": {
          "Cell: Area": 244.0,
          "Cell: Perimeter": 60.42175246599093,
          "Cell: Circularity": 0.839871908813633,
          "Cell: Max caliper": 23.28360233239848,
          "Cell: Min caliper": 13.20984948902035,
          "Cell: Eccentricity": 0.8370463161426833,
          "Cell: Channel 1 mean": 441.57142857142856,
          "Cell: Channel 1 std dev": 1147.1117722492372,
          "Cell: Channel 1 max": 5655.0,
          "Cell: Channel 1 min": 0.0,
          "Cytoplasm: Channel 1 mean": 55.43654822335025,
          "Cytoplasm: Channel 1 std dev": 237.79253151679785,
          "Cytoplasm: Channel 1 max": 1870.0,
          "Cytoplasm: Channel 1 min": 0.0
        }
      }
    },
    {
      "type": "Feature",
      "id": "30c08659-a15d-4854-9101-ce22e59c6159",
      "geometry": {
        "type": "Polygon",
        "coordinates": [
          [
            [175.04, 250.82],
            [177.27, 256.34],
            [179.96, 259.29],
            [183.52, 261.05],
            [184.47, 266.93],
            [185.82, 268.41],
            [187.81, 268.6],
            [193.65, 267.44],
            [197.44, 268.69],
            [201.4, 268.8],
            [202.81, 267.38],
            [203, 263.39],
            [202.1, 259.52],
            [203, 255.64],
            [202.73, 253.65],
            [198.59, 249.32],
            [190.62, 248.92],
            [186.92, 247.46],
            [179.33, 241],
            [177.35, 241.31],
            [176.21, 242.95],
            [176, 246.94],
            [175.04, 250.82]
          ]
        ]
      },
      "properties": {
        "objectType": "cell",
        "measurements": {
          "Cell: Area": 494.0,
          "Cell: Perimeter": 94.00521805686489,
          "Cell: Circularity": 0.7024782635716892,
          "Cell: Max caliper": 36.52217717158844,
          "Cell: Min caliper": 22.53170779483284,
          "Cell: Eccentricity": 0.8253941277532244,
          "Cell: Channel 1 mean": 11107.87323943662,
          "Cell: Channel 1 std dev": 16551.87505038315,
          "Cell: Channel 1 max": 59799.0,
          "Cell: Channel 1 min": 0.0,
          "Cytoplasm: Channel 1 mean": 1157.2636655948554,
          "Cytoplasm: Channel 1 std dev": 2936.0155457856326,
          "Cytoplasm: Channel 1 max": 19601.0,
          "Cytoplasm: Channel 1 min": 0.0
        }
      }
    },
    {
      "type": "Feature",
      "id": "919b346d-9fe4-4a9b-b40f-4f210075c148",
      "geometry": {
        "type": "Polygon",
        "coordinates": [
          [
            [229, 246.73],
            [230.24, 250.49],
            [238.84, 258.77],
            [242.82, 258.84],
            [245.94, 256.39],
            [246.88, 254.62],
            [246.73, 248.64],
            [242.6, 244.3],
            [237.77, 241],
            [231.9, 241.76],
            [229.25, 244.75],
            [229, 246.73]
          ]
        ]
      },
      "properties": {
        "objectType": "cell",
        "measurements": {
          "Cell: Area": 231.0,
          "Cell: Perimeter": 55.85584115377928,
          "Cell: Circularity": 0.9304320270185092,
          "Cell: Max caliper": 20.413872789122067,
          "Cell: Min caliper": 13.199340968273177,
          "Cell: Eccentricity": 0.7434968184085102,
          "Cell: Channel 1 mean": 1489.4786324786326,
          "Cell: Channel 1 std dev": 6123.585260943077,
          "Cell: Channel 1 max": 50656.0,
          "Cell: Channel 1 min": 0.0,
          "Cytoplasm: Channel 1 mean": 23.00531914893617,
          "Cytoplasm: Channel 1 std dev": 61.83015353364292,
          "Cytoplasm: Channel 1 max": 473.0,
          "Cytoplasm: Channel 1 min": 0.0
        }
      }
    },
    {
      "type": "Feature",
      "id": "7376ee65-f7a8-4c5c-b498-4d850c9d6291",
      "geometry": {
        "type": "Polygon",
        "coordinates": [
          [
            [0, 246.72],
            [0, 254.72],
            [1.59, 258.26],
            [3.45, 259],
            [9.44, 258.78],
            [10.83, 257.34],
            [12.62, 253.77],
            [14, 247.93],
            [13.97, 245.93],
            [12.9, 244.24],
            [9.79, 242],
            [5.79, 242.04],
            [2.07, 243.46],
            [0.59, 244.81],
            [0, 246.72]
          ]
        ]
      },
      "properties": {
        "objectType": "cell",
        "measurements": {
          "Cell: Area": 204.0,
          "Cell: Perimeter": 51.84114260380389,
          "Cell: Circularity": 0.9538737586724546,
          "Cell: Max caliper": 18.20733245520265,
          "Cell: Min caliper": 13.921186462236859,
          "Cell: Eccentricity": 0.6326146471358925,
          "Cell: Channel 1 mean": 3287.9411764705883,
          "Cell: Channel 1 std dev": 5821.914700066281,
          "Cell: Channel 1 max": 22939.0,
          "Cell: Channel 1 min": 0.0,
          "Cytoplasm: Channel 1 mean": 237.94,
          "Cytoplasm: Channel 1 std dev": 705.3198353947961,
          "Cytoplasm: Channel 1 max": 4108.0,
          "Cytoplasm: Channel 1 min": 0.0
        }
      }
    },
    {
      "type": "Feature",
      "id": "05f86e1f-af42-4fa7-b4a6-1516f51d562a",
      "geometry": {
        "type": "Polygon",
        "coordinates": [
          [
            [249.07, 256.13],
            [250.15, 257.81],
            [257.47, 260.89],
            [259.38, 260.29],
            [262.21, 257.46],
            [263.84, 253.82],
            [263.77, 249.84],
            [261.16, 246.82],
            [258.26, 245.18],
            [252.3, 245.36],
            [249.48, 248.19],
            [249.07, 256.13]
          ]
        ]
      },
      "properties": {
        "objectType": "cell",
        "measurements": {
          "Cell: Area": 192.0,
          "Cell: Perimeter": 49.350533178901436,
          "Cell: Circularity": 0.9906663111229683,
          "Cell: Max caliper": 16.517796702067535,
          "Cell: Min caliper": 15.0,
          "Cell: Eccentricity": 0.26755066985774767,
          "Cell: Channel 1 mean": 5697.046632124352,
          "Cell: Channel 1 std dev": 13489.517066229828,
          "Cell: Channel 1 max": 61188.0,
          "Cell: Channel 1 min": 0.0,
          "Cytoplasm: Channel 1 mean": 940.0463576158941,
          "Cytoplasm: Channel 1 std dev": 2096.566037874786,
          "Cytoplasm: Channel 1 max": 12393.0,
          "Cytoplasm: Channel 1 min": 0.0
        }
      }
    },
    {
      "type": "Feature",
      "id": "a9af4287-fc00-45c7-afe5-fa4ea53f4332",
      "geometry": {
        "type": "Polygon",
        "coordinates": [
          [
            [367.26, 249.68],
            [367.34, 251.68],
            [375.15, 257.83],
            [379.07, 257.47],
            [381.74, 254.52],
            [382, 250.53],
            [381.32, 248.65],
            [377.73, 245.48],
            [375.79, 245],
            [371.96, 246.02],
            [367.26, 249.68]
          ]
        ]
      },
      "properties": {
        "objectType": "cell",
        "measurements": {
          "Cell: Area": 138.0,
          "Cell: Perimeter": 42.796259136807485,
          "Cell: Circularity": 0.9468416057908432,
          "Cell: Max caliper": 15.26418233013797,
          "Cell: Min caliper": 11.463418071640362,
          "Cell: Eccentricity": 0.6018589305396838,
          "Cell: Channel 1 mean": 640.0575539568346,
          "Cell: Channel 1 std dev": 1920.7523992623915,
          "Cell: Channel 1 max": 12581.0,
          "Cell: Channel 1 min": 0.0,
          "Cytoplasm: Channel 1 mean": 191.88888888888889,
          "Cytoplasm: Channel 1 std dev": 680.0788338909789,
          "Cytoplasm: Channel 1 max": 5244.0,
          "Cytoplasm: Channel 1 min": 0.0
        }
      }
    },
    {
      "type": "Feature",
      "id": "b848faf6-6688-4959-9ccb-084b5b4467b2",
      "geometry": {
        "type": "Polygon",
        "coordinates": [
          [
            [390.13, 252.37],
            [390.63, 258.27],
            [393.67, 260.84],
            [399.67, 261],
            [400, 258.95],
            [399.95, 248.95],
            [398.18, 248],
            [394.19, 248.16],
            [391.06, 250.6],
            [390.13, 252.37]
          ]
        ]
      },
      "properties": {
        "objectType": "cell",
        "measurements": {
          "Cell: Area": 115.0,
          "Cell: Perimeter": 40.10129848302021,
          "Cell: Circularity": 0.8986505277725415,
          "Cell: Max caliper": 13.957181887498699,
          "Cell: Min caliper": 10.0,
          "Cell: Eccentricity": 0.6338504343848623,
          "Cell: Channel 1 mean": 90.73728813559322,
          "Cell: Channel 1 std dev": 363.6667119783304,
          "Cell: Channel 1 max": 2672.0,
          "Cell: Channel 1 min": 0.0,
          "Cytoplasm: Channel 1 mean": 6.752577319587629,
          "Cytoplasm: Channel 1 std dev": 31.588180452977934,
          "Cytoplasm: Channel 1 max": 276.0,
          "Cytoplasm: Channel 1 min": 0.0
        }
      }
    },
    {
      "type": "Feature",
      "id": "4b85340e-08f1-4aec-95db-cd8caea17f7c",
      "geometry": {
        "type": "Polygon",
        "coordinates": [
          [
            [133, 261.44],
            [133.66, 263.32],
            [137.98, 267.49],
            [139.91, 268],
            [145.86, 267.57],
            [148.27, 264.47],
            [150, 258.81],
            [149.96, 252.81],
            [149.05, 251.03],
            [145.99, 249],
            [142.08, 249.59],
            [137.84, 253.83],
            [135.96, 254.52],
            [133.27, 257.45],
            [133, 261.44]
          ]
        ]
      },
      "properties": {
        "objectType": "cell",
        "measurements": {
          "Cell: Area": 244.0,
          "Cell: Perimeter": 57.672712572182974,
          "Cell: Circularity": 0.9218471841910273,
          "Cell: Max caliper": 20.15125517996002,
          "Cell: Min caliper": 16.343707927190593,
          "Cell: Eccentricity": 0.6227227051133691,
          "Cell: Channel 1 mean": 4522.277551020408,
          "Cell: Channel 1 std dev": 7213.999256093113,
          "Cell: Channel 1 max": 31288.0,
          "Cell: Channel 1 min": 0.0,
          "Cytoplasm: Channel 1 mean": 728.8539325842696,
          "Cytoplasm: Channel 1 std dev": 1360.524957262721,
          "Cytoplasm: Channel 1 max": 7370.0,
          "Cytoplasm: Channel 1 min": 0.0
        }
      }
    },
    {
      "type": "Feature",
      "id": "dae32e86-fa2a-4090-ba4f-eb3ea8c38cb3",
      "geometry": {
        "type": "Polygon",
        "coordinates": [
          [
            [150.01, 260.99],
            [150.55, 262.91],
            [154.42, 263.92],
            [156.33, 263.33],
            [162.04, 265],
            [163.85, 264.15],
            [164, 258.15],
            [165.88, 254.62],
            [164.83, 252.92],
            [160.33, 250.22],
            [152.6, 252],
            [151, 253.2],
            [150.9, 259.2],
            [150.01, 260.99]
          ]
        ]
      },
      "properties": {
        "objectType": "cell",
        "measurements": {
          "Cell: Area": 173.0,
          "Cell: Perimeter": 51.27357784724179,
          "Cell: Circularity": 0.8269299476836716,
          "Cell: Max caliper": 17.42957788364784,
          "Cell: Min caliper": 14.393462018693638,
          "Cell: Eccentricity": 0.35498106522400774,
          "Cell: Channel 1 mean": 9176.88202247191,
          "Cell: Channel 1 std dev": 14097.9836424438,
          "Cell: Channel 1 max": 55867.0,
          "Cell: Channel 1 min": 0.0,
          "Cytoplasm: Channel 1 mean": 1539.6814159292035,
          "Cytoplasm: Channel 1 std dev": 2711.464767116154,
          "Cytoplasm: Channel 1 max": 12527.0,
          "Cytoplasm: Channel 1 min": 0.0
        }
      }
    },
    {
      "type": "Feature",
      "id": "50e14081-6141-4e9a-ba21-c2a56d634685",
      "geometry": {
        "type": "Polygon",
        "coordinates": [
          [
            [74, 257.39],
            [74.19, 261.38],
            [76.79, 264.4],
            [78.7, 265],
            [84.67, 264.66],
            [87.55, 261.91],
            [88.96, 258.19],
            [88.57, 254.24],
            [83.48, 251],
            [81.5, 251.25],
            [74.78, 255.55],
            [74, 257.39]
          ]
        ]
      },
      "properties": {
        "objectType": "cell",
        "measurements": {
          "Cell: Area": 164.0,
          "Cell: Perimeter": 46.110099259437064,
          "Cell: Circularity": 0.9693075552500532,
          "Cell: Max caliper": 16.05669424064064,
          "Cell: Min caliper": 13.142783838165006,
          "Cell: Eccentricity": 0.5582918093848771,
          "Cell: Channel 1 mean": 2950.5301204819275,
          "Cell: Channel 1 std dev": 7963.194109168718,
          "Cell: Channel 1 max": 46270.0,
          "Cell: Channel 1 min": 0.0,
          "Cytoplasm: Channel 1 mean": 413.79545454545456,
          "Cytoplasm: Channel 1 std dev": 1504.3941984754733,
          "Cytoplasm: Channel 1 max": 12472.0,
          "Cytoplasm: Channel 1 min": 0.0
        }
      }
    },
    {
      "type": "Feature",
      "id": "185b50ae-a233-41db-8722-34bf13dbe30a",
      "geometry": {
        "type": "Polygon",
        "coordinates": [
          [
            [11.04, 260.19],
            [12.45, 263.91],
            [18.74, 268.75],
            [24.69, 268.65],
            [27.56, 265.89],
            [28, 257.94],
            [27.5, 256],
            [21.9, 254.24],
            [19.84, 252.56],
            [15.92, 252],
            [14.12, 252.88],
            [11.04, 260.19]
          ]
        ]
      },
      "properties": {
        "objectType": "cell",
        "measurements": {
          "Cell: Area": 224.0,
          "Cell: Perimeter": 54.66305306717697,
          "Cell: Circularity": 0.9420416694881028,
          "Cell: Max caliper": 18.98926135376666,
          "Cell: Min caliper": 15.389899231878987,
          "Cell: Eccentricity": 0.5563937605574627,
          "Cell: Channel 1 mean": 3583.848214285714,
          "Cell: Channel 1 std dev": 9113.23226411616,
          "Cell: Channel 1 max": 51178.0,
          "Cell: Channel 1 min": 0.0,
          "Cytoplasm: Channel 1 mean": 86.91279069767442,
          "Cytoplasm: Channel 1 std dev": 333.53726824618195,
          "Cytoplasm: Channel 1 max": 2578.0,
          "Cytoplasm: Channel 1 min": 0.0
        }
      }
    },
    {
      "type": "Feature",
      "id": "7d44c6d6-94ef-469c-8fca-594ca3dcd59f",
      "geometry": {
        "type": "Polygon",
        "coordinates": [
          [
            [269.16, 260.18],
            [269.23, 264.16],
            [271.84, 267.18],
            [273.69, 267.94],
            [277.66, 267.67],
            [283.21, 265.4],
            [285.96, 260.19],
            [285.61, 256.23],
            [283.06, 252.73],
            [281.2, 252],
            [275.24, 252.38],
            [272.28, 255.06],
            [269.16, 260.18]
          ]
        ]
      },
      "properties": {
        "objectType": "cell",
        "measurements": {
          "Cell: Area": 213.0,
          "Cell: Perimeter": 52.380132877170446,
          "Cell: Circularity": 0.9755651459293859,
          "Cell: Max caliper": 18.291847063879814,
          "Cell: Min caliper": 15.03986214831384,
          "Cell: Eccentricity": 0.595069462136074,
          "Cell: Channel 1 mean": 6665.513888888889,
          "Cell: Channel 1 std dev": 15440.252295498402,
          "Cell: Channel 1 max": 65535.0,
          "Cell: Channel 1 min": 0.0,
          "Cytoplasm: Channel 1 mean": 454.95882352941175,
          "Cytoplasm: Channel 1 std dev": 1526.2369485589506,
          "Cytoplasm: Channel 1 max": 9869.0,
          "Cytoplasm: Channel 1 min": 0.0
        }
      }
    },
    {
      "type": "Feature",
      "id": "3e431abb-7489-41fa-8afa-41273bda6a6f",
      "geometry": {
        "type": "Polygon",
        "coordinates": [
          [
            [360, 258.01],
            [360.01, 262.01],
            [361.21, 263.61],
            [368.54, 266.77],
            [372.39, 266.27],
            [374.54, 262.92],
            [374.99, 260.97],
            [374.4, 259.07],
            [370.16, 254.82],
            [365.85, 253],
            [363.93, 253.54],
            [361.03, 256.3],
            [360, 258.01]
          ]
        ]
      },
      "properties": {
        "objectType": "cell",
        "measurements": {
          "Cell: Area": 153.0,
          "Cell: Perimeter": 44.72944915656409,
          "Cell: Circularity": 0.9609796590592937,
          "Cell: Max caliper": 15.3457843422546,
          "Cell: Min caliper": 11.958118683700945,
          "Cell: Eccentricity": 0.6181934854100599,
          "Cell: Channel 1 mean": 1744.7922077922078,
          "Cell: Channel 1 std dev": 5411.061398635962,
          "Cell: Channel 1 max": 29643.0,
          "Cell: Channel 1 min": 0.0,
          "Cytoplasm: Channel 1 mean": 32.336,
          "Cytoplasm: Channel 1 std dev": 102.06370117124987,
          "Cytoplasm: Channel 1 max": 663.0,
          "Cytoplasm: Channel 1 min": 0.0
        }
      }
    },
    {
      "type": "Feature",
      "id": "0a48086d-4dd0-4faf-83db-36a41fbf6d76",
      "geometry": {
        "type": "Polygon",
        "coordinates": [
          [
            [29.09, 264.46],
            [31.36, 267.67],
            [37.33, 267.84],
            [41.64, 263.72],
            [41.75, 259.77],
            [39.9, 256.24],
            [36.44, 254],
            [32.44, 254.11],
            [29.3, 256.48],
            [29.09, 264.46]
          ]
        ]
      },
      "properties": {
        "objectType": "cell",
        "measurements": {
          "Cell: Area": 152.0,
          "Cell: Perimeter": 44.14756565832039,
          "Cell: Circularity": 0.9800312625253234,
          "Cell: Max caliper": 14.585202639585473,
          "Cell: Min caliper": 13.0,
          "Cell: Eccentricity": 0.376235117765043,
          "Cell: Channel 1 mean": 812.9290322580645,
          "Cell: Channel 1 std dev": 2535.8078046657247,
          "Cell: Channel 1 max": 14226.0,
          "Cell: Channel 1 min": 0.0,
          "Cytoplasm: Channel 1 mean": 24.75,
          "Cytoplasm: Channel 1 std dev": 134.05493056746852,
          "Cytoplasm: Channel 1 max": 1137.0,
          "Cytoplasm: Channel 1 min": 0.0
        }
      }
    },
    {
      "type": "Feature",
      "id": "12520d0f-4873-46e3-944a-c43d90b9e774",
      "geometry": {
        "type": "Polygon",
        "coordinates": [
          [
            [165.27, 265.54],
            [168.57, 267.71],
            [172.53, 267.73],
            [176.74, 263.52],
            [177, 259.53],
            [176.32, 257.65],
            [171.62, 254],
            [167.65, 254.35],
            [165.28, 257.58],
            [165.27, 265.54]
          ]
        ]
      },
      "properties": {
        "objectType": "cell",
        "measurements": {
          "Cell: Area": 137.0,
          "Cell: Perimeter": 41.98614655878976,
          "Cell: Circularity": 0.9766037697641596,
          "Cell: Max caliper": 14.245535399200067,
          "Cell: Min caliper": 12.0,
          "Cell: Eccentricity": 0.47015472164348165,
          "Cell: Channel 1 mean": 5962.762589928057,
          "Cell: Channel 1 std dev": 13648.531684887315,
          "Cell: Channel 1 max": 56127.0,
          "Cell: Channel 1 min": 0.0,
          "Cytoplasm: Channel 1 mean": 571.4587155963303,
          "Cytoplasm: Channel 1 std dev": 2202.574829653754,
          "Cytoplasm: Channel 1 max": 18494.0,
          "Cytoplasm: Channel 1 min": 0.0
        }
      }
    },
    {
      "type": "Feature",
      "id": "6fbecfbf-3b6d-4e22-86e7-0aa27d921534",
      "geometry": {
        "type": "Polygon",
        "coordinates": [
          [
            [245.19, 266.96],
            [247.92, 269.78],
            [255.9, 269.82],
            [258.77, 267.13],
            [258.59, 263.19],
            [256.99, 261.99],
            [249.57, 259.09],
            [247.75, 259.91],
            [245.2, 262.98],
            [245.19, 266.96]
          ]
        ]
      },
      "properties": {
        "objectType": "cell",
        "measurements": {
          "Cell: Area": 118.0,
          "Cell: Perimeter": 39.98429270613816,
          "Cell: Circularity": 0.9274981140610056,
          "Cell: Max caliper": 14.190900174146739,
          "Cell: Min caliper": 10.577582465852151,
          "Cell: Eccentricity": 0.7052560053192845,
          "Cell: Channel 1 mean": 1610.1209677419354,
          "Cell: Channel 1 std dev": 6131.784559127691,
          "Cell: Channel 1 max": 37096.0,
          "Cell: Channel 1 min": 0.0,
          "Cytoplasm: Channel 1 mean": 46.95283018867924,
          "Cytoplasm: Channel 1 std dev": 224.77558679822232,
          "Cytoplasm: Channel 1 max": 2277.0,
          "Cytoplasm: Channel 1 min": 0.0
        }
      }
    },
    {
      "type": "Feature",
      "id": "15372548-95fa-4166-b3bb-a310d49c02c4",
      "geometry": {
        "type": "Polygon",
        "coordinates": [
          [
            [147.06, 270.7],
            [147.33, 274.67],
            [150.57, 276.91],
            [158.32, 275],
            [162.18, 276],
            [168.11, 276.44],
            [169, 274.65],
            [168.93, 270.65],
            [168.15, 268.81],
            [164.92, 266.46],
            [160.98, 265.8],
            [157.26, 264.33],
            [153.33, 265],
            [150.62, 264],
            [149, 265.17],
            [148.91, 267.17],
            [147.06, 270.7]
          ]
        ]
      },
      "properties": {
        "objectType": "cell",
        "measurements": {
          "Cell: Area": 218.0,
          "Cell: Perimeter": 60.968973454153144,
          "Cell: Circularity": 0.7369679344149547,
          "Cell: Max caliper": 22.293061922575532,
          "Cell: Min caliper": 12.899683810576509,
          "Cell: Eccentricity": 0.8574427784883063,
          "Cell: Channel 1 mean": 10774.95982142857,
          "Cell: Channel 1 std dev": 16780.059747596482,
          "Cell: Channel 1 max": 60752.0,
          "Cell: Channel 1 min": 0.0,
          "Cytoplasm: Channel 1 mean": 1078.0,
          "Cytoplasm: Channel 1 std dev": 2540.5896213597894,
          "Cytoplasm: Channel 1 max": 13065.0,
          "Cytoplasm: Channel 1 min": 0.0
        }
      }
    },
    {
      "type": "Feature",
      "id": "577f9ba1-962f-48a8-95d5-e661760afc21",
      "geometry": {
        "type": "Polygon",
        "coordinates": [
          [
            [204, 272.02],
            [204.6, 273.93],
            [209.28, 277.64],
            [213.02, 279],
            [216.93, 278.41],
            [220, 273.38],
            [218.32, 267.65],
            [214.96, 264.64],
            [209.07, 264.19],
            [204.56, 268.1],
            [204, 272.02]
          ]
        ]
      },
      "properties": {
        "objectType": "cell",
        "measurements": {
          "Cell: Area": 186.0,
          "Cell: Perimeter": 48.52433498850192,
          "Cell: Circularity": 0.992667089733992,
          "Cell: Max caliper": 16.445782095872538,
          "Cell: Min caliper": 13.903371869658752,
          "Cell: Eccentricity": 0.527676543077484,
          "Cell: Channel 1 mean": 6525.005347593583,
          "Cell: Channel 1 std dev": 13533.565809949323,
          "Cell: Channel 1 max": 58252.0,
          "Cell: Channel 1 min": 0.0,
          "Cytoplasm: Channel 1 mean": 837.2534246575342,
          "Cytoplasm: Channel 1 std dev": 2371.168481954788,
          "Cytoplasm: Channel 1 max": 13880.0,
          "Cytoplasm: Channel 1 min": 0.0
        }
      }
    },
    {
      "type": "Feature",
      "id": "b3da05e9-60e6-4c0f-8603-8b6435b85ad3",
      "geometry": {
        "type": "Polygon",
        "coordinates": [
          [
            [303.27, 269.63],
            [303.29, 273.58],
            [304.19, 275.37],
            [308.37, 279.67],
            [312.34, 279.93],
            [314.18, 279.15],
            [317.89, 274.53],
            [317.32, 268.65],
            [313.55, 265.37],
            [309.59, 265],
            [305.98, 266.68],
            [303.27, 269.63]
          ]
        ]
      },
      "properties": {
        "objectType": "cell",
        "measurements": {
          "Cell: Area": 176.0,
          "Cell: Perimeter": 47.00562802306478,
          "Cell: Circularity": 1.0,
          "Cell: Max caliper": 15.419828366224982,
          "Cell: Min caliper": 14.14213562373095,
          "Cell: Eccentricity": 0.23468642784834223,
          "Cell: Channel 1 mean": 59.640449438202246,
          "Cell: Channel 1 std dev": 294.7792719062173,
          "Cell: Channel 1 max": 2426.0,
          "Cell: Channel 1 min": 0.0,
          "Cytoplasm: Channel 1 mean": 8.273972602739725,
          "Cytoplasm: Channel 1 std dev": 50.93424030202151,
          "Cytoplasm: Channel 1 max": 470.0,
          "Cytoplasm: Channel 1 min": 0.0
        }
      }
    },
    {
      "type": "Feature",
      "id": "5af4028c-a67a-4f18-8db8-1dadda36a255",
      "geometry": {
        "type": "Polygon",
        "coordinates": [
          [
            [356.14, 273.72],
            [357.13, 275.46],
            [359.96, 278.29],
            [361.84, 278.97],
            [365.77, 278.46],
            [368.29, 275.38],
            [369.86, 271.71],
            [370, 269.72],
            [368.99, 267.99],
            [363.33, 266],
            [362.31, 265.21],
            [360.32, 265.35],
            [356.25, 269.74],
            [356.14, 273.72]
          ]
        ]
      },
      "properties": {
        "objectType": "cell",
        "measurements": {
          "Cell: Area": 144.0,
          "Cell: Perimeter": 43.28926675897228,
          "Cell: Circularity": 0.9656325498552817,
          "Cell: Max caliper": 14.42247169130493,
          "Cell: Min caliper": 12.918422365610644,
          "Cell: Eccentricity": 0.21776640410043777,
          "Cell: Channel 1 mean": 1691.843537414966,
          "Cell: Channel 1 std dev": 6273.717235802381,
          "Cell: Channel 1 max": 42891.0,
          "Cell: Channel 1 min": 0.0,
          "Cytoplasm: Channel 1 mean": 110.60655737704919,
          "Cytoplasm: Channel 1 std dev": 585.847433914679,
          "Cytoplasm: Channel 1 max": 4140.0,
          "Cytoplasm: Channel 1 min": 0.0
        }
      }
    },
    {
      "type": "Feature",
      "id": "473ce0c3-726e-42a5-bc2b-40de2069c21d",
      "geometry": {
        "type": "Polygon",
        "coordinates": [
          [
            [89, 274.9],
            [89.75, 276.75],
            [94.83, 279.92],
            [98.76, 280.62],
            [102.28, 278.72],
            [103, 276.86],
            [102.77, 270.87],
            [100.18, 267.84],
            [94.04, 266],
            [92.05, 266.19],
            [89.22, 268.91],
            [89, 274.9]
          ]
        ]
      },
      "properties": {
        "objectType": "cell",
        "measurements": {
          "Cell: Area": 164.0,
          "Cell: Perimeter": 46.5390660982344,
          "Cell: Circularity": 0.9515210140985264,
          "Cell: Max caliper": 16.50238052062177,
          "Cell: Min caliper": 13.18880589867767,
          "Cell: Eccentricity": 0.5528822037837433,
          "Cell: Channel 1 mean": 5056.470588235294,
          "Cell: Channel 1 std dev": 11942.194179159005,
          "Cell: Channel 1 max": 58591.0,
          "Cell: Channel 1 min": 0.0,
          "Cytoplasm: Channel 1 mean": 490.5149253731343,
          "Cytoplasm: Channel 1 std dev": 1398.141358795331,
          "Cytoplasm: Channel 1 max": 11182.0,
          "Cytoplasm: Channel 1 min": 0.0
        }
      }
    },
    {
      "type": "Feature",
      "id": "8dd192cb-3532-4008-a29c-ee78a499129c",
      "geometry": {
        "type": "Polygon",
        "coordinates": [
          [
            [186, 271.67],
            [186.13, 277.67],
            [187.09, 279.42],
            [190.23, 281.85],
            [194.21, 281.76],
            [201.45, 274.88],
            [201.96, 270.96],
            [200.2, 270],
            [192.85, 268.58],
            [187.05, 269.97],
            [186, 271.67]
          ]
        ]
      },
      "properties": {
        "objectType": "cell",
        "measurements": {
          "Cell: Area": 163.0,
          "Cell: Perimeter": 47.54330138400863,
          "Cell: Circularity": 0.9061890230844368,
          "Cell: Max caliper": 17.187926669080937,
          "Cell: Min caliper": 13.229788025814425,
          "Cell: Eccentricity": 0.6179988747715442,
          "Cell: Channel 1 mean": 7516.017857142857,
          "Cell: Channel 1 std dev": 11905.941524068117,
          "Cell: Channel 1 max": 45043.0,
          "Cell: Channel 1 min": 0.0,
          "Cytoplasm: Channel 1 mean": 1406.7154471544716,
          "Cytoplasm: Channel 1 std dev": 4040.440652239261,
          "Cytoplasm: Channel 1 max": 26767.0,
          "Cytoplasm: Channel 1 min": 0.0
        }
      }
    },
    {
      "type": "Feature",
      "id": "e5f90bae-8cb9-444d-b2d8-487b39f8ce59",
      "geometry": {
        "type": "Polygon",
        "coordinates": [
          [
            [131, 273.15],
            [131.03, 275.15],
            [132.19, 278.97],
            [133.3, 280.64],
            [138.23, 284],
            [140.23, 283.88],
            [143.59, 281.75],
            [144.77, 280.14],
            [145, 276.15],
            [144.6, 274.19],
            [141.9, 271.24],
            [139.11, 269.07],
            [135.11, 269],
            [131.95, 271.39],
            [131, 273.15]
          ]
        ]
      },
      "properties": {
        "objectType": "cell",
        "measurements": {
          "Cell: Area": 162.0,
          "Cell: Perimeter": 45.53643540547057,
          "Cell: Circularity": 0.981763352313904,
          "Cell: Max caliper": 15.74088406328437,
          "Cell: Min caliper": 12.727517554308509,
          "Cell: Eccentricity": 0.5999846476539437,
          "Cell: Channel 1 mean": 4355.361963190184,
          "Cell: Channel 1 std dev": 11177.234596268692,
          "Cell: Channel 1 max": 61578.0,
          "Cell: Channel 1 min": 0.0,
          "Cytoplasm: Channel 1 mean": 710.8257575757576,
          "Cytoplasm: Channel 1 std dev": 2591.5195739627834,
          "Cytoplasm: Channel 1 max": 19791.0,
          "Cytoplasm: Channel 1 min": 0.0
        }
      }
    },
    {
      "type": "Feature",
      "id": "7746ef35-ff46-44e4-913a-b5ede5b2ac56",
      "geometry": {
        "type": "Polygon",
        "coordinates": [
          [
            [244, 282.12],
            [244.52, 284.05],
            [247.46, 286.73],
            [251.43, 286.71],
            [256.82, 280.88],
            [258, 275.22],
            [257.46, 271.29],
            [247.5, 271.25],
            [245, 274.23],
            [244, 282.12]
          ]
        ]
      },
      "properties": {
        "objectType": "cell",
        "measurements": {
          "Cell: Area": 180.0,
          "Cell: Perimeter": 49.81377853605461,
          "Cell: Circularity": 0.9115560920964243,
          "Cell: Max caliper": 18.39284083457372,
          "Cell: Min caliper": 12.959117526046194,
          "Cell: Eccentricity": 0.6880677344650924,
          "Cell: Channel 1 mean": 4022.049723756906,
          "Cell: Channel 1 std dev": 9188.715184202993,
          "Cell: Channel 1 max": 46057.0,
          "Cell: Channel 1 min": 0.0,
          "Cytoplasm: Channel 1 mean": 371.1,
          "Cytoplasm: Channel 1 std dev": 942.5594826944696,
          "Cytoplasm: Channel 1 max": 6054.0,
          "Cytoplasm: Channel 1 min": 0.0
        }
      }
    },
    {
      "type": "Feature",
      "id": "bb17dedc-e83e-4ce2-b9a2-4ed19409f905",
      "geometry": {
        "type": "Polygon",
        "coordinates": [
          [
            [367.03, 279.16],
            [369.13, 282.46],
            [371.05, 283],
            [379.05, 282.95],
            [382.85, 278.3],
            [384, 274.53],
            [383.32, 272.65],
            [379.4, 269.27],
            [373.44, 269.31],
            [371.99, 270.68],
            [368.87, 275.8],
            [367.46, 277.21],
            [367.03, 279.16]
          ]
        ]
      },
      "properties": {
        "objectType": "cell",
        "measurements": {
          "Cell: Area": 180.0,
          "Cell: Perimeter": 49.18619665644811,
          "Cell: Circularity": 0.9349661450195246,
          "Cell: Max caliper": 17.720247537213226,
          "Cell: Min caliper": 13.234683979815788,
          "Cell: Eccentricity": 0.6435023231110235,
          "Cell: Channel 1 mean": 6014.659340659341,
          "Cell: Channel 1 std dev": 14839.348967283331,
          "Cell: Channel 1 max": 64179.0,
          "Cell: Channel 1 min": 0.0,
          "Cytoplasm: Channel 1 mean": 157.625,
          "Cytoplasm: Channel 1 std dev": 968.0184639269522,
          "Cytoplasm: Channel 1 max": 11126.0,
          "Cytoplasm: Channel 1 min": 0.0
        }
      }
    },
    {
      "type": "Feature",
      "id": "0ad880d1-061c-4001-89a6-dd23a1f33801",
      "geometry": {
        "type": "Polygon",
        "coordinates": [
          [
            [109, 274.15],
            [109.7, 280.03],
            [112.65, 282.73],
            [116.61, 282.7],
            [120.56, 275.89],
            [120.97, 273.93],
            [117.11, 270.07],
            [113.11, 270],
            [109.95, 272.39],
            [109, 274.15]
          ]
        ]
      },
      "properties": {
        "objectType": "cell",
        "measurements": {
          "Cell: Area": 120.0,
          "Cell: Perimeter": 39.53680830045727,
          "Cell: Circularity": 0.9646902653995971,
          "Cell: Max caliper": 13.420455098679787,
          "Cell: Min caliper": 11.114397370911387,
          "Cell: Eccentricity": 0.5438907057382645,
          "Cell: Channel 1 mean": 1300.6280991735537,
          "Cell: Channel 1 std dev": 3037.632312981695,
          "Cell: Channel 1 max": 13817.0,
          "Cell: Channel 1 min": 0.0,
          "Cytoplasm: Channel 1 mean": 237.34313725490196,
          "Cytoplasm: Channel 1 std dev": 712.969532559686,
          "Cytoplasm: Channel 1 max": 4856.0,
          "Cytoplasm: Channel 1 min": 0.0
        }
      }
    },
    {
      "type": "Feature",
      "id": "6ed479e7-eb87-4a82-b387-bf52484de59e",
      "geometry": {
        "type": "Polygon",
        "coordinates": [
          [
            [232.51, 273.15],
            [232.51, 277.03],
            [236.09, 284.18],
            [237.92, 284.98],
            [241.85, 284.48],
            [244, 278.93],
            [243.97, 274.93],
            [242.9, 273.24],
            [239.8, 271],
            [235.8, 271.04],
            [232.51, 273.15]
          ]
        ]
      },
      "properties": {
        "objectType": "cell",
        "measurements": {
          "Cell: Area": 130.0,
          "Cell: Perimeter": 41.828968856521705,
          "Cell: Circularity": 0.9336818119263384,
          "Cell: Max caliper": 15.004802236424453,
          "Cell: Min caliper": 11.180339887498949,
          "Cell: Eccentricity": 0.6455364487004376,
          "Cell: Channel 1 mean": 6790.804511278196,
          "Cell: Channel 1 std dev": 15268.927787989174,
          "Cell: Channel 1 max": 63510.0,
          "Cell: Channel 1 min": 0.0,
          "Cytoplasm: Channel 1 mean": 1044.559633027523,
          "Cytoplasm: Channel 1 std dev": 3117.4560926284967,
          "Cytoplasm: Channel 1 max": 18362.0,
          "Cytoplasm: Channel 1 min": 0.0
        }
      }
    },
    {
      "type": "Feature",
      "id": "f052f140-600d-45e6-aac8-42275bb80af5",
      "geometry": {
        "type": "Polygon",
        "coordinates": [
          [
            [118.16, 282.67],
            [118.34, 284.66],
            [124.27, 284],
            [128.12, 284.98],
            [130.01, 284.33],
            [132.53, 281.24],
            [129.33, 274],
            [128.15, 273.1],
            [122.27, 273.66],
            [118.16, 282.67]
          ]
        ]
      },
      "properties": {
        "objectType": "cell",
        "measurements": {
          "Cell: Area": 121.0,
          "Cell: Perimeter": 43.4849363086844,
          "Cell: Circularity": 0.8041138782901053,
          "Cell: Max caliper": 15.313164073914551,
          "Cell: Min caliper": 11.90752175741005,
          "Cell: Eccentricity": 0.47441739388707505,
          "Cell: Channel 1 mean": 11084.869918699187,
          "Cell: Channel 1 std dev": 15415.920330576373,
          "Cell: Channel 1 max": 54662.0,
          "Cell: Channel 1 min": 0.0,
          "Cytoplasm: Channel 1 mean": 2125.1744186046512,
          "Cytoplasm: Channel 1 std dev": 3491.846244145017,
          "Cytoplasm: Channel 1 max": 14573.0,
          "Cytoplasm: Channel 1 min": 0.0
        }
      }
    },
    {
      "type": "Feature",
      "id": "f8247043-b6d8-42d9-9207-8f2ccf5ef480",
      "geometry": {
        "type": "Polygon",
        "coordinates": [
          [
            [150, 282.5],
            [150.71, 284.37],
            [152.26, 285.63],
            [156.14, 286.57],
            [159.86, 288],
            [163.85, 287.83],
            [168.38, 283.95],
            [169, 280.05],
            [168.16, 278.23],
            [164.33, 277.07],
            [160.33, 277],
            [157.94, 276],
            [152.11, 277.44],
            [150.45, 278.55],
            [150, 282.5]
          ]
        ]
      },
      "properties": {
        "objectType": "cell",
        "measurements": {
          "Cell: Area": 178.0,
          "Cell: Perimeter": 50.64463205382708,
          "Cell: Circularity": 0.8720934524639415,
          "Cell: Max caliper": 19.15793985251942,
          "Cell: Min caliper": 11.520404558745659,
          "Cell: Eccentricity": 0.8093488948930306,
          "Cell: Channel 1 mean": 9136.055248618784,
          "Cell: Channel 1 std dev": 17125.219397693945,
          "Cell: Channel 1 max": 60078.0,
          "Cell: Channel 1 min": 0.0,
          "Cytoplasm: Channel 1 mean": 869.3984962406015,
          "Cytoplasm: Channel 1 std dev": 2905.3298486388176,
          "Cytoplasm: Channel 1 max": 20205.0,
          "Cytoplasm: Channel 1 min": 0.0
        }
      }
    },
    {
      "type": "Feature",
      "id": "2f8fe6a4-8921-429a-b8f9-9c0de7ed5b6b",
      "geometry": {
        "type": "Polygon",
        "coordinates": [
          [
            [216.09, 282.47],
            [217.23, 284.11],
            [222.53, 286.91],
            [225.83, 284.83],
            [227.78, 284.39],
            [229.69, 285],
            [233.58, 284.21],
            [234.15, 282.29],
            [231.33, 277],
            [231, 275.09],
            [229.33, 274],
            [221.35, 274.32],
            [219.07, 277.59],
            [216.3, 280.48],
            [216.09, 282.47]
          ]
        ]
      },
      "properties": {
        "objectType": "cell",
        "measurements": {
          "Cell: Area": 165.0,
          "Cell: Perimeter": 49.93516237344431,
          "Cell: Circularity": 0.8315356541932575,
          "Cell: Max caliper": 18.054809236312096,
          "Cell: Min caliper": 12.537006074360788,
          "Cell: Eccentricity": 0.7007890718400923,
          "Cell: Channel 1 mean": 11101.970238095239,
          "Cell: Channel 1 std dev": 18779.169092733577,
          "Cell: Channel 1 max": 65535.0,
          "Cell: Channel 1 min": 0.0,
          "Cytoplasm: Channel 1 mean": 1083.9739130434782,
          "Cytoplasm: Channel 1 std dev": 2644.702213399292,
          "Cytoplasm: Channel 1 max": 16805.0,
          "Cytoplasm: Channel 1 min": 0.0
        }
      }
    },
    {
      "type": "Feature",
      "id": "c1d28b25-e70b-49ae-b71f-a31865d94dc5",
      "geometry": {
        "type": "Polygon",
        "coordinates": [
          [
            [196.1, 282.5],
            [196.3, 284.49],
            [200.55, 288.71],
            [206.53, 288.89],
            [210.22, 287.39],
            [211.55, 285.9],
            [212, 281.95],
            [211.51, 280.01],
            [205.16, 276.11],
            [201.21, 276.45],
            [196.97, 280.7],
            [196.1, 282.5]
          ]
        ]
      },
      "properties": {
        "objectType": "cell",
        "measurements": {
          "Cell: Area": 160.0,
          "Cell: Perimeter": 45.47662586876058,
          "Cell: Circularity": 0.9721949863736701,
          "Cell: Max caliper": 15.965472023066637,
          "Cell: Min caliper": 13.0,
          "Cell: Eccentricity": 0.5790176232503113,
          "Cell: Channel 1 mean": 2589.722222222222,
          "Cell: Channel 1 std dev": 6241.508101571893,
          "Cell: Channel 1 max": 27283.0,
          "Cell: Channel 1 min": 0.0,
          "Cytoplasm: Channel 1 mean": 276.187969924812,
          "Cytoplasm: Channel 1 std dev": 1034.4295906614423,
          "Cytoplasm: Channel 1 max": 6155.0,
          "Cytoplasm: Channel 1 min": 0.0
        }
      }
    },
    {
      "type": "Feature",
      "id": "c1a4262e-631f-4a0b-a43e-9f96b17982fe",
      "geometry": {
        "type": "Polygon",
        "coordinates": [
          [
            [381.02, 281.95],
            [381.55, 285.88],
            [384.4, 288.68],
            [392.37, 288.82],
            [395, 285.93],
            [394.97, 279.93],
            [393.9, 278.24],
            [390.27, 276],
            [386.27, 276.15],
            [384.53, 277.13],
            [381.02, 281.95]
          ]
        ]
      },
      "properties": {
        "objectType": "cell",
        "measurements": {
          "Cell: Area": 152.0,
          "Cell: Perimeter": 44.31633462395923,
          "Cell: Circularity": 0.97258101099323,
          "Cell: Max caliper": 14.679071350335066,
          "Cell: Min caliper": 13.0,
          "Cell: Eccentricity": 0.381610614251917,
          "Cell: Channel 1 mean": 1506.422077922078,
          "Cell: Channel 1 std dev": 5013.500794791864,
          "Cell: Channel 1 max": 28289.0,
          "Cell: Channel 1 min": 0.0,
          "Cytoplasm: Channel 1 mean": 72.13385826771653,
          "Cytoplasm: Channel 1 std dev": 367.7830054293083,
          "Cytoplasm: Channel 1 max": 2919.0,
          "Cytoplasm: Channel 1 min": 0.0
        }
      }
    },
    {
      "type": "Feature",
      "id": "a38c84bd-324b-4ba8-a234-6a7fe6778ab2",
      "geometry": {
        "type": "Polygon",
        "coordinates": [
          [
            [267.09, 282.53],
            [267.3, 286.51],
            [271.57, 290.71],
            [277.53, 290.73],
            [281.74, 286.52],
            [282, 282.53],
            [281.32, 280.65],
            [276.6, 277],
            [272.6, 277.08],
            [270.77, 277.89],
            [267.09, 282.53]
          ]
        ]
      },
      "properties": {
        "objectType": "cell",
        "measurements": {
          "Cell: Area": 167.0,
          "Cell: Perimeter": 46.00353886891525,
          "Cell: Circularity": 0.9916167455695263,
          "Cell: Max caliper": 15.226614565256295,
          "Cell: Min caliper": 14.0,
          "Cell: Eccentricity": 0.35714955255183845,
          "Cell: Channel 1 mean": 78.94117647058823,
          "Cell: Channel 1 std dev": 365.46869811296125,
          "Cell: Channel 1 max": 2601.0,
          "Cell: Channel 1 min": 0.0,
          "Cytoplasm: Channel 1 mean": 0.9357142857142857,
          "Cytoplasm: Channel 1 std dev": 2.9631082122481267,
          "Cytoplasm: Channel 1 max": 17.0,
          "Cytoplasm: Channel 1 min": 0.0
        }
      }
    },
    {
      "type": "Feature",
      "id": "76e2ec2b-1acb-4341-bc16-835fbaf479ac",
      "geometry": {
        "type": "Polygon",
        "coordinates": [
          [
            [84, 284.44],
            [84.93, 288.26],
            [88.5, 290],
            [92.49, 289.76],
            [96.72, 285.56],
            [96.72, 281.6],
            [90.76, 278.51],
            [88.78, 278.24],
            [85.78, 280.88],
            [84, 284.44]
          ]
        ]
      },
      "properties": {
        "objectType": "cell",
        "measurements": {
          "Cell: Area": 115.0,
          "Cell: Perimeter": 38.75732106659468,
          "Cell: Circularity": 0.962055668932513,
          "Cell: Max caliper": 13.544486147604186,
          "Cell: Min caliper": 11.31370310418815,
          "Cell: Eccentricity": 0.4329557446251419,
          "Cell: Channel 1 mean": 4721.9059829059825,
          "Cell: Channel 1 std dev": 9061.257957677144,
          "Cell: Channel 1 max": 41917.0,
          "Cell: Channel 1 min": 0.0,
          "Cytoplasm: Channel 1 mean": 1237.127659574468,
          "Cytoplasm: Channel 1 std dev": 2547.8664033528617,
          "Cytoplasm: Channel 1 max": 14205.0,
          "Cytoplasm: Channel 1 min": 0.0
        }
      }
    },
    {
      "type": "Feature",
      "id": "3a5d3f39-74b6-4ed1-9996-babb598677f3",
      "geometry": {
        "type": "Polygon",
        "coordinates": [
          [
            [48.17, 284.13],
            [48.22, 288.11],
            [52.22, 292.56],
            [58.17, 292.97],
            [63.39, 290.22],
            [64.89, 286.53],
            [64.32, 282.65],
            [60.08, 279.06],
            [54.08, 279],
            [49.23, 282.43],
            [48.17, 284.13]
          ]
        ]
      },
      "properties": {
        "objectType": "cell",
        "measurements": {
          "Cell: Area": 193.0,
          "Cell: Perimeter": 49.567584402443295,
          "Cell: Circularity": 0.9871238918782987,
          "Cell: Max caliper": 17.155222102687915,
          "Cell: Min caliper": 14.0,
          "Cell: Eccentricity": 0.5295498094290606,
          "Cell: Channel 1 mean": 2717.492307692308,
          "Cell: Channel 1 std dev": 7153.523059195778,
          "Cell: Channel 1 max": 36129.0,
          "Cell: Channel 1 min": 0.0,
          "Cytoplasm: Channel 1 mean": 65.49358974358974,
          "Cytoplasm: Channel 1 std dev": 226.80855922845743,
          "Cytoplasm: Channel 1 max": 1856.0,
          "Cytoplasm: Channel 1 min": 0.0
        }
      }
    },
    {
      "type": "Feature",
      "id": "b36148c8-9901-4c32-9c5a-50a139920f53",
      "geometry": {
        "type": "Polygon",
        "coordinates": [
          [
            [93.58, 291.16],
            [94.98, 294.89],
            [98.43, 299.72],
            [102.18, 301],
            [108.17, 300.77],
            [109.67, 299.44],
            [108.92, 297.59],
            [105.03, 293.06],
            [105, 291.06],
            [108.72, 286.4],
            [108.72, 282.44],
            [105.38, 280],
            [101.4, 280.3],
            [98.26, 282.68],
            [96.93, 286.4],
            [94.1, 289.23],
            [93.58, 291.16]
          ]
        ]
      },
      "properties": {
        "objectType": "cell",
        "measurements": {
          "Cell: Area": 230.0,
          "Cell: Perimeter": 64.20998243882612,
          "Cell: Circularity": 0.7010235338202898,
          "Cell: Max caliper": 21.556005310072827,
          "Cell: Min caliper": 15.703113143417564,
          "Cell: Eccentricity": 0.7843241567777459,
          "Cell: Channel 1 mean": 9955.377682403434,
          "Cell: Channel 1 std dev": 13965.755514453911,
          "Cell: Channel 1 max": 59558.0,
          "Cell: Channel 1 min": 0.0,
          "Cytoplasm: Channel 1 mean": 1747.2967741935483,
          "Cytoplasm: Channel 1 std dev": 3552.748912241208,
          "Cytoplasm: Channel 1 max": 19944.0,
          "Cytoplasm: Channel 1 min": 0.0
        }
      }
    },
    {
      "type": "Feature",
      "id": "02f47d7a-f72c-4cb9-a6fb-5dda986d7e61",
      "geometry": {
        "type": "Polygon",
        "coordinates": [
          [
            [119.13, 286.27],
            [121.67, 289.34],
            [123.27, 292.94],
            [124.97, 293.99],
            [126.59, 292.81],
            [128.86, 287.29],
            [126.63, 285.42],
            [120.68, 285],
            [119.13, 286.27]
          ]
        ]
      },
      "properties": {
        "objectType": "cell",
        "measurements": {
          "Cell: Area": 56.0,
          "Cell: Perimeter": 28.905947117254332,
          "Cell: Circularity": 0.8422159917230825,
          "Cell: Max caliper": 9.959541084134244,
          "Cell: Min caliper": 7.79740507435271,
          "Cell: Eccentricity": 0.6054890675925164,
          "Cell: Channel 1 mean": 13602.48275862069,
          "Cell: Channel 1 std dev": 17677.684840123013,
          "Cell: Channel 1 max": 60352.0,
          "Cell: Channel 1 min": 0.0,
          "Cytoplasm: Channel 1 mean": 2557.1315789473683,
          "Cytoplasm: Channel 1 std dev": 4392.441771036788,
          "Cytoplasm: Channel 1 max": 16201.0,
          "Cytoplasm: Channel 1 min": 0.0
        }
      }
    },
    {
      "type": "Feature",
      "id": "b9b007a9-40c4-4594-b7a7-a61ff2e19f5d",
      "geometry": {
        "type": "Polygon",
        "coordinates": [
          [
            [126.29, 294.42],
            [126.71, 296.38],
            [128.27, 297.63],
            [132.23, 298],
            [135.89, 296.44],
            [139.81, 291.94],
            [139.51, 286.01],
            [133.12, 282.55],
            [130.32, 285.41],
            [129.36, 289.29],
            [126.29, 294.42]
          ]
        ]
      },
      "properties": {
        "objectType": "cell",
        "measurements": {
          "Cell: Area": 142.0,
          "Cell: Perimeter": 45.29806205309181,
          "Cell: Circularity": 0.8696389112684713,
          "Cell: Max caliper": 16.467378231772447,
          "Cell: Min caliper": 11.332180744802955,
          "Cell: Eccentricity": 0.7344360822962789,
          "Cell: Channel 1 mean": 5525.287671232877,
          "Cell: Channel 1 std dev": 12724.154519413698,
          "Cell: Channel 1 max": 64682.0,
          "Cell: Channel 1 min": 0.0,
          "Cytoplasm: Channel 1 mean": 202.63392857142858,
          "Cytoplasm: Channel 1 std dev": 659.9021357355884,
          "Cytoplasm: Channel 1 max": 3538.0,
          "Cytoplasm: Channel 1 min": 0.0
        }
      }
    },
    {
      "type": "Feature",
      "id": "a060f731-fc31-485e-8f8f-7e8d19fc6132",
      "geometry": {
        "type": "Polygon",
        "coordinates": [
          [
            [224.49, 287.98],
            [226.28, 291.56],
            [227.38, 295.38],
            [229.38, 295.28],
            [232.73, 293.14],
            [236.69, 292.64],
            [237.8, 290.98],
            [237.52, 287.05],
            [236.16, 285.58],
            [234.21, 285.16],
            [232.33, 285.84],
            [228.33, 286],
            [226.91, 285.05],
            [225.22, 286.12],
            [224.49, 287.98]
          ]
        ]
      },
      "properties": {
        "objectType": "cell",
        "measurements": {
          "Cell: Area": 97.0,
          "Cell: Perimeter": 39.71545108679639,
          "Cell: Circularity": 0.7727919670350742,
          "Cell: Max caliper": 13.648722883586428,
          "Cell: Min caliper": 10.329474352559641,
          "Cell: Eccentricity": 0.7233332039497735,
          "Cell: Channel 1 mean": 10646.257425742575,
          "Cell: Channel 1 std dev": 17937.053347555986,
          "Cell: Channel 1 max": 61328.0,
          "Cell: Channel 1 min": 0.0,
          "Cytoplasm: Channel 1 mean": 1464.611111111111,
          "Cytoplasm: Channel 1 std dev": 3159.531818390836,
          "Cytoplasm: Channel 1 max": 14892.0,
          "Cytoplasm: Channel 1 min": 0.0
        }
      }
    },
    {
      "type": "Feature",
      "id": "779d3b5f-9e08-4d2a-9d8e-8b8fe29765e3",
      "geometry": {
        "type": "Polygon",
        "coordinates": [
          [
            [106.05, 292.25],
            [106.78, 294.12],
            [111.03, 298.36],
            [112.92, 298.98],
            [114.86, 298.47],
            [118.25, 296.38],
            [122.07, 295.26],
            [122.67, 293.35],
            [120.78, 289.9],
            [117.33, 285],
            [115.94, 284],
            [112.04, 284.63],
            [106.38, 290.28],
            [106.05, 292.25]
          ]
        ]
      },
      "properties": {
        "objectType": "cell",
        "measurements": {
          "Cell: Area": 164.0,
          "Cell: Perimeter": 47.71161094826671,
          "Cell: Circularity": 0.9053271635130361,
          "Cell: Max caliper": 16.651748993047747,
          "Cell: Min caliper": 13.796744847334491,
          "Cell: Eccentricity": 0.3180163578423685,
          "Cell: Channel 1 mean": 11973.982142857143,
          "Cell: Channel 1 std dev": 18912.342545769985,
          "Cell: Channel 1 max": 65535.0,
          "Cell: Channel 1 min": 0.0,
          "Cytoplasm: Channel 1 mean": 1531.7350427350427,
          "Cytoplasm: Channel 1 std dev": 3170.356040032691,
          "Cytoplasm: Channel 1 max": 15611.0,
          "Cytoplasm: Channel 1 min": 0.0
        }
      }
    },
    {
      "type": "Feature",
      "id": "8657beb8-158b-4f40-88f2-57d3963fd343",
      "geometry": {
        "type": "Polygon",
        "coordinates": [
          [
            [214, 288.24],
            [214.05, 294.24],
            [216.19, 297.52],
            [219.87, 299],
            [223.87, 298.83],
            [225.56, 297.77],
            [226.43, 295.97],
            [225.54, 292.07],
            [223.75, 288.49],
            [216.49, 285.26],
            [214, 288.24]
          ]
        ]
      },
      "properties": {
        "objectType": "cell",
        "measurements": {
          "Cell: Area": 128.0,
          "Cell: Perimeter": 41.9883321954089,
          "Cell: Circularity": 0.912352328187004,
          "Cell: Max caliper": 15.562941498305047,
          "Cell: Min caliper": 11.431187845424036,
          "Cell: Eccentricity": 0.6763193658100749,
          "Cell: Channel 1 mean": 3972.0676691729323,
          "Cell: Channel 1 std dev": 7099.516129687236,
          "Cell: Channel 1 max": 33340.0,
          "Cell: Channel 1 min": 0.0,
          "Cytoplasm: Channel 1 mean": 1325.4672897196263,
          "Cytoplasm: Channel 1 std dev": 4103.459438630531,
          "Cytoplasm: Channel 1 max": 33340.0,
          "Cytoplasm: Channel 1 min": 0.0
        }
      }
    },
    {
      "type": "Feature",
      "id": "028ab6f8-7970-4fd8-bc51-712c814bd5cd",
      "geometry": {
        "type": "Polygon",
        "coordinates": [
          [
            [19, 293.31],
            [19.06, 299.3],
            [19.82, 301.15],
            [22.84, 303.77],
            [28.82, 304],
            [32.57, 302.71],
            [34.89, 299.53],
            [34.32, 293.65],
            [29.42, 290],
            [21.44, 290.28],
            [19, 293.31]
          ]
        ]
      },
      "properties": {
        "objectType": "cell",
        "measurements": {
          "Cell: Area": 195.0,
          "Cell: Perimeter": 50.171333824277376,
          "Cell: Circularity": 0.9734937805539672,
          "Cell: Max caliper": 17.24521291854583,
          "Cell: Min caliper": 14.0,
          "Cell: Eccentricity": 0.4971439397155626,
          "Cell: Channel 1 mean": 6238.787878787879,
          "Cell: Channel 1 std dev": 14176.8794632381,
          "Cell: Channel 1 max": 58514.0,
          "Cell: Channel 1 min": 0.0,
          "Cytoplasm: Channel 1 mean": 236.16666666666666,
          "Cytoplasm: Channel 1 std dev": 803.8806991678701,
          "Cytoplasm: Channel 1 max": 6035.0,
          "Cytoplasm: Channel 1 min": 0.0
        }
      }
    },
    {
      "type": "Feature",
      "id": "bb4b317a-0e53-46d2-91c6-18e7d4a9698d",
      "geometry": {
        "type": "Polygon",
        "coordinates": [
          [
            [75, 299.24],
            [75.23, 301.23],
            [78.95, 302.52],
            [80.88, 302],
            [84.84, 302.42],
            [88.54, 303.89],
            [93.96, 301.37],
            [95.37, 299.96],
            [95.48, 297.96],
            [93.04, 292.52],
            [89.33, 291.07],
            [84.53, 290],
            [78.55, 290.29],
            [76.12, 293.38],
            [75, 299.24]
          ]
        ]
      },
      "properties": {
        "objectType": "cell",
        "measurements": {
          "Cell: Area": 220.0,
          "Cell: Perimeter": 57.06141729761367,
          "Cell: Circularity": 0.8490777019893262,
          "Cell: Max caliper": 20.52135023546437,
          "Cell: Min caliper": 13.1870965491755,
          "Cell: Eccentricity": 0.7590181783345108,
          "Cell: Channel 1 mean": 8786.115555555556,
          "Cell: Channel 1 std dev": 12984.930624263821,
          "Cell: Channel 1 max": 55534.0,
          "Cell: Channel 1 min": 0.0,
          "Cytoplasm: Channel 1 mean": 1838.811320754717,
          "Cytoplasm: Channel 1 std dev": 3060.8998101406605,
          "Cytoplasm: Channel 1 max": 15116.0,
          "Cytoplasm: Channel 1 min": 0.0
        }
      }
    },
    {
      "type": "Feature",
      "id": "a2cd1bba-2351-42c5-8542-a7a80b183ee3",
      "geometry": {
        "type": "Polygon",
        "coordinates": [
          [
            [392, 300.37],
            [392.63, 302.27],
            [395.67, 304.84],
            [399.67, 305],
            [400, 303.37],
            [400, 291.37],
            [398.55, 290],
            [396.56, 290.22],
            [392.3, 294.39],
            [392, 300.37]
          ]
        ]
      },
      "properties": {
        "objectType": "cell",
        "measurements": {
          "Cell: Area": 103.0,
          "Cell: Perimeter": 39.65936567843393,
          "Cell: Circularity": 0.8229161039962322,
          "Cell: Max caliper": 15.112424749781805,
          "Cell: Min caliper": 8.0,
          "Cell: Eccentricity": 0.8313596764736736,
          "Cell: Channel 1 mean": 1463.3461538461538,
          "Cell: Channel 1 std dev": 3378.9677511749364,
          "Cell: Channel 1 max": 15538.0,
          "Cell: Channel 1 min": 0.0,
          "Cytoplasm: Channel 1 mean": 51.97530864197531,
          "Cytoplasm: Channel 1 std dev": 213.63040369459597,
          "Cytoplasm: Channel 1 max": 1368.0,
          "Cytoplasm: Channel 1 min": 0.0
        }
      }
    },
    {
      "type": "Feature",
      "id": "7c95c682-823f-480c-8e08-b06332e6098e",
      "geometry": {
        "type": "Polygon",
        "coordinates": [
          [
            [377, 300.94],
            [379.42, 304.08],
            [381.25, 304.87],
            [390.35, 300.82],
            [390.97, 294.93],
            [387.32, 291.21],
            [381.33, 291],
            [379.51, 291.83],
            [377.03, 294.94],
            [377, 300.94]
          ]
        ]
      },
      "properties": {
        "objectType": "cell",
        "measurements": {
          "Cell: Area": 155.0,
          "Cell: Perimeter": 45.28806551058714,
          "Cell: Circularity": 0.9496728494994355,
          "Cell: Max caliper": 15.20234817239016,
          "Cell: Min caliper": 12.811072895088834,
          "Cell: Eccentricity": 0.5101906658413211,
          "Cell: Channel 1 mean": 4401.5192307692305,
          "Cell: Channel 1 std dev": 13881.438488474643,
          "Cell: Channel 1 max": 65535.0,
          "Cell: Channel 1 min": 0.0,
          "Cytoplasm: Channel 1 mean": 55.785714285714285,
          "Cytoplasm: Channel 1 std dev": 172.48682765442038,
          "Cytoplasm: Channel 1 max": 1604.0,
          "Cytoplasm: Channel 1 min": 0.0
        }
      }
    },
    {
      "type": "Feature",
      "id": "847cf473-899c-42ab-b285-c1931cc1bcc0",
      "geometry": {
        "type": "Polygon",
        "coordinates": [
          [
            [225.11, 299.79],
            [225.41, 307.74],
            [228.24, 310.57],
            [232.19, 310.96],
            [237.4, 308.21],
            [239.67, 302.66],
            [239.85, 298.7],
            [238.33, 295],
            [237.05, 294.03],
            [233.05, 294],
            [226.21, 298.12],
            [225.11, 299.79]
          ]
        ]
      },
      "properties": {
        "objectType": "cell",
        "measurements": {
          "Cell: Area": 205.0,
          "Cell: Perimeter": 51.60755974027244,
          "Cell: Circularity": 0.9672463000895448,
          "Cell: Max caliper": 18.739554430174476,
          "Cell: Min caliper": 14.661637819418711,
          "Cell: Eccentricity": 0.6285553419070062,
          "Cell: Channel 1 mean": 10391.624390243902,
          "Cell: Channel 1 std dev": 18550.451810744005,
          "Cell: Channel 1 max": 63716.0,
          "Cell: Channel 1 min": 0.0,
          "Cytoplasm: Channel 1 mean": 1965.1464968152866,
          "Cytoplasm: Channel 1 std dev": 4316.503358184911,
          "Cytoplasm: Channel 1 max": 25702.0,
          "Cytoplasm: Channel 1 min": 0.0
        }
      }
    },
    {
      "type": "Feature",
      "id": "37356638-d125-4e56-a379-3e917a590a8c",
      "geometry": {
        "type": "Polygon",
        "coordinates": [
          [
            [335.26, 301.69],
            [335.32, 305.65],
            [338.07, 308.53],
            [343.91, 308],
            [347.13, 305.73],
            [348, 303.93],
            [347.97, 299.93],
            [344.4, 296.26],
            [340.41, 296],
            [337.15, 298.18],
            [335.26, 301.69]
          ]
        ]
      },
      "properties": {
        "objectType": "cell",
        "measurements": {
          "Cell: Area": 133.0,
          "Cell: Perimeter": 41.19015719986563,
          "Cell: Circularity": 0.9850870416030889,
          "Cell: Max caliper": 13.874236658730402,
          "Cell: Min caliper": 12.398343146896728,
          "Cell: Eccentricity": 0.47870421262425383,
          "Cell: Channel 1 mean": 66.04477611940298,
          "Cell: Channel 1 std dev": 255.9233868463605,
          "Cell: Channel 1 max": 1712.0,
          "Cell: Channel 1 min": 0.0,
          "Cytoplasm: Channel 1 mean": 29.256410256410255,
          "Cytoplasm: Channel 1 std dev": 180.29526328460415,
          "Cytoplasm: Channel 1 max": 1392.0,
          "Cytoplasm: Channel 1 min": 0.0
        }
      }
    },
    {
      "type": "Feature",
      "id": "cb7efc9b-46ce-49dc-90e1-48b9bed1ac39",
      "geometry": {
        "type": "Polygon",
        "coordinates": [
          [
            [71.16, 309.32],
            [75.27, 313.63],
            [81, 315],
            [87.23, 310.1],
            [88, 306.23],
            [87, 304.5],
            [83.29, 303.06],
            [79.32, 303.34],
            [74.15, 302.52],
            [71.33, 305.35],
            [71.16, 309.32]
          ]
        ]
      },
      "properties": {
        "objectType": "cell",
        "measurements": {
          "Cell: Area": 164.0,
          "Cell: Perimeter": 47.27813141370025,
          "Cell: Circularity": 0.9220046367487815,
          "Cell: Max caliper": 17.120833252656606,
          "Cell: Min caliper": 12.174868209969576,
          "Cell: Eccentricity": 0.6989553799266596,
          "Cell: Channel 1 mean": 5892.89696969697,
          "Cell: Channel 1 std dev": 12179.453817314654,
          "Cell: Channel 1 max": 53777.0,
          "Cell: Channel 1 min": 0.0,
          "Cytoplasm: Channel 1 mean": 823.3333333333334,
          "Cytoplasm: Channel 1 std dev": 2092.231153577444,
          "Cytoplasm: Channel 1 max": 15588.0,
          "Cytoplasm: Channel 1 min": 0.0
        }
      }
    },
    {
      "type": "Feature",
      "id": "8ab63f6e-e43e-4af8-9901-c1f1ae11dc23",
      "geometry": {
        "type": "Polygon",
        "coordinates": [
          [
            [143, 316.65],
            [144.85, 320.18],
            [147.88, 322.78],
            [151.86, 322.83],
            [156.38, 318.95],
            [157.55, 313.12],
            [158.74, 311.52],
            [159, 307.53],
            [158.32, 305.65],
            [154.9, 302.6],
            [152.99, 302],
            [149.05, 302.47],
            [146.32, 305.37],
            [143.17, 312.66],
            [143, 316.65]
          ]
        ]
      },
      "properties": {
        "objectType": "cell",
        "measurements": {
          "Cell: Area": 253.0,
          "Cell: Perimeter": 58.58907014003031,
          "Cell: Circularity": 0.9261837870317625,
          "Cell: Max caliper": 21.3960837768548,
          "Cell: Min caliper": 14.499696427638208,
          "Cell: Eccentricity": 0.7431399498131842,
          "Cell: Channel 1 mean": 1999.8181818181818,
          "Cell: Channel 1 std dev": 5605.135903665226,
          "Cell: Channel 1 max": 31320.0,
          "Cell: Channel 1 min": 0.0,
          "Cytoplasm: Channel 1 mean": 39.66153846153846,
          "Cytoplasm: Channel 1 std dev": 192.6443983995755,
          "Cytoplasm: Channel 1 max": 1771.0,
          "Cytoplasm: Channel 1 min": 0.0
        }
      }
    },
    {
      "type": "Feature",
      "id": "7182751b-2a37-4a2b-8877-efd4152f394b",
      "geometry": {
        "type": "Polygon",
        "coordinates": [
          [
            [381.09, 312.19],
            [382.19, 313.86],
            [385.71, 315.74],
            [389.69, 315.86],
            [394.27, 312.07],
            [394.96, 310.19],
            [394.61, 306.23],
            [392.25, 302.92],
            [390.42, 302.12],
            [384.79, 304.11],
            [381.43, 306.24],
            [381.09, 312.19]
          ]
        ]
      },
      "properties": {
        "objectType": "cell",
        "measurements": {
          "Cell: Area": 151.0,
          "Cell: Perimeter": 44.11328123474651,
          "Cell: Circularity": 0.9750975965068827,
          "Cell: Max caliper": 14.886128718012493,
          "Cell: Min caliper": 12.706369463057625,
          "Cell: Eccentricity": 0.509842247595703,
          "Cell: Channel 1 mean": 2913.3311688311687,
          "Cell: Channel 1 std dev": 9103.969417295308,
          "Cell: Channel 1 max": 60214.0,
          "Cell: Channel 1 min": 0.0,
          "Cytoplasm: Channel 1 mean": 181.73809523809524,
          "Cytoplasm: Channel 1 std dev": 625.5235653891408,
          "Cytoplasm: Channel 1 max": 4860.0,
          "Cytoplasm: Channel 1 min": 0.0
        }
      }
    },
    {
      "type": "Feature",
      "id": "fa0d2a1e-c9a5-4cde-8496-7bcf8cb57e6a",
      "geometry": {
        "type": "Polygon",
        "coordinates": [
          [
            [337, 317.79],
            [339.32, 320.99],
            [342.89, 322.78],
            [346.83, 322.58],
            [349.63, 319.75],
            [350.24, 313.8],
            [350.97, 311.93],
            [349.9, 310.24],
            [346.72, 308.06],
            [340.91, 309.54],
            [337.74, 311.92],
            [337, 317.79]
          ]
        ]
      },
      "properties": {
        "objectType": "cell",
        "measurements": {
          "Cell: Area": 160.0,
          "Cell: Perimeter": 45.87014875392136,
          "Cell: Circularity": 0.9555854966195555,
          "Cell: Max caliper": 15.211537699155592,
          "Cell: Min caliper": 13.435507392832886,
          "Cell: Eccentricity": 0.4223956066591027,
          "Cell: Channel 1 mean": 2369.814814814815,
          "Cell: Channel 1 std dev": 8741.072867350193,
          "Cell: Channel 1 max": 55189.0,
          "Cell: Channel 1 min": 0.0,
          "Cytoplasm: Channel 1 mean": 17.885496183206108,
          "Cytoplasm: Channel 1 std dev": 47.81207462899754,
          "Cytoplasm: Channel 1 max": 236.0,
          "Cytoplasm: Channel 1 min": 0.0
        }
      }
    },
    {
      "type": "Feature",
      "id": "ba53d230-5f6c-4111-baff-647a623cc824",
      "geometry": {
        "type": "Polygon",
        "coordinates": [
          [
            [351, 314.56],
            [351.27, 318.54],
            [353.96, 321.48],
            [359.85, 321.58],
            [364.47, 317.86],
            [364.97, 311.93],
            [360.96, 308],
            [354.96, 308.02],
            [352.13, 310.73],
            [351, 314.56]
          ]
        ]
      },
      "properties": {
        "objectType": "cell",
        "measurements": {
          "Cell: Area": 165.0,
          "Cell: Perimeter": 45.70232404993488,
          "Cell: Circularity": 0.9926982072582843,
          "Cell: Max caliper": 15.206732960291824,
          "Cell: Min caliper": 13.854196113410095,
          "Cell: Eccentricity": 0.3606401488597636,
          "Cell: Channel 1 mean": 2906.927272727273,
          "Cell: Channel 1 std dev": 7657.4877961598495,
          "Cell: Channel 1 max": 32030.0,
          "Cell: Channel 1 min": 0.0,
          "Cytoplasm: Channel 1 mean": 42.17164179104478,
          "Cytoplasm: Channel 1 std dev": 271.8352421762373,
          "Cytoplasm: Channel 1 max": 3126.0,
          "Cytoplasm: Channel 1 min": 0.0
        }
      }
    },
    {
      "type": "Feature",
      "id": "76e4027f-bedf-48de-bdb9-f5c6055a35c9",
      "geometry": {
        "type": "Polygon",
        "coordinates": [
          [
            [306.04, 320.07],
            [308.52, 323.18],
            [310.34, 324],
            [314.34, 323.93],
            [316.18, 323.15],
            [319.89, 318.53],
            [319.32, 312.65],
            [315.26, 309.17],
            [309.3, 309.37],
            [306.47, 312.2],
            [306.04, 320.07]
          ]
        ]
      },
      "properties": {
        "objectType": "cell",
        "measurements": {
          "Cell: Area": 176.0,
          "Cell: Perimeter": 47.3573679711484,
          "Cell: Circularity": 0.9861600784495702,
          "Cell: Max caliper": 15.621987621379208,
          "Cell: Min caliper": 13.99724452662135,
          "Cell: Eccentricity": 0.35414576016205496,
          "Cell: Channel 1 mean": 5442.6214689265535,
          "Cell: Channel 1 std dev": 15177.59951443814,
          "Cell: Channel 1 max": 65535.0,
          "Cell: Channel 1 min": 0.0,
          "Cytoplasm: Channel 1 mean": 35.99300699300699,
          "Cytoplasm: Channel 1 std dev": 114.58820924175551,
          "Cytoplasm: Channel 1 max": 1132.0,
          "Cytoplasm: Channel 1 min": 0.0
        }
      }
    },
    {
      "type": "Feature",
      "id": "0c8a775b-a567-4091-b805-749719601690",
      "geometry": {
        "type": "Polygon",
        "coordinates": [
          [
            [246.12, 314.75],
            [246.38, 320.71],
            [249.72, 322.86],
            [255.69, 323.34],
            [257.6, 322.74],
            [259.89, 319.53],
            [259.32, 313.65],
            [256.15, 310.82],
            [252.34, 310.13],
            [248.66, 311.68],
            [246.12, 314.75]
          ]
        ]
      },
      "properties": {
        "objectType": "cell",
        "measurements": {
          "Cell: Area": 152.0,
          "Cell: Perimeter": 44.2529120704879,
          "Cell: Circularity": 0.9753707832469439,
          "Cell: Max caliper": 14.741044465150399,
          "Cell: Min caliper": 13.189143762353698,
          "Cell: Eccentricity": 0.4132037989707825,
          "Cell: Channel 1 mean": 3361.8387096774195,
          "Cell: Channel 1 std dev": 11385.43925284879,
          "Cell: Channel 1 max": 65535.0,
          "Cell: Channel 1 min": 0.0,
          "Cytoplasm: Channel 1 mean": 47.8984375,
          "Cytoplasm: Channel 1 std dev": 182.62292116851611,
          "Cytoplasm: Channel 1 max": 1540.0,
          "Cytoplasm: Channel 1 min": 0.0
        }
      }
    },
    {
      "type": "Feature",
      "id": "8cf66309-f59f-4532-a86d-15e32a370d0f",
      "geometry": {
        "type": "Polygon",
        "coordinates": [
          [
            [291, 322.01],
            [291.47, 323.95],
            [292.83, 325.42],
            [294.75, 326],
            [300.71, 325.64],
            [304.83, 321.34],
            [305.59, 317.43],
            [304.32, 313.65],
            [300.28, 310.19],
            [296.32, 310.34],
            [292.92, 312.42],
            [291.2, 316.02],
            [291, 322.01]
          ]
        ]
      },
      "properties": {
        "objectType": "cell",
        "measurements": {
          "Cell: Area": 190.0,
          "Cell: Perimeter": 49.32899708064734,
          "Cell: Circularity": 0.981203058689438,
          "Cell: Max caliper": 16.952798174254582,
          "Cell: Min caliper": 14.398317169497476,
          "Cell: Eccentricity": 0.49515494137008587,
          "Cell: Channel 1 mean": 5543.026315789473,
          "Cell: Channel 1 std dev": 12978.25260224848,
          "Cell: Channel 1 max": 58790.0,
          "Cell: Channel 1 min": 0.0,
          "Cytoplasm: Channel 1 mean": 147.27631578947367,
          "Cytoplasm: Channel 1 std dev": 631.3249622121435,
          "Cytoplasm: Channel 1 max": 5615.0,
          "Cytoplasm: Channel 1 min": 0.0
        }
      }
    },
    {
      "type": "Feature",
      "id": "b8520edf-b5dd-4f69-96a4-6d9b345fcd6b",
      "geometry": {
        "type": "Polygon",
        "coordinates": [
          [
            [219.06, 313.31],
            [220, 317.2],
            [220.24, 325.18],
            [223.15, 327.83],
            [227.14, 328],
            [230.82, 326.51],
            [231.84, 324.79],
            [232, 318.8],
            [230.97, 314.93],
            [227.81, 311.54],
            [225.88, 311],
            [219.95, 311.52],
            [219.06, 313.31]
          ]
        ]
      },
      "properties": {
        "objectType": "cell",
        "measurements": {
          "Cell: Area": 186.0,
          "Cell: Perimeter": 50.69699546162143,
          "Cell: Circularity": 0.9094071504724986,
          "Cell: Max caliper": 18.51369319859812,
          "Cell: Min caliper": 12.362030277185106,
          "Cell: Eccentricity": 0.7203099937759415,
          "Cell: Channel 1 mean": 6408.893617021276,
          "Cell: Channel 1 std dev": 13753.397854522053,
          "Cell: Channel 1 max": 52523.0,
          "Cell: Channel 1 min": 0.0,
          "Cytoplasm: Channel 1 mean": 162.98601398601397,
          "Cytoplasm: Channel 1 std dev": 472.2574641856603,
          "Cytoplasm: Channel 1 max": 3239.0,
          "Cytoplasm: Channel 1 min": 0.0
        }
      }
    },
    {
      "type": "Feature",
      "id": "8433e0dd-3719-4dfe-8f50-6d7d0088ff81",
      "geometry": {
        "type": "Polygon",
        "coordinates": [
          [
            [208, 317.28],
            [208.8, 321.14],
            [213.05, 325.38],
            [216.95, 326],
            [218.58, 324.84],
            [219, 316.89],
            [217.52, 312.52],
            [213.58, 312],
            [211.69, 312.65],
            [208, 317.28]
          ]
        ]
      },
      "properties": {
        "objectType": "cell",
        "measurements": {
          "Cell: Area": 123.0,
          "Cell: Perimeter": 40.63747369670854,
          "Cell: Circularity": 0.9359692324256225,
          "Cell: Max caliper": 14.398931171365195,
          "Cell: Min caliper": 11.0,
          "Cell: Eccentricity": 0.6525007571677532,
          "Cell: Channel 1 mean": 1369.912,
          "Cell: Channel 1 std dev": 3632.5238316293044,
          "Cell: Channel 1 max": 18389.0,
          "Cell: Channel 1 min": 0.0,
          "Cytoplasm: Channel 1 mean": 100.4095238095238,
          "Cytoplasm: Channel 1 std dev": 366.3459035696606,
          "Cytoplasm: Channel 1 max": 2438.0,
          "Cytoplasm: Channel 1 min": 0.0
        }
      }
    },
    {
      "type": "Feature",
      "id": "c118279e-d118-480f-bb49-17d600debac1",
      "geometry": {
        "type": "Polygon",
        "coordinates": [
          [
            [45.13, 321.63],
            [46.07, 323.4],
            [48.89, 326.23],
            [50.76, 326.95],
            [52.73, 326.63],
            [56.31, 324.85],
            [59.52, 322.48],
            [60, 318.53],
            [59.32, 316.65],
            [55.77, 313.52],
            [51.84, 313],
            [49.92, 313.54],
            [45.63, 317.74],
            [45.13, 321.63]
          ]
        ]
      },
      "properties": {
        "objectType": "cell",
        "measurements": {
          "Cell: Area": 155.0,
          "Cell: Perimeter": 44.73973421387979,
          "Cell: Circularity": 0.9730939281847707,
          "Cell: Max caliper": 15.193176619334427,
          "Cell: Min caliper": 12.892054972730733,
          "Cell: Eccentricity": 0.48578721360737837,
          "Cell: Channel 1 mean": 1221.367088607595,
          "Cell: Channel 1 std dev": 3190.0352480021174,
          "Cell: Channel 1 max": 17878.0,
          "Cell: Channel 1 min": 0.0,
          "Cytoplasm: Channel 1 mean": 93.99236641221374,
          "Cytoplasm: Channel 1 std dev": 328.74648863133723,
          "Cytoplasm: Channel 1 max": 2312.0,
          "Cytoplasm: Channel 1 min": 0.0
        }
      }
    },
    {
      "type": "Feature",
      "id": "76776730-4ced-4395-ba09-6b5358591d60",
      "geometry": {
        "type": "Polygon",
        "coordinates": [
          [
            [129, 322.32],
            [129.16, 328.32],
            [131.72, 331.36],
            [133.62, 332],
            [137.6, 331.7],
            [139.38, 330.81],
            [144.81, 324.97],
            [144.52, 321.04],
            [142.16, 317.82],
            [138.34, 316],
            [132.66, 317.67],
            [129, 322.32]
          ]
        ]
      },
      "properties": {
        "objectType": "cell",
        "measurements": {
          "Cell: Area": 196.0,
          "Cell: Perimeter": 50.248140936020796,
          "Cell: Circularity": 0.975497000542436,
          "Cell: Max caliper": 17.092439362695718,
          "Cell: Min caliper": 14.142149297029377,
          "Cell: Eccentricity": 0.5060057192166802,
          "Cell: Channel 1 mean": 4279.64824120603,
          "Cell: Channel 1 std dev": 10048.325390753876,
          "Cell: Channel 1 max": 40495.0,
          "Cell: Channel 1 min": 0.0,
          "Cytoplasm: Channel 1 mean": 124.65408805031447,
          "Cytoplasm: Channel 1 std dev": 610.0043991065838,
          "Cytoplasm: Channel 1 max": 5316.0,
          "Cytoplasm: Channel 1 min": 0.0
        }
      }
    },
    {
      "type": "Feature",
      "id": "6709f31d-2b46-452f-babe-e32a7e2ed40f",
      "geometry": {
        "type": "Polygon",
        "coordinates": [
          [
            [164.13, 329.33],
            [164.26, 333.31],
            [166.82, 340.82],
            [172.71, 341.86],
            [176.38, 340.29],
            [180.85, 336.31],
            [181.74, 334.52],
            [182.29, 328.56],
            [185.72, 321.44],
            [183.17, 319.11],
            [177.31, 320],
            [171.31, 320.14],
            [169.56, 321.1],
            [165.68, 325.65],
            [164.13, 329.33]
          ]
        ]
      },
      "properties": {
        "objectType": "cell",
        "measurements": {
          "Cell: Area": 347.0,
          "Cell: Perimeter": 71.46038543190284,
          "Cell: Circularity": 0.8539031786285517,
          "Cell: Max caliper": 27.205975888282534,
          "Cell: Min caliper": 18.33575741549828,
          "Cell: Eccentricity": 0.7226180888911831,
          "Cell: Channel 1 mean": 8881.408571428572,
          "Cell: Channel 1 std dev": 11207.2744167638,
          "Cell: Channel 1 max": 47662.0,
          "Cell: Channel 1 min": 0.0,
          "Cytoplasm: Channel 1 mean": 1591.060606060606,
          "Cytoplasm: Channel 1 std dev": 3150.5021413262293,
          "Cytoplasm: Channel 1 max": 16059.0,
          "Cytoplasm: Channel 1 min": 0.0
        }
      }
    },
    {
      "type": "Feature",
      "id": "d3ff96c3-9e53-44d7-be23-f16d8064a588",
      "geometry": {
        "type": "Polygon",
        "coordinates": [
          [
            [182.71, 334.46],
            [183.09, 336.42],
            [186.89, 337.67],
            [188.89, 337.56],
            [193.13, 341.8],
            [198.36, 344.57],
            [202.28, 343.86],
            [208.42, 336.06],
            [207.54, 334.27],
            [205.86, 333.19],
            [201.61, 328.95],
            [200.61, 327.22],
            [200.57, 323.24],
            [199.16, 321.82],
            [195.33, 320],
            [191.36, 320.32],
            [186.32, 323.36],
            [183.25, 328.5],
            [182.71, 334.46]
          ]
        ]
      },
      "properties": {
        "objectType": "cell",
        "measurements": {
          "Cell: Area": 394.0,
          "Cell: Perimeter": 78.25286413904387,
          "Cell: Circularity": 0.8085476171199811,
          "Cell: Max caliper": 26.284850661990575,
          "Cell: Min caliper": 20.552597445594635,
          "Cell: Eccentricity": 0.6934448135698956,
          "Cell: Channel 1 mean": 8835.410579345089,
          "Cell: Channel 1 std dev": 9340.888930952604,
          "Cell: Channel 1 max": 38622.0,
          "Cell: Channel 1 min": 0.0,
          "Cytoplasm: Channel 1 mean": 2141.7156398104266,
          "Cytoplasm: Channel 1 std dev": 3868.7774314364897,
          "Cytoplasm: Channel 1 max": 17559.0,
          "Cytoplasm: Channel 1 min": 0.0
        }
      }
    },
    {
      "type": "Feature",
      "id": "8adc71b3-ef0e-45fd-9023-a2120db791c1",
      "geometry": {
        "type": "Polygon",
        "coordinates": [
          [
            [201.44, 326.89],
            [202.34, 328.68],
            [204.99, 331.66],
            [210.31, 334.34],
            [213.14, 331.52],
            [214, 329.71],
            [213.86, 327.72],
            [212.73, 326.07],
            [207.64, 321.43],
            [205.68, 321],
            [203.78, 321.61],
            [201.55, 324.89],
            [201.44, 326.89]
          ]
        ]
      },
      "properties": {
        "objectType": "cell",
        "measurements": {
          "Cell: Area": 111.0,
          "Cell: Perimeter": 38.901165151351115,
          "Cell: Circularity": 0.9217382798795194,
          "Cell: Max caliper": 14.307826050683222,
          "Cell: Min caliper": 9.428097608882778,
          "Cell: Eccentricity": 0.7219294514231159,
          "Cell: Channel 1 mean": 4817.530973451328,
          "Cell: Channel 1 std dev": 11388.01645455087,
          "Cell: Channel 1 max": 43576.0,
          "Cell: Channel 1 min": 0.0,
          "Cytoplasm: Channel 1 mean": 338.55434782608694,
          "Cytoplasm: Channel 1 std dev": 1035.1122290284206,
          "Cytoplasm: Channel 1 max": 6159.0,
          "Cytoplasm: Channel 1 min": 0.0
        }
      }
    },
    {
      "type": "Feature",
      "id": "e7c11f7d-11af-4713-915b-be7b3b3a379e",
      "geometry": {
        "type": "Polygon",
        "coordinates": [
          [
            [242.05, 333.1],
            [243.12, 334.79],
            [246.61, 336.72],
            [250.43, 337.89],
            [252.43, 337.71],
            [256.7, 333.51],
            [256.77, 325.55],
            [255.33, 324.16],
            [249.33, 324],
            [247.12, 323.44],
            [242.5, 327.16],
            [242.05, 333.1]
          ]
        ]
      },
      "properties": {
        "objectType": "cell",
        "measurements": {
          "Cell: Area": 179.0,
          "Cell: Perimeter": 48.339729071346,
          "Cell: Circularity": 0.9626190921076608,
          "Cell: Max caliper": 16.547809309615623,
          "Cell: Min caliper": 14.099793158044296,
          "Cell: Eccentricity": 0.4361634812995948,
          "Cell: Channel 1 mean": 8721.906077348067,
          "Cell: Channel 1 std dev": 17648.05370908949,
          "Cell: Channel 1 max": 65535.0,
          "Cell: Channel 1 min": 0.0,
          "Cytoplasm: Channel 1 mean": 770.8840579710145,
          "Cytoplasm: Channel 1 std dev": 1592.3761754904353,
          "Cytoplasm: Channel 1 max": 11026.0,
          "Cytoplasm: Channel 1 min": 0.0
        }
      }
    },
    {
      "type": "Feature",
      "id": "aca944de-a98c-4425-a653-52a1f1de7f4d",
      "geometry": {
        "type": "Polygon",
        "coordinates": [
          [
            [258.19, 333.96],
            [260.71, 337.05],
            [264.52, 338],
            [269.5, 334.83],
            [271, 331.15],
            [270.6, 327.19],
            [265.91, 322.61],
            [262.01, 322.2],
            [258.48, 324.03],
            [258.19, 333.96]
          ]
        ]
      },
      "properties": {
        "objectType": "cell",
        "measurements": {
          "Cell: Area": 169.0,
          "Cell: Perimeter": 46.580305130974445,
          "Cell: Circularity": 0.9787953791583818,
          "Cell: Max caliper": 16.00827973567876,
          "Cell: Min caliper": 13.0,
          "Cell: Eccentricity": 0.572829624798294,
          "Cell: Channel 1 mean": 5567.315789473684,
          "Cell: Channel 1 std dev": 14473.037323598619,
          "Cell: Channel 1 max": 60003.0,
          "Cell: Channel 1 min": 0.0,
          "Cytoplasm: Channel 1 mean": 47.36231884057971,
          "Cytoplasm: Channel 1 std dev": 136.97556615342344,
          "Cytoplasm: Channel 1 max": 1151.0,
          "Cytoplasm: Channel 1 min": 0.0
        }
      }
    },
    {
      "type": "Feature",
      "id": "2dc1e16d-3545-4c7d-9a2f-fbeef4861df2",
      "geometry": {
        "type": "Polygon",
        "coordinates": [
          [
            [350, 328.69],
            [351.1, 332.44],
            [353.93, 335.26],
            [357.51, 337],
            [361.31, 336.02],
            [365.55, 331.78],
            [366.45, 325.91],
            [360.89, 322.61],
            [354.93, 323.01],
            [351.61, 325.05],
            [350, 328.69]
          ]
        ]
      },
      "properties": {
        "objectType": "cell",
        "measurements": {
          "Cell: Area": 181.0,
          "Cell: Perimeter": 48.59213050421864,
          "Cell: Circularity": 0.9632889022949342,
          "Cell: Max caliper": 17.00226258210447,
          "Cell: Min caliper": 14.161683757184933,
          "Cell: Eccentricity": 0.507810187197785,
          "Cell: Channel 1 mean": 12948.481081081081,
          "Cell: Channel 1 std dev": 21631.816049989062,
          "Cell: Channel 1 max": 65535.0,
          "Cell: Channel 1 min": 0.0,
          "Cytoplasm: Channel 1 mean": 1987.1617647058824,
          "Cytoplasm: Channel 1 std dev": 3982.484806361175,
          "Cytoplasm: Channel 1 max": 27292.0,
          "Cytoplasm: Channel 1 min": 0.0
        }
      }
    },
    {
      "type": "Feature",
      "id": "64d392d2-0f0e-4b97-92c5-d3de67f63ea0",
      "geometry": {
        "type": "Polygon",
        "coordinates": [
          [
            [52, 332.5],
            [53.75, 336.08],
            [56.49, 338.99],
            [58.28, 342.56],
            [60.24, 342.95],
            [66.06, 341.47],
            [67, 339.71],
            [67.83, 331.84],
            [65.9, 326.24],
            [62.84, 324],
            [58.84, 324.08],
            [52.24, 328.52],
            [52, 332.5]
          ]
        ]
      },
      "properties": {
        "objectType": "cell",
        "measurements": {
          "Cell: Area": 228.0,
          "Cell: Perimeter": 55.7955158000237,
          "Cell: Circularity": 0.9203353795506063,
          "Cell: Max caliper": 19.128612084490136,
          "Cell: Min caliper": 15.528352643586146,
          "Cell: Eccentricity": 0.6027549238368743,
          "Cell: Channel 1 mean": 11845.15350877193,
          "Cell: Channel 1 std dev": 17312.974773671223,
          "Cell: Channel 1 max": 64195.0,
          "Cell: Channel 1 min": 0.0,
          "Cytoplasm: Channel 1 mean": 2059.215189873418,
          "Cytoplasm: Channel 1 std dev": 4099.551863565187,
          "Cytoplasm: Channel 1 max": 25533.0,
          "Cytoplasm: Channel 1 min": 0.0
        }
      }
    },
    {
      "type": "Feature",
      "id": "367a67df-bda5-443d-b5b5-aa5d982ac334",
      "geometry": {
        "type": "Polygon",
        "coordinates": [
          [
            [362.33, 336.51],
            [363.04, 338.38],
            [366.16, 340.83],
            [374.03, 341.99],
            [376.86, 339.28],
            [377, 335.29],
            [376.15, 333.48],
            [368.96, 327.02],
            [367.38, 328.25],
            [366.44, 332.13],
            [362.33, 336.51]
          ]
        ]
      },
      "properties": {
        "objectType": "cell",
        "measurements": {
          "Cell: Area": 142.0,
          "Cell: Perimeter": 45.688400031852396,
          "Cell: Circularity": 0.8548429000663773,
          "Cell: Max caliper": 15.80039639449279,
          "Cell: Min caliper": 12.727922061357855,
          "Cell: Eccentricity": 0.40248376947625575,
          "Cell: Channel 1 mean": 6263.9375,
          "Cell: Channel 1 std dev": 13001.435782046065,
          "Cell: Channel 1 max": 57413.0,
          "Cell: Channel 1 min": 0.0,
          "Cytoplasm: Channel 1 mean": 1215.888888888889,
          "Cytoplasm: Channel 1 std dev": 2627.523328344806,
          "Cytoplasm: Channel 1 max": 13960.0,
          "Cytoplasm: Channel 1 min": 0.0
        }
      }
    },
    {
      "type": "Feature",
      "id": "6d8b9d2c-76f5-481e-9226-cb158ceca84a",
      "geometry": {
        "type": "Polygon",
        "coordinates": [
          [
            [68.12, 334.41],
            [68.28, 340.38],
            [69.74, 341.75],
            [73.72, 341.86],
            [79.69, 336.62],
            [80.77, 332.84],
            [78.16, 329.82],
            [75.56, 328.37],
            [71.59, 328],
            [69.7, 328.65],
            [68.12, 334.41]
          ]
        ]
      },
      "properties": {
        "objectType": "cell",
        "measurements": {
          "Cell: Area": 140.0,
          "Cell: Perimeter": 42.99849735192821,
          "Cell: Circularity": 0.9515494053192732,
          "Cell: Max caliper": 14.596497085736088,
          "Cell: Min caliper": 12.250766538228111,
          "Cell: Eccentricity": 0.563187387505616,
          "Cell: Channel 1 mean": 4484.077464788732,
          "Cell: Channel 1 std dev": 8605.109142988886,
          "Cell: Channel 1 max": 29525.0,
          "Cell: Channel 1 min": 0.0,
          "Cytoplasm: Channel 1 mean": 392.3727272727273,
          "Cytoplasm: Channel 1 std dev": 1113.0486183326902,
          "Cytoplasm: Channel 1 max": 7164.0,
          "Cytoplasm: Channel 1 min": 0.0
        }
      }
    },
    {
      "type": "Feature",
      "id": "4fa6ff07-f495-47e9-8df5-98c85df064b8",
      "geometry": {
        "type": "Polygon",
        "coordinates": [
          [
            [222.24, 332.2],
            [230.89, 340.44],
            [232.85, 340.83],
            [234.28, 339.43],
            [236.97, 331.93],
            [233.76, 328.51],
            [231.83, 328],
            [227.99, 329],
            [223.99, 329],
            [222.4, 330.21],
            [222.24, 332.2]
          ]
        ]
      },
      "properties": {
        "objectType": "cell",
        "measurements": {
          "Cell: Area": 124.0,
          "Cell: Perimeter": 42.75390513958424,
          "Cell: Circularity": 0.8524717003584427,
          "Cell: Max caliper": 15.047642862032657,
          "Cell: Min caliper": 10.931340542560445,
          "Cell: Eccentricity": 0.6633714329088155,
          "Cell: Channel 1 mean": 3262.448,
          "Cell: Channel 1 std dev": 6916.759768916602,
          "Cell: Channel 1 max": 30125.0,
          "Cell: Channel 1 min": 0.0,
          "Cytoplasm: Channel 1 mean": 411.44,
          "Cytoplasm: Channel 1 std dev": 1282.8764028738328,
          "Cytoplasm: Channel 1 max": 8204.0,
          "Cytoplasm: Channel 1 min": 0.0
        }
      }
    },
    {
      "type": "Feature",
      "id": "db7877f5-0393-4fc6-8bf3-506d6a9619d3",
      "geometry": {
        "type": "Polygon",
        "coordinates": [
          [
            [86.59, 334.18],
            [88.98, 339.64],
            [94.06, 342.81],
            [99.85, 341.3],
            [100.74, 339.52],
            [101, 335.53],
            [100.32, 333.65],
            [96.31, 330.21],
            [90.32, 330],
            [87.09, 332.25],
            [86.59, 334.18]
          ]
        ]
      },
      "properties": {
        "objectType": "cell",
        "measurements": {
          "Cell: Area": 141.0,
          "Cell: Perimeter": 43.29426931440589,
          "Cell: Circularity": 0.9452967133802438,
          "Cell: Max caliper": 15.648637250139307,
          "Cell: Min caliper": 11.940620721494627,
          "Cell: Eccentricity": 0.6067801710047258,
          "Cell: Channel 1 mean": 4602.333333333333,
          "Cell: Channel 1 std dev": 11190.24061622229,
          "Cell: Channel 1 max": 48400.0,
          "Cell: Channel 1 min": 0.0,
          "Cytoplasm: Channel 1 mean": 162.32456140350877,
          "Cytoplasm: Channel 1 std dev": 857.5408914176313,
          "Cytoplasm: Channel 1 max": 8422.0,
          "Cytoplasm: Channel 1 min": 0.0
        }
      }
    },
    {
      "type": "Feature",
      "id": "96e419e3-27b8-4f95-8f49-e76f89b3d5eb",
      "geometry": {
        "type": "Polygon",
        "coordinates": [
          [
            [152, 337.95],
            [153.35, 341.68],
            [156.18, 344.51],
            [158.13, 344.97],
            [160.02, 344.32],
            [164.56, 340.44],
            [164.7, 336.51],
            [162.33, 331],
            [161.34, 330.22],
            [157.37, 330.33],
            [153.96, 332.38],
            [152.21, 335.96],
            [152, 337.95]
          ]
        ]
      },
      "properties": {
        "objectType": "cell",
        "measurements": {
          "Cell: Area": 145.0,
          "Cell: Perimeter": 43.26460125144934,
          "Cell: Circularity": 0.9734473237570361,
          "Cell: Max caliper": 15.191369704024837,
          "Cell: Min caliper": 12.613553615474263,
          "Cell: Eccentricity": 0.5276696872102846,
          "Cell: Channel 1 mean": 2310.8843537414964,
          "Cell: Channel 1 std dev": 6094.911706145743,
          "Cell: Channel 1 max": 30011.0,
          "Cell: Channel 1 min": 0.0,
          "Cytoplasm: Channel 1 mean": 87.28571428571429,
          "Cytoplasm: Channel 1 std dev": 315.5899544828068,
          "Cytoplasm: Channel 1 max": 2361.0,
          "Cytoplasm: Channel 1 min": 0.0
        }
      }
    },
    {
      "type": "Feature",
      "id": "d3d6ce6b-a804-4280-96a7-045f216b5dd0",
      "geometry": {
        "type": "Polygon",
        "coordinates": [
          [
            [342.16, 337.78],
            [343.32, 341.6],
            [344.93, 342.79],
            [348.91, 342.82],
            [352.01, 340.32],
            [352.89, 338.53],
            [352.32, 334.65],
            [349.03, 331.7],
            [345.16, 331.17],
            [342.24, 333.8],
            [342.16, 337.78]
          ]
        ]
      },
      "properties": {
        "objectType": "cell",
        "measurements": {
          "Cell: Area": 104.0,
          "Cell: Perimeter": 36.43094338999256,
          "Cell: Circularity": 0.984696440847049,
          "Cell: Max caliper": 12.238903074374909,
          "Cell: Min caliper": 10.736939966565487,
          "Cell: Eccentricity": 0.43599669289962745,
          "Cell: Channel 1 mean": 153.74074074074073,
          "Cell: Channel 1 std dev": 436.23181204343456,
          "Cell: Channel 1 max": 2330.0,
          "Cell: Channel 1 min": 0.0,
          "Cytoplasm: Channel 1 mean": 43.391752577319586,
          "Cytoplasm: Channel 1 std dev": 143.22313278449406,
          "Cytoplasm: Channel 1 max": 840.0,
          "Cytoplasm: Channel 1 min": 0.0
        }
      }
    },
    {
      "type": "Feature",
      "id": "676c4370-f8d2-49ed-938a-3494f206e423",
      "geometry": {
        "type": "Polygon",
        "coordinates": [
          [
            [328.06, 340.32],
            [328.83, 342.17],
            [333.45, 345.89],
            [339.33, 345.33],
            [341.87, 342.26],
            [340.72, 334.44],
            [338.65, 332.43],
            [332.71, 332.26],
            [328.33, 336.35],
            [328.06, 340.32]
          ]
        ]
      },
      "properties": {
        "objectType": "cell",
        "measurements": {
          "Cell: Area": 158.0,
          "Cell: Perimeter": 44.89348610600604,
          "Cell: Circularity": 0.9851452987464567,
          "Cell: Max caliper": 14.773663070811022,
          "Cell: Min caliper": 13.622902756038947,
          "Cell: Eccentricity": 0.32677644443539733,
          "Cell: Channel 1 mean": 697.8375,
          "Cell: Channel 1 std dev": 3695.6701690741957,
          "Cell: Channel 1 max": 29168.0,
          "Cell: Channel 1 min": 0.0,
          "Cytoplasm: Channel 1 mean": 26.374045801526716,
          "Cytoplasm: Channel 1 std dev": 155.7276387641065,
          "Cytoplasm: Channel 1 max": 1270.0,
          "Cytoplasm: Channel 1 min": 0.0
        }
      }
    },
    {
      "type": "Feature",
      "id": "09eb392a-5edb-43a7-87ee-d7cfb286542e",
      "geometry": {
        "type": "Polygon",
        "coordinates": [
          [
            [3.06, 337.88],
            [3.49, 343.82],
            [7.96, 347.79],
            [11.94, 347.81],
            [15.55, 346.12],
            [16.74, 344.52],
            [17, 338.53],
            [16.32, 336.65],
            [12.91, 333.61],
            [11.01, 333],
            [7.06, 333.47],
            [3.06, 337.88]
          ]
        ]
      },
      "properties": {
        "objectType": "cell",
        "measurements": {
          "Cell: Area": 172.0,
          "Cell: Perimeter": 46.57608564188751,
          "Cell: Circularity": 0.9963509463054298,
          "Cell: Max caliper": 15.232619169301843,
          "Cell: Min caliper": 14.0,
          "Cell: Eccentricity": 0.34166993530882145,
          "Cell: Channel 1 mean": 695.0057803468208,
          "Cell: Channel 1 std dev": 3105.9771849165613,
          "Cell: Channel 1 max": 22433.0,
          "Cell: Channel 1 min": 0.0,
          "Cytoplasm: Channel 1 mean": 7.147887323943662,
          "Cytoplasm: Channel 1 std dev": 24.629437263204117,
          "Cytoplasm: Channel 1 max": 182.0,
          "Cytoplasm: Channel 1 min": 0.0
        }
      }
    },
    {
      "type": "Feature",
      "id": "3d5e3c7b-1bb0-42ab-9193-7efd56db1224",
      "geometry": {
        "type": "Polygon",
        "coordinates": [
          [
            [43.16, 337.18],
            [43.23, 341.16],
            [44.51, 342.7],
            [48.47, 343.24],
            [52.06, 345.01],
            [56, 345.5],
            [57.41, 344.09],
            [55.02, 338.69],
            [51.19, 333.85],
            [49.38, 333],
            [45.61, 334.06],
            [43.16, 337.18]
          ]
        ]
      },
      "properties": {
        "objectType": "cell",
        "measurements": {
          "Cell: Area": 117.0,
          "Cell: Perimeter": 42.20846304635859,
          "Cell: Circularity": 0.8252711232874995,
          "Cell: Max caliper": 15.836872679026426,
          "Cell: Min caliper": 10.70151412462052,
          "Cell: Eccentricity": 0.7765351792004342,
          "Cell: Channel 1 mean": 5493.154471544715,
          "Cell: Channel 1 std dev": 10461.950584538241,
          "Cell: Channel 1 max": 43886.0,
          "Cell: Channel 1 min": 0.0,
          "Cytoplasm: Channel 1 mean": 1273.13,
          "Cytoplasm: Channel 1 std dev": 2482.2089732675004,
          "Cytoplasm: Channel 1 max": 10471.0,
          "Cytoplasm: Channel 1 min": 0.0
        }
      }
    },
    {
      "type": "Feature",
      "id": "5e01171d-9397-4335-8c4e-c8317f65dbb5",
      "geometry": {
        "type": "Polygon",
        "coordinates": [
          [
            [75.27, 342.63],
            [75.31, 344.63],
            [78.05, 347.52],
            [81.93, 347.53],
            [86.97, 341.37],
            [87.67, 339.49],
            [86.36, 335.72],
            [84.65, 333.44],
            [82.66, 333.27],
            [80.64, 336.71],
            [75.27, 342.63]
          ]
        ]
      },
      "properties": {
        "objectType": "cell",
        "measurements": {
          "Cell: Area": 110.0,
          "Cell: Perimeter": 40.88338118381144,
          "Cell: Circularity": 0.8270065265593896,
          "Cell: Max caliper": 15.55998203929144,
          "Cell: Min caliper": 8.397112022131433,
          "Cell: Eccentricity": 0.8342517654913852,
          "Cell: Channel 1 mean": 5716.642857142857,
          "Cell: Channel 1 std dev": 11120.631031464289,
          "Cell: Channel 1 max": 47945.0,
          "Cell: Channel 1 min": 0.0,
          "Cytoplasm: Channel 1 mean": 479.4117647058824,
          "Cytoplasm: Channel 1 std dev": 1481.9270698439027,
          "Cytoplasm: Channel 1 max": 8364.0,
          "Cytoplasm: Channel 1 min": 0.0
        }
      }
    },
    {
      "type": "Feature",
      "id": "278b3f34-bc0b-43a9-a60e-7cdec6acca3c",
      "geometry": {
        "type": "Polygon",
        "coordinates": [
          [
            [217.09, 337.46],
            [218.58, 341.16],
            [224.07, 343.53],
            [228.94, 346.97],
            [230.58, 345.83],
            [231.27, 341.93],
            [225.61, 336.28],
            [220.45, 333.11],
            [217.31, 335.47],
            [217.09, 337.46]
          ]
        ]
      },
      "properties": {
        "objectType": "cell",
        "measurements": {
          "Cell: Area": 108.0,
          "Cell: Perimeter": 42.087968083684956,
          "Cell: Circularity": 0.7661568707428144,
          "Cell: Max caliper": 16.840683446075268,
          "Cell: Min caliper": 8.088220977087381,
          "Cell: Eccentricity": 0.8948649921149646,
          "Cell: Channel 1 mean": 4480.468468468468,
          "Cell: Channel 1 std dev": 6670.2834120241105,
          "Cell: Channel 1 max": 25373.0,
          "Cell: Channel 1 min": 0.0,
          "Cytoplasm: Channel 1 mean": 1106.2716049382716,
          "Cytoplasm: Channel 1 std dev": 2152.2399669434267,
          "Cytoplasm: Channel 1 max": 10959.0,
          "Cytoplasm: Channel 1 min": 0.0
        }
      }
    },
    {
      "type": "Feature",
      "id": "9bdae8b7-7caf-43dc-84d8-4e68f98852b0",
      "geometry": {
        "type": "Polygon",
        "coordinates": [
          [
            [235, 340.02],
            [235.75, 341.87],
            [239.46, 343.29],
            [246.11, 347.67],
            [249.19, 345.14],
            [249.94, 343.29],
            [249.65, 339.32],
            [244.32, 336.65],
            [240.82, 333.55],
            [238.84, 333.23],
            [237.3, 334.5],
            [235, 340.02]
          ]
        ]
      },
      "properties": {
        "objectType": "cell",
        "measurements": {
          "Cell: Area": 128.0,
          "Cell: Perimeter": 44.68526855803892,
          "Cell: Circularity": 0.8055473789461495,
          "Cell: Max caliper": 16.162095953857982,
          "Cell: Min caliper": 9.746897861819575,
          "Cell: Eccentricity": 0.8015570436586014,
          "Cell: Channel 1 mean": 813.1641791044776,
          "Cell: Channel 1 std dev": 1644.3682434938273,
          "Cell: Channel 1 max": 9860.0,
          "Cell: Channel 1 min": 0.0,
          "Cytoplasm: Channel 1 mean": 161.82407407407408,
          "Cytoplasm: Channel 1 std dev": 471.3926241934578,
          "Cytoplasm: Channel 1 max": 2836.0,
          "Cytoplasm: Channel 1 min": 0.0
        }
      }
    },
    {
      "type": "Feature",
      "id": "c950098c-ba2a-49f9-a1e0-028f57c42120",
      "geometry": {
        "type": "Polygon",
        "coordinates": [
          [
            [177.07, 342.03],
            [178.76, 343.09],
            [182.77, 347.54],
            [183.3, 351.5],
            [185.08, 352.42],
            [188.62, 350.69],
            [193.34, 346.99],
            [193.98, 345.09],
            [193.49, 343.16],
            [189.25, 338.91],
            [180.7, 337.65],
            [177.57, 340.1],
            [177.07, 342.03]
          ]
        ]
      },
      "properties": {
        "objectType": "cell",
        "measurements": {
          "Cell: Area": 153.0,
          "Cell: Perimeter": 48.84285155325406,
          "Cell: Circularity": 0.8059336193956294,
          "Cell: Max caliper": 17.213962610095727,
          "Cell: Min caliper": 13.099685085110103,
          "Cell: Eccentricity": 0.6899831062825639,
          "Cell: Channel 1 mean": 5282.147435897436,
          "Cell: Channel 1 std dev": 7370.668408263528,
          "Cell: Channel 1 max": 29545.0,
          "Cell: Channel 1 min": 0.0,
          "Cytoplasm: Channel 1 mean": 876.3960396039604,
          "Cytoplasm: Channel 1 std dev": 2110.912788720595,
          "Cytoplasm: Channel 1 max": 9625.0,
          "Cytoplasm: Channel 1 min": 0.0
        }
      }
    },
    {
      "type": "Feature",
      "id": "5c108fb1-fdc6-4676-a38a-e1c15883659c",
      "geometry": {
        "type": "Polygon",
        "coordinates": [
          [
            [204.49, 343.81],
            [210.06, 349.53],
            [213.45, 351.63],
            [216.47, 349.06],
            [218.32, 343.39],
            [215.33, 336],
            [213.9, 335],
            [210.01, 335.66],
            [207.23, 338.54],
            [204.49, 343.81]
          ]
        ]
      },
      "properties": {
        "objectType": "cell",
        "measurements": {
          "Cell: Area": 152.0,
          "Cell: Perimeter": 45.746464447215246,
          "Cell: Circularity": 0.9127217129247631,
          "Cell: Max caliper": 16.68039886369765,
          "Cell: Min caliper": 13.101078890482306,
          "Cell: Eccentricity": 0.6282795801437618,
          "Cell: Channel 1 mean": 7152.701298701299,
          "Cell: Channel 1 std dev": 9147.124153317667,
          "Cell: Channel 1 max": 40913.0,
          "Cell: Channel 1 min": 0.0,
          "Cytoplasm: Channel 1 mean": 1136.765306122449,
          "Cytoplasm: Channel 1 std dev": 1997.4483712720405,
          "Cytoplasm: Channel 1 max": 8042.0,
          "Cytoplasm: Channel 1 min": 0.0
        }
      }
    },
    {
      "type": "Feature",
      "id": "cbc6564a-64fc-476e-b882-7a8104152ad3",
      "geometry": {
        "type": "Polygon",
        "coordinates": [
          [
            [83.15, 348.23],
            [84.06, 352.12],
            [86.55, 355.22],
            [92.54, 355],
            [98.39, 355.92],
            [99.88, 354.59],
            [101.5, 348.83],
            [100.95, 344.89],
            [99.68, 343.34],
            [97.71, 343],
            [93.83, 343.92],
            [89.55, 341.37],
            [87.59, 341.75],
            [84.76, 344.57],
            [83.15, 348.23]
          ]
        ]
      },
      "properties": {
        "objectType": "cell",
        "measurements": {
          "Cell: Area": 204.0,
          "Cell: Perimeter": 55.00539047884341,
          "Cell: Circularity": 0.8472850184440329,
          "Cell: Max caliper": 18.367882179607903,
          "Cell: Min caliper": 14.046750845432928,
          "Cell: Eccentricity": 0.691961922249163,
          "Cell: Channel 1 mean": 7528.67942583732,
          "Cell: Channel 1 std dev": 10076.494885643118,
          "Cell: Channel 1 max": 41991.0,
          "Cell: Channel 1 min": 0.0,
          "Cytoplasm: Channel 1 mean": 1122.4074074074074,
          "Cytoplasm: Channel 1 std dev": 2798.6267909226654,
          "Cytoplasm: Channel 1 max": 19577.0,
          "Cytoplasm: Channel 1 min": 0.0
        }
      }
    },
    {
      "type": "Feature",
      "id": "7db44cec-7d81-4b77-ac9d-067dda1674e0",
      "geometry": {
        "type": "Polygon",
        "coordinates": [
          [
            [160, 346.3],
            [160.82, 350.15],
            [163.83, 352.77],
            [167.75, 352.05],
            [174.8, 355.76],
            [176.79, 355.6],
            [181.41, 351.8],
            [181.94, 347.89],
            [177.95, 343.47],
            [176.16, 342.58],
            [172.21, 342.84],
            [170.33, 342.16],
            [163.96, 342.02],
            [160.85, 344.49],
            [160, 346.3]
          ]
        ]
      },
      "properties": {
        "objectType": "cell",
        "measurements": {
          "Cell: Area": 219.0,
          "Cell: Perimeter": 58.5541059468044,
          "Cell: Circularity": 0.8026741382946316,
          "Cell: Max caliper": 22.29057366992911,
          "Cell: Min caliper": 13.07382042511902,
          "Cell: Eccentricity": 0.8401586127357392,
          "Cell: Channel 1 mean": 8238.565022421524,
          "Cell: Channel 1 std dev": 11851.434380973418,
          "Cell: Channel 1 max": 48474.0,
          "Cell: Channel 1 min": 0.0,
          "Cytoplasm: Channel 1 mean": 1855.4657534246576,
          "Cytoplasm: Channel 1 std dev": 3537.0587921066685,
          "Cytoplasm: Channel 1 max": 14705.0,
          "Cytoplasm: Channel 1 min": 0.0
        }
      }
    },
    {
      "type": "Feature",
      "id": "6d5a525a-aaf3-4d65-8293-681fbe17468b",
      "geometry": {
        "type": "Polygon",
        "coordinates": [
          [
            [217.48, 349.48],
            [219.16, 350.58],
            [223.11, 351.05],
            [224.8, 352.13],
            [226.78, 351.89],
            [228.78, 348.56],
            [224.16, 344.82],
            [221.13, 343.09],
            [219.25, 343.76],
            [217.48, 349.48]
          ]
        ]
      },
      "properties": {
        "objectType": "cell",
        "measurements": {
          "Cell: Area": 62.0,
          "Cell: Perimeter": 31.51250897290666,
          "Cell: Circularity": 0.7845770293750738,
          "Cell: Max caliper": 11.334712788019969,
          "Cell: Min caliper": 7.480288638943649,
          "Cell: Eccentricity": 0.7481786378381283,
          "Cell: Channel 1 mean": 8265.537313432837,
          "Cell: Channel 1 std dev": 9867.651136382161,
          "Cell: Channel 1 max": 34456.0,
          "Cell: Channel 1 min": 0.0,
          "Cytoplasm: Channel 1 mean": 1972.8095238095239,
          "Cytoplasm: Channel 1 std dev": 2921.7636775112665,
          "Cytoplasm: Channel 1 max": 11079.0,
          "Cytoplasm: Channel 1 min": 0.0
        }
      }
    },
    {
      "type": "Feature",
      "id": "5a810a58-c117-4f9a-91ff-e05b7090d6e2",
      "geometry": {
        "type": "Polygon",
        "coordinates": [
          [
            [38, 354.83],
            [38.39, 358.79],
            [39.67, 360.33],
            [43.53, 360.73],
            [47.14, 359],
            [49.14, 358.93],
            [56.47, 355.77],
            [57.84, 354.31],
            [56.27, 348.53],
            [54.99, 346.99],
            [46.92, 344],
            [42.98, 344.51],
            [39.02, 348.96],
            [38, 354.83]
          ]
        ]
      },
      "properties": {
        "objectType": "cell",
        "measurements": {
          "Cell: Area": 246.0,
          "Cell: Perimeter": 58.66579032235704,
          "Cell: Circularity": 0.8982042791134932,
          "Cell: Max caliper": 20.605722633442948,
          "Cell: Min caliper": 15.61418983859147,
          "Cell: Eccentricity": 0.6315129913432832,
          "Cell: Channel 1 mean": 10111.153846153846,
          "Cell: Channel 1 std dev": 14526.70223854866,
          "Cell: Channel 1 max": 60370.0,
          "Cell: Channel 1 min": 0.0,
          "Cytoplasm: Channel 1 mean": 1756.860606060606,
          "Cytoplasm: Channel 1 std dev": 3731.239344711623,
          "Cytoplasm: Channel 1 max": 33410.0,
          "Cytoplasm: Channel 1 min": 0.0
        }
      }
    },
    {
      "type": "Feature",
      "id": "d3a3b8ad-151f-493e-b048-bf961cb8f9ca",
      "geometry": {
        "type": "Polygon",
        "coordinates": [
          [
            [56.39, 346.5],
            [58.24, 352.19],
            [59.96, 355.79],
            [61.95, 356],
            [67.59, 354.08],
            [70, 350.93],
            [69.97, 346.93],
            [68.9, 345.24],
            [65.18, 343],
            [59.31, 344],
            [57.5, 344.84],
            [56.39, 346.5]
          ]
        ]
      },
      "properties": {
        "objectType": "cell",
        "measurements": {
          "Cell: Area": 134.0,
          "Cell: Perimeter": 42.40525161452411,
          "Cell: Circularity": 0.9364301183700887,
          "Cell: Max caliper": 14.314600356019431,
          "Cell: Min caliper": 12.285785196233135,
          "Cell: Eccentricity": 0.24348743271322784,
          "Cell: Channel 1 mean": 5357.485294117647,
          "Cell: Channel 1 std dev": 12684.901430870214,
          "Cell: Channel 1 max": 59275.0,
          "Cell: Channel 1 min": 0.0,
          "Cytoplasm: Channel 1 mean": 254.70192307692307,
          "Cytoplasm: Channel 1 std dev": 939.1556100040564,
          "Cytoplasm: Channel 1 max": 6900.0,
          "Cytoplasm: Channel 1 min": 0.0
        }
      }
    },
    {
      "type": "Feature",
      "id": "121e6526-50d0-46f7-88a7-6b8012f259e1",
      "geometry": {
        "type": "Polygon",
        "coordinates": [
          [
            [100.73, 357.07],
            [103.7, 359.74],
            [107.55, 360.78],
            [111.52, 360.7],
            [114.41, 357.93],
            [115, 356.02],
            [115, 346.02],
            [112.33, 343.16],
            [108.42, 342],
            [104.44, 342.28],
            [102, 345.3],
            [102.35, 349.28],
            [100.73, 357.07]
          ]
        ]
      },
      "properties": {
        "objectType": "cell",
        "measurements": {
          "Cell: Area": 228.0,
          "Cell: Perimeter": 56.16456044842296,
          "Cell: Circularity": 0.9082804830448984,
          "Cell: Max caliper": 19.73008368059069,
          "Cell: Min caliper": 14.218668503454895,
          "Cell: Eccentricity": 0.6755369062254936,
          "Cell: Channel 1 mean": 6960.0262008733625,
          "Cell: Channel 1 std dev": 9590.653576104933,
          "Cell: Channel 1 max": 36563.0,
          "Cell: Channel 1 min": 0.0,
          "Cytoplasm: Channel 1 mean": 1425.6666666666667,
          "Cytoplasm: Channel 1 std dev": 3312.9313466365224,
          "Cytoplasm: Channel 1 max": 18985.0,
          "Cytoplasm: Channel 1 min": 0.0
        }
      }
    },
    {
      "type": "Feature",
      "id": "d032b7d5-08f2-437c-9547-5ca091dcc702",
      "geometry": {
        "type": "Polygon",
        "coordinates": [
          [
            [233.03, 345.93],
            [233.53, 349.86],
            [237.77, 354.1],
            [241.59, 355],
            [243.44, 354.23],
            [245.93, 351.13],
            [245.51, 349.18],
            [239.33, 344.16],
            [235.76, 343.12],
            [233.03, 345.93]
          ]
        ]
      },
      "properties": {
        "objectType": "cell",
        "measurements": {
          "Cell: Area": 103.0,
          "Cell: Perimeter": 37.80476224218938,
          "Cell: Circularity": 0.905636810549779,
          "Cell: Max caliper": 13.908659491360932,
          "Cell: Min caliper": 8.894760567445473,
          "Cell: Eccentricity": 0.7664281931115005,
          "Cell: Channel 1 mean": 448.42857142857144,
          "Cell: Channel 1 std dev": 1566.0819549309801,
          "Cell: Channel 1 max": 10019.0,
          "Cell: Channel 1 min": 0.0,
          "Cytoplasm: Channel 1 mean": 13.3,
          "Cytoplasm: Channel 1 std dev": 43.59090978323734,
          "Cytoplasm: Channel 1 max": 375.0,
          "Cytoplasm: Channel 1 min": 0.0
        }
      }
    },
    {
      "type": "Feature",
      "id": "c50ded73-1e98-40cf-ba83-4cf8a7e7aa45",
      "geometry": {
        "type": "Polygon",
        "coordinates": [
          [
            [198.28, 350.38],
            [200.48, 355.95],
            [201.68, 357.55],
            [209.05, 354.47],
            [210, 352.71],
            [209.86, 350.72],
            [208.73, 349.07],
            [203.74, 344.54],
            [199.8, 345.1],
            [198.29, 346.42],
            [198.28, 350.38]
          ]
        ]
      },
      "properties": {
        "objectType": "cell",
        "measurements": {
          "Cell: Area": 106.0,
          "Cell: Perimeter": 38.75018370193948,
          "Cell: Circularity": 0.8870910505991482,
          "Cell: Max caliper": 13.442538020107097,
          "Cell: Min caliper": 10.649325928800888,
          "Cell: Eccentricity": 0.5986877178617255,
          "Cell: Channel 1 mean": 3341.9166666666665,
          "Cell: Channel 1 std dev": 5449.44540970588,
          "Cell: Channel 1 max": 19740.0,
          "Cell: Channel 1 min": 0.0,
          "Cytoplasm: Channel 1 mean": 490.71604938271605,
          "Cytoplasm: Channel 1 std dev": 1337.9673597902893,
          "Cytoplasm: Channel 1 max": 7568.0,
          "Cytoplasm: Channel 1 min": 0.0
        }
      }
    },
    {
      "type": "Feature",
      "id": "1b0d71b6-b840-4315-a99d-6e40dd912670",
      "geometry": {
        "type": "Polygon",
        "coordinates": [
          [
            [118, 351.82],
            [119.66, 355.33],
            [123.54, 355.89],
            [125.33, 355],
            [127.62, 351.77],
            [128.16, 345.82],
            [124.69, 344],
            [120.85, 344.82],
            [118.23, 347.84],
            [118, 351.82]
          ]
        ]
      },
      "properties": {
        "objectType": "cell",
        "measurements": {
          "Cell: Area": 99.0,
          "Cell: Perimeter": 35.91988117208896,
          "Cell: Circularity": 0.9642180919468865,
          "Cell: Max caliper": 12.748035817306247,
          "Cell: Min caliper": 9.931508715611129,
          "Cell: Eccentricity": 0.5878291140808978,
          "Cell: Channel 1 mean": 1197.2330097087379,
          "Cell: Channel 1 std dev": 3946.057084458059,
          "Cell: Channel 1 max": 26113.0,
          "Cell: Channel 1 min": 0.0,
          "Cytoplasm: Channel 1 mean": 59.52272727272727,
          "Cytoplasm: Channel 1 std dev": 233.91746148562487,
          "Cytoplasm: Channel 1 max": 1801.0,
          "Cytoplasm: Channel 1 min": 0.0
        }
      }
    },
    {
      "type": "Feature",
      "id": "298c6c9a-59b9-4d97-ba0a-c42472532b04",
      "geometry": {
        "type": "Polygon",
        "coordinates": [
          [
            [139, 358.83],
            [140.06, 360.53],
            [142.04, 360.79],
            [145.1, 358.24],
            [152.11, 354.56],
            [156.34, 350.31],
            [156.72, 346.44],
            [154.51, 344.34],
            [150.56, 344.29],
            [146.79, 345.6],
            [143.42, 347.72],
            [139.67, 349],
            [139.02, 350.89],
            [139.4, 352.86],
            [139, 358.83]
          ]
        ]
      },
      "properties": {
        "objectType": "cell",
        "measurements": {
          "Cell: Area": 189.0,
          "Cell: Perimeter": 55.0518869673922,
          "Cell: Circularity": 0.7836592228897978,
          "Cell: Max caliper": 21.820293727025685,
          "Cell: Min caliper": 11.34451687044362,
          "Cell: Eccentricity": 0.864318343328151,
          "Cell: Channel 1 mean": 7097.526315789473,
          "Cell: Channel 1 std dev": 12680.027554375703,
          "Cell: Channel 1 max": 47484.0,
          "Cell: Channel 1 min": 0.0,
          "Cytoplasm: Channel 1 mean": 785.0,
          "Cytoplasm: Channel 1 std dev": 2097.7547384899754,
          "Cytoplasm: Channel 1 max": 10479.0,
          "Cytoplasm: Channel 1 min": 0.0
        }
      }
    },
    {
      "type": "Feature",
      "id": "6aaf4c30-2272-4cd1-ba41-c06702026ba7",
      "geometry": {
        "type": "Polygon",
        "coordinates": [
          [
            [125.09, 357.19],
            [127.61, 360.27],
            [129.47, 361],
            [135.46, 360.77],
            [138, 357.82],
            [138.49, 353.87],
            [137.97, 349.93],
            [133.99, 346],
            [130.08, 346.59],
            [127.37, 353.97],
            [125.09, 357.19]
          ]
        ]
      },
      "properties": {
        "objectType": "cell",
        "measurements": {
          "Cell: Area": 145.0,
          "Cell: Perimeter": 45.672152863374784,
          "Cell: Circularity": 0.8735241155021385,
          "Cell: Max caliper": 15.666836142892322,
          "Cell: Min caliper": 12.002484296185273,
          "Cell: Eccentricity": 0.6819869665562052,
          "Cell: Channel 1 mean": 4928.65306122449,
          "Cell: Channel 1 std dev": 9814.194518657248,
          "Cell: Channel 1 max": 36875.0,
          "Cell: Channel 1 min": 0.0,
          "Cytoplasm: Channel 1 mean": 226.63063063063063,
          "Cytoplasm: Channel 1 std dev": 858.7040862721612,
          "Cytoplasm: Channel 1 max": 5947.0,
          "Cytoplasm: Channel 1 min": 0.0
        }
      }
    },
    {
      "type": "Feature",
      "id": "4a155beb-ff52-411b-9551-455484084940",
      "geometry": {
        "type": "Polygon",
        "coordinates": [
          [
            [185, 354.98],
            [187.85, 362.43],
            [189.85, 362.58],
            [193.52, 361],
            [197.5, 360.75],
            [200.54, 358.29],
            [198.36, 352.72],
            [197.12, 350.78],
            [196.96, 348.79],
            [195.8, 347.16],
            [193.84, 347.58],
            [189.22, 351.39],
            [185.6, 353.07],
            [185, 354.98]
          ]
        ]
      },
      "properties": {
        "objectType": "cell",
        "measurements": {
          "Cell: Area": 153.0,
          "Cell: Perimeter": 48.30707832771856,
          "Cell: Circularity": 0.823909957487836,
          "Cell: Max caliper": 17.2105248322648,
          "Cell: Min caliper": 13.23762845238393,
          "Cell: Eccentricity": 0.46023162601026346,
          "Cell: Channel 1 mean": 7382.630573248408,
          "Cell: Channel 1 std dev": 11579.731426675286,
          "Cell: Channel 1 max": 39599.0,
          "Cell: Channel 1 min": 0.0,
          "Cytoplasm: Channel 1 mean": 387.7019230769231,
          "Cytoplasm: Channel 1 std dev": 1043.9196755154608,
          "Cytoplasm: Channel 1 max": 5532.0,
          "Cytoplasm: Channel 1 min": 0.0
        }
      }
    },
    {
      "type": "Feature",
      "id": "45410284-ae0c-4d06-b0b4-9f47ba3ac37f",
      "geometry": {
        "type": "Polygon",
        "coordinates": [
          [
            [211.72, 363.38],
            [212.02, 365.36],
            [213.5, 366.7],
            [215.5, 366.75],
            [219.25, 365.37],
            [223.72, 361.39],
            [224.89, 355.53],
            [224.71, 353.53],
            [223.18, 352.24],
            [216.08, 350.59],
            [214.66, 352],
            [213.51, 355.83],
            [212.29, 357.42],
            [211.72, 363.38]
          ]
        ]
      },
      "properties": {
        "objectType": "cell",
        "measurements": {
          "Cell: Area": 155.0,
          "Cell: Perimeter": 47.320656148426,
          "Cell: Circularity": 0.8698413445647051,
          "Cell: Max caliper": 17.40535936065237,
          "Cell: Min caliper": 11.987920295159828,
          "Cell: Eccentricity": 0.7221285221621395,
          "Cell: Channel 1 mean": 5524.0822784810125,
          "Cell: Channel 1 std dev": 8827.729221591904,
          "Cell: Channel 1 max": 42408.0,
          "Cell: Channel 1 min": 0.0,
          "Cytoplasm: Channel 1 mean": 1248.165137614679,
          "Cytoplasm: Channel 1 std dev": 2337.1176871497455,
          "Cytoplasm: Channel 1 max": 12309.0,
          "Cytoplasm: Channel 1 min": 0.0
        }
      }
    },
    {
      "type": "Feature",
      "id": "568c3672-04c9-4408-8db8-e1cee492984f",
      "geometry": {
        "type": "Polygon",
        "coordinates": [
          [
            [225.12, 358.39],
            [225.64, 362.28],
            [230.88, 364.98],
            [234.82, 364.51],
            [237.65, 361.68],
            [237.86, 355.72],
            [231.47, 349.31],
            [229.53, 349.8],
            [226.7, 352.63],
            [225.12, 358.39]
          ]
        ]
      },
      "properties": {
        "objectType": "cell",
        "measurements": {
          "Cell: Area": 155.0,
          "Cell: Perimeter": 45.10430082366343,
          "Cell: Circularity": 0.9574269589452692,
          "Cell: Max caliper": 15.75087764413319,
          "Cell: Min caliper": 12.911057384791425,
          "Cell: Eccentricity": 0.5210167487896034,
          "Cell: Channel 1 mean": 4153.4358974358975,
          "Cell: Channel 1 std dev": 10371.834319478066,
          "Cell: Channel 1 max": 49725.0,
          "Cell: Channel 1 min": 0.0,
          "Cytoplasm: Channel 1 mean": 152.94166666666666,
          "Cytoplasm: Channel 1 std dev": 789.7387856182598,
          "Cytoplasm: Channel 1 max": 6918.0,
          "Cytoplasm: Channel 1 min": 0.0
        }
      }
    },
    {
      "type": "Feature",
      "id": "d11fdd6e-3605-4eb7-9dc0-23d452dda1c2",
      "geometry": {
        "type": "Polygon",
        "coordinates": [
          [
            [151.48, 356.22],
            [157.76, 363.88],
            [159.75, 364],
            [162.74, 361.52],
            [163, 355.53],
            [162.32, 353.65],
            [159.02, 350.69],
            [157.03, 350.49],
            [151.48, 356.22]
          ]
        ]
      },
      "properties": {
        "objectType": "cell",
        "measurements": {
          "Cell: Area": 105.0,
          "Cell: Perimeter": 38.44431890948817,
          "Cell: Circularity": 0.8927601996576617,
          "Cell: Max caliper": 13.786092344589662,
          "Cell: Min caliper": 10.271699900981236,
          "Cell: Eccentricity": 0.622504211475762,
          "Cell: Channel 1 mean": 6234.722222222223,
          "Cell: Channel 1 std dev": 11130.531709959661,
          "Cell: Channel 1 max": 42737.0,
          "Cell: Channel 1 min": 0.0,
          "Cytoplasm: Channel 1 mean": 707.5542168674699,
          "Cytoplasm: Channel 1 std dev": 1895.0034317042873,
          "Cytoplasm: Channel 1 max": 8827.0,
          "Cytoplasm: Channel 1 min": 0.0
        }
      }
    },
    {
      "type": "Feature",
      "id": "33879f06-bc59-4df3-b4a7-73b7b8244b28",
      "geometry": {
        "type": "Polygon",
        "coordinates": [
          [
            [164, 355.78],
            [164.15, 359.77],
            [165.77, 360.95],
            [169.77, 361],
            [173.67, 361.87],
            [175.67, 358.46],
            [173.02, 355.51],
            [168.79, 353.52],
            [166.81, 353.24],
            [164.97, 354.03],
            [164, 355.78]
          ]
        ]
      },
      "properties": {
        "objectType": "cell",
        "measurements": {
          "Cell: Area": 74.0,
          "Cell: Perimeter": 32.72482463439045,
          "Cell: Circularity": 0.8683342430037628,
          "Cell: Max caliper": 11.969703912042473,
          "Cell: Min caliper": 7.783277441826128,
          "Cell: Eccentricity": 0.7731963043749057,
          "Cell: Channel 1 mean": 7026.794871794872,
          "Cell: Channel 1 std dev": 11804.036995280361,
          "Cell: Channel 1 max": 46443.0,
          "Cell: Channel 1 min": 0.0,
          "Cytoplasm: Channel 1 mean": 620.6727272727272,
          "Cytoplasm: Channel 1 std dev": 1623.1536183266414,
          "Cytoplasm: Channel 1 max": 8088.0,
          "Cytoplasm: Channel 1 min": 0.0
        }
      }
    },
    {
      "type": "Feature",
      "id": "24e723df-7291-4fc6-b07e-0d914d4784d1",
      "geometry": {
        "type": "Polygon",
        "coordinates": [
          [
            [365.13, 360.67],
            [366.09, 362.43],
            [369.38, 364.69],
            [373.14, 365.97],
            [375.02, 365.31],
            [378.85, 360.75],
            [378.75, 356.77],
            [376.9, 353.24],
            [373.81, 351],
            [367.94, 351.73],
            [365.26, 354.69],
            [365.13, 360.67]
          ]
        ]
      },
      "properties": {
        "objectType": "cell",
        "measurements": {
          "Cell: Area": 165.0,
          "Cell: Perimeter": 45.818945687776555,
          "Cell: Circularity": 0.9876512662628184,
          "Cell: Max caliper": 15.31868996288382,
          "Cell: Min caliper": 13.827916340105528,
          "Cell: Eccentricity": 0.3865446268405288,
          "Cell: Channel 1 mean": 2837.597633136095,
          "Cell: Channel 1 std dev": 8680.734543008724,
          "Cell: Channel 1 max": 50507.0,
          "Cell: Channel 1 min": 0.0,
          "Cytoplasm: Channel 1 mean": 41.471014492753625,
          "Cytoplasm: Channel 1 std dev": 141.48824160110286,
          "Cytoplasm: Channel 1 max": 1151.0,
          "Cytoplasm: Channel 1 min": 0.0
        }
      }
    },
    {
      "type": "Feature",
      "id": "eb2b2348-178b-42df-9f94-df91c7a44ffb",
      "geometry": {
        "type": "Polygon",
        "coordinates": [
          [
            [176, 360.72],
            [176.62, 362.62],
            [183.49, 366.61],
            [186.72, 364.39],
            [186.7, 362.39],
            [183.32, 352.99],
            [181.33, 352.84],
            [179.56, 353.77],
            [177.07, 356.87],
            [176, 360.72]
          ]
        ]
      },
      "properties": {
        "objectType": "cell",
        "measurements": {
          "Cell: Area": 100.0,
          "Cell: Perimeter": 38.015707854848074,
          "Cell: Circularity": 0.8695282594814591,
          "Cell: Max caliper": 13.94682798836184,
          "Cell: Min caliper": 9.667005472642957,
          "Cell: Eccentricity": 0.7076741965949301,
          "Cell: Channel 1 mean": 3500.980582524272,
          "Cell: Channel 1 std dev": 6852.896543713098,
          "Cell: Channel 1 max": 30153.0,
          "Cell: Channel 1 min": 0.0,
          "Cytoplasm: Channel 1 mean": 339.425,
          "Cytoplasm: Channel 1 std dev": 1039.0149884397877,
          "Cytoplasm: Channel 1 max": 5689.0,
          "Cytoplasm: Channel 1 min": 0.0
        }
      }
    },
    {
      "type": "Feature",
      "id": "da53a0b6-83ee-4c2c-b924-cc9b4d0d272f",
      "geometry": {
        "type": "Polygon",
        "coordinates": [
          [
            [53.61, 360.23],
            [55, 361.67],
            [61.98, 365.49],
            [63.85, 364.77],
            [64.97, 360.94],
            [63.31, 357.31],
            [57.3, 356.35],
            [53.77, 358.23],
            [53.61, 360.23]
          ]
        ]
      },
      "properties": {
        "objectType": "cell",
        "measurements": {
          "Cell: Area": 69.0,
          "Cell: Perimeter": 32.156818648058916,
          "Cell: Circularity": 0.838518795792042,
          "Cell: Max caliper": 12.013334860243583,
          "Cell: Min caliper": 8.109744899442388,
          "Cell: Eccentricity": 0.7577089619018316,
          "Cell: Channel 1 mean": 7767.894736842105,
          "Cell: Channel 1 std dev": 14335.999408090525,
          "Cell: Channel 1 max": 57066.0,
          "Cell: Channel 1 min": 0.0,
          "Cytoplasm: Channel 1 mean": 987.719298245614,
          "Cytoplasm: Channel 1 std dev": 2153.1185833774257,
          "Cytoplasm: Channel 1 max": 11095.0,
          "Cytoplasm: Channel 1 min": 0.0
        }
      }
    },
    {
      "type": "Feature",
      "id": "fa22ba06-336c-4fa7-8fb9-2b39ce38f064",
      "geometry": {
        "type": "Polygon",
        "coordinates": [
          [
            [65.06, 356.94],
            [65.76, 360.79],
            [65.35, 366.69],
            [68.59, 368.92],
            [72.57, 368.69],
            [73.78, 367.1],
            [76, 359.42],
            [75.72, 357.44],
            [72.52, 355],
            [68.53, 355.09],
            [65.06, 356.94]
          ]
        ]
      },
      "properties": {
        "objectType": "cell",
        "measurements": {
          "Cell: Area": 126.0,
          "Cell: Perimeter": 42.06968355746808,
          "Cell: Circularity": 0.8946268297919466,
          "Cell: Max caliper": 14.4631075972951,
          "Cell: Min caliper": 10.994616526808638,
          "Cell: Eccentricity": 0.687402773613852,
          "Cell: Channel 1 mean": 4375.176923076923,
          "Cell: Channel 1 std dev": 11360.795201904593,
          "Cell: Channel 1 max": 57190.0,
          "Cell: Channel 1 min": 0.0,
          "Cytoplasm: Channel 1 mean": 120.24761904761905,
          "Cytoplasm: Channel 1 std dev": 482.43068017297696,
          "Cytoplasm: Channel 1 max": 4352.0,
          "Cytoplasm: Channel 1 min": 0.0
        }
      }
    },
    {
      "type": "Feature",
      "id": "9915b44d-17d2-42f7-9f00-e43f87fba0da",
      "geometry": {
        "type": "Polygon",
        "coordinates": [
          [
            [75.21, 365.94],
            [75.46, 367.93],
            [78.35, 370.67],
            [82.32, 371],
            [84.23, 370.39],
            [87.08, 367.59],
            [87.88, 365.75],
            [87.18, 363.88],
            [87, 357.89],
            [86.33, 356],
            [83.89, 355],
            [78.13, 356.54],
            [77.15, 358.27],
            [75.21, 365.94]
          ]
        ]
      },
      "properties": {
        "objectType": "cell",
        "measurements": {
          "Cell: Area": 159.0,
          "Cell: Perimeter": 46.68973705816371,
          "Cell: Circularity": 0.9165668210250325,
          "Cell: Max caliper": 16.872730361701404,
          "Cell: Min caliper": 12.368791318155811,
          "Cell: Eccentricity": 0.7115445843668737,
          "Cell: Channel 1 mean": 3471.26875,
          "Cell: Channel 1 std dev": 7375.180709626458,
          "Cell: Channel 1 max": 36120.0,
          "Cell: Channel 1 min": 0.0,
          "Cytoplasm: Channel 1 mean": 382.37795275590554,
          "Cytoplasm: Channel 1 std dev": 1193.5031066326587,
          "Cytoplasm: Channel 1 max": 8690.0,
          "Cytoplasm: Channel 1 min": 0.0
        }
      }
    },
    {
      "type": "Feature",
      "id": "54dc6e06-c9c3-4889-a245-15ff4c3b38b8",
      "geometry": {
        "type": "Polygon",
        "coordinates": [
          [
            [88, 363.55],
            [89.33, 367.33],
            [93.21, 368],
            [100.8, 370.4],
            [104.42, 375.08],
            [106.25, 375.87],
            [109.61, 373.7],
            [111.9, 370.49],
            [112, 368.49],
            [109.53, 363.07],
            [104.06, 360.81],
            [99.33, 357.16],
            [95.33, 357],
            [93.46, 356],
            [89.47, 356.11],
            [88.09, 357.56],
            [88, 363.55]
          ]
        ]
      },
      "properties": {
        "objectType": "cell",
        "measurements": {
          "Cell: Area": 283.0,
          "Cell: Perimeter": 70.12640609175,
          "Cell: Circularity": 0.7231578999888402,
          "Cell: Max caliper": 27.274427037302743,
          "Cell: Min caliper": 13.611112180902825,
          "Cell: Eccentricity": 0.8876091734299286,
          "Cell: Channel 1 mean": 6731.2947368421055,
          "Cell: Channel 1 std dev": 7895.023452418159,
          "Cell: Channel 1 max": 29167.0,
          "Cell: Channel 1 min": 0.0,
          "Cytoplasm: Channel 1 mean": 1302.5542857142857,
          "Cytoplasm: Channel 1 std dev": 2469.337534171526,
          "Cytoplasm: Channel 1 max": 11508.0,
          "Cytoplasm: Channel 1 min": 0.0
        }
      }
    },
    {
      "type": "Feature",
      "id": "646bb624-6124-40e3-bd1d-5bc40ecc2011",
      "geometry": {
        "type": "Polygon",
        "coordinates": [
          [
            [143.08, 362.38],
            [144.25, 370.25],
            [147.34, 372.67],
            [151.21, 373.61],
            [155.65, 369.7],
            [156.99, 365.97],
            [154.32, 360.65],
            [150.74, 357.49],
            [148.75, 357.25],
            [145.23, 359.11],
            [143.08, 362.38]
          ]
        ]
      },
      "properties": {
        "objectType": "cell",
        "measurements": {
          "Cell: Area": 166.0,
          "Cell: Perimeter": 46.78135346230037,
          "Cell: Circularity": 0.9531744380070957,
          "Cell: Max caliper": 16.541934074744777,
          "Cell: Min caliper": 13.235699901460842,
          "Cell: Eccentricity": 0.5677197992545874,
          "Cell: Channel 1 mean": 8304.353293413174,
          "Cell: Channel 1 std dev": 14864.26861297011,
          "Cell: Channel 1 max": 58643.0,
          "Cell: Channel 1 min": 0.0,
          "Cytoplasm: Channel 1 mean": 539.6324786324786,
          "Cytoplasm: Channel 1 std dev": 1378.6032699194486,
          "Cytoplasm: Channel 1 max": 7061.0,
          "Cytoplasm: Channel 1 min": 0.0
        }
      }
    },
    {
      "type": "Feature",
      "id": "aaa9bcb9-b4b7-4c3d-9c93-28156e9e0f60",
      "geometry": {
        "type": "Polygon",
        "coordinates": [
          [
            [319, 363.06],
            [319.87, 364.87],
            [326.59, 369],
            [332.47, 368],
            [336.06, 366.28],
            [337.47, 364.86],
            [338, 362.93],
            [337.97, 358.93],
            [336.9, 357.24],
            [333.83, 355],
            [323.83, 355.09],
            [319.44, 359.11],
            [319, 363.06]
          ]
        ]
      },
      "properties": {
        "objectType": "cell",
        "measurements": {
          "Cell: Area": 217.0,
          "Cell: Perimeter": 53.80743483464147,
          "Cell: Circularity": 0.9418571111065225,
          "Cell: Max caliper": 19.411199084619454,
          "Cell: Min caliper": 14.0,
          "Cell: Eccentricity": 0.6850033227402889,
          "Cell: Channel 1 mean": 2802.5137614678897,
          "Cell: Channel 1 std dev": 9859.686369335135,
          "Cell: Channel 1 max": 65535.0,
          "Cell: Channel 1 min": 0.0,
          "Cytoplasm: Channel 1 mean": 43.64071856287425,
          "Cytoplasm: Channel 1 std dev": 107.84360728951665,
          "Cytoplasm: Channel 1 max": 822.0,
          "Cytoplasm: Channel 1 min": 0.0
        }
      }
    },
    {
      "type": "Feature",
      "id": "12b9eec3-33d6-4d43-a3c2-49f07f554156",
      "geometry": {
        "type": "Polygon",
        "coordinates": [
          [
            [200.33, 360.51],
            [201.63, 364.26],
            [204.81, 366.6],
            [210.34, 364.31],
            [211, 362.42],
            [210.72, 358.44],
            [208.9, 356.6],
            [206.93, 356.21],
            [203.29, 357.86],
            [200.33, 360.51]
          ]
        ]
      },
      "properties": {
        "objectType": "cell",
        "measurements": {
          "Cell: Area": 81.0,
          "Cell: Perimeter": 32.59462370437934,
          "Cell: Circularity": 0.9580825708914775,
          "Cell: Max caliper": 10.83650535650235,
          "Cell: Min caliper": 8.944288448910147,
          "Cell: Eccentricity": 0.49307242719526395,
          "Cell: Channel 1 mean": 3276.1666666666665,
          "Cell: Channel 1 std dev": 7303.962838939588,
          "Cell: Channel 1 max": 32154.0,
          "Cell: Channel 1 min": 0.0,
          "Cytoplasm: Channel 1 mean": 441.5147058823529,
          "Cytoplasm: Channel 1 std dev": 904.8120525980951,
          "Cytoplasm: Channel 1 max": 4568.0,
          "Cytoplasm: Channel 1 min": 0.0
        }
      }
    },
    {
      "type": "Feature",
      "id": "25726033-95d2-4b66-9f43-e986a3df59a3",
      "geometry": {
        "type": "Polygon",
        "coordinates": [
          [
            [41, 363.52],
            [41.25, 369.51],
            [42.45, 371.11],
            [43.77, 376.88],
            [47.49, 378.3],
            [50.6, 380.8],
            [54.21, 382.52],
            [56.11, 381.89],
            [57, 380.09],
            [58, 374.23],
            [53.32, 370.6],
            [51.33, 365],
            [51, 361.24],
            [49.85, 359.61],
            [42.24, 361.95],
            [41, 363.52]
          ]
        ]
      },
      "properties": {
        "objectType": "cell",
        "measurements": {
          "Cell: Area": 231.0,
          "Cell: Perimeter": 63.79119106478868,
          "Cell: Circularity": 0.7133463144481699,
          "Cell: Max caliper": 24.288553755400564,
          "Cell: Min caliper": 13.785263768900936,
          "Cell: Eccentricity": 0.8592327774830667,
          "Cell: Channel 1 mean": 5546.894514767932,
          "Cell: Channel 1 std dev": 9514.194995730948,
          "Cell: Channel 1 max": 42332.0,
          "Cell: Channel 1 min": 0.0,
          "Cytoplasm: Channel 1 mean": 700.9937106918239,
          "Cytoplasm: Channel 1 std dev": 1408.0886340092438,
          "Cytoplasm: Channel 1 max": 8920.0,
          "Cytoplasm: Channel 1 min": 0.0
        }
      }
    },
    {
      "type": "Feature",
      "id": "76820c9b-9e1c-4e32-b994-dbd19af1097d",
      "geometry": {
        "type": "Polygon",
        "coordinates": [
          [
            [163.11, 363.47],
            [163.68, 367.35],
            [168, 371.5],
            [170, 371.5],
            [171.44, 370.11],
            [174.62, 365.05],
            [174.33, 363.07],
            [170.55, 362],
            [164.55, 362.09],
            [163.11, 363.47]
          ]
        ]
      },
      "properties": {
        "objectType": "cell",
        "measurements": {
          "Cell: Area": 79.0,
          "Cell: Perimeter": 34.04389218498791,
          "Cell: Circularity": 0.8565614846011913,
          "Cell: Max caliper": 11.62880339595432,
          "Cell: Min caliper": 9.50213623046875,
          "Cell: Eccentricity": 0.5616654861415321,
          "Cell: Channel 1 mean": 6422.869047619048,
          "Cell: Channel 1 std dev": 12055.90232467744,
          "Cell: Channel 1 max": 45620.0,
          "Cell: Channel 1 min": 0.0,
          "Cytoplasm: Channel 1 mean": 567.0,
          "Cytoplasm: Channel 1 std dev": 1704.062233832495,
          "Cytoplasm: Channel 1 max": 8778.0,
          "Cytoplasm: Channel 1 min": 0.0
        }
      }
    },
    {
      "type": "Feature",
      "id": "a0e19688-5c90-4620-98d8-c3f6ffcc5014",
      "geometry": {
        "type": "Polygon",
        "coordinates": [
          [
            [20.15, 369.77],
            [21.16, 371.5],
            [23.99, 374.32],
            [25.88, 374.98],
            [29.84, 374.58],
            [33.21, 372.46],
            [34.84, 368.82],
            [34.77, 364.84],
            [32.16, 361.82],
            [27.91, 360],
            [25.92, 360.22],
            [24.29, 361.38],
            [20.24, 365.79],
            [20.15, 369.77]
          ]
        ]
      },
      "properties": {
        "objectType": "cell",
        "measurements": {
          "Cell: Area": 173.0,
          "Cell: Perimeter": 46.67338713054198,
          "Cell: Circularity": 0.997969638419477,
          "Cell: Max caliper": 15.423171986797376,
          "Cell: Min caliper": 14.142148076815197,
          "Cell: Eccentricity": 0.285410569662438,
          "Cell: Channel 1 mean": 62.13559322033898,
          "Cell: Channel 1 std dev": 285.57890513038586,
          "Cell: Channel 1 max": 1883.0,
          "Cell: Channel 1 min": 0.0,
          "Cytoplasm: Channel 1 mean": 0.6232876712328768,
          "Cytoplasm: Channel 1 std dev": 2.2503345681028577,
          "Cytoplasm: Channel 1 max": 14.0,
          "Cytoplasm: Channel 1 min": 0.0
        }
      }
    },
    {
      "type": "Feature",
      "id": "0376767f-66b3-4671-a0e2-84b7e47b8386",
      "geometry": {
        "type": "Polygon",
        "coordinates": [
          [
            [52.28, 360.59],
            [52.28, 364.55],
            [54, 368.16],
            [54.08, 370.16],
            [55.37, 371.69],
            [59.29, 372.36],
            [63.03, 370.97],
            [64, 369.22],
            [63.33, 367.33],
            [59.67, 365.83],
            [52.28, 360.59]
          ]
        ]
      },
      "properties": {
        "objectType": "cell",
        "measurements": {
          "Cell: Area": 75.0,
          "Cell: Perimeter": 37.12827478387726,
          "Cell: Circularity": 0.6836937159844462,
          "Cell: Max caliper": 14.941428529997514,
          "Cell: Min caliper": 7.936966352097866,
          "Cell: Eccentricity": 0.8442307800751992,
          "Cell: Channel 1 mean": 6886.607594936709,
          "Cell: Channel 1 std dev": 10576.236908225721,
          "Cell: Channel 1 max": 39760.0,
          "Cell: Channel 1 min": 0.0,
          "Cytoplasm: Channel 1 mean": 1646.9285714285713,
          "Cytoplasm: Channel 1 std dev": 4344.483812238825,
          "Cytoplasm: Channel 1 max": 24720.0,
          "Cytoplasm: Channel 1 min": 0.0
        }
      }
    },
    {
      "type": "Feature",
      "id": "93ed5a66-7f26-410c-86b8-e0e339dfb599",
      "geometry": {
        "type": "Polygon",
        "coordinates": [
          [
            [189.28, 364.59],
            [189.29, 366.59],
            [190.51, 368.17],
            [196.02, 370.51],
            [199.36, 372.68],
            [201.33, 372.33],
            [202.98, 368.69],
            [203.02, 366.69],
            [198.34, 361.34],
            [192.47, 362.26],
            [189.28, 364.59]
          ]
        ]
      },
      "properties": {
        "objectType": "cell",
        "measurements": {
          "Cell: Area": 104.0,
          "Cell: Perimeter": 39.19168035581761,
          "Cell: Circularity": 0.8508547633906155,
          "Cell: Max caliper": 14.324661981323453,
          "Cell: Min caliper": 9.689635322512926,
          "Cell: Eccentricity": 0.7771077321741372,
          "Cell: Channel 1 mean": 3501.361904761905,
          "Cell: Channel 1 std dev": 6970.814865350847,
          "Cell: Channel 1 max": 27918.0,
          "Cell: Channel 1 min": 0.0,
          "Cytoplasm: Channel 1 mean": 548.4567901234568,
          "Cytoplasm: Channel 1 std dev": 1368.6000972652923,
          "Cytoplasm: Channel 1 max": 7305.0,
          "Cytoplasm: Channel 1 min": 0.0
        }
      }
    },
    {
      "type": "Feature",
      "id": "ebc7edb6-b0f0-400e-8672-5df4d468f063",
      "geometry": {
        "type": "Polygon",
        "coordinates": [
          [
            [214.09, 369.56],
            [214.31, 371.55],
            [219.55, 377.55],
            [221.5, 378],
            [225.33, 376.84],
            [229.82, 372.89],
            [229.78, 366.91],
            [228.6, 365.3],
            [225.33, 363],
            [223.55, 362.73],
            [221.76, 363.62],
            [218.91, 366.43],
            [215.2, 367.9],
            [214.09, 369.56]
          ]
        ]
      },
      "properties": {
        "objectType": "cell",
        "measurements": {
          "Cell: Area": 164.0,
          "Cell: Perimeter": 47.806080665897824,
          "Cell: Circularity": 0.9017526601763832,
          "Cell: Max caliper": 16.152154632947965,
          "Cell: Min caliper": 13.017686188601818,
          "Cell: Eccentricity": 0.5316334431222668,
          "Cell: Channel 1 mean": 4504.656804733728,
          "Cell: Channel 1 std dev": 8272.47910029691,
          "Cell: Channel 1 max": 40426.0,
          "Cell: Channel 1 min": 0.0,
          "Cytoplasm: Channel 1 mean": 613.6491228070175,
          "Cytoplasm: Channel 1 std dev": 1585.3730025491197,
          "Cytoplasm: Channel 1 max": 10632.0,
          "Cytoplasm: Channel 1 min": 0.0
        }
      }
    },
    {
      "type": "Feature",
      "id": "3b840fa5-c106-4985-8e76-d25a73418f90",
      "geometry": {
        "type": "Polygon",
        "coordinates": [
          [
            [171.04, 371.91],
            [173.42, 375.08],
            [175.19, 376],
            [179.07, 375.27],
            [180.48, 373.85],
            [182.82, 368.35],
            [182.03, 366.52],
            [176.98, 364.01],
            [175.39, 365.22],
            [171.04, 371.91]
          ]
        ]
      },
      "properties": {
        "objectType": "cell",
        "measurements": {
          "Cell: Area": 90.0,
          "Cell: Perimeter": 35.67802127518268,
          "Cell: Circularity": 0.8884865405772937,
          "Cell: Max caliper": 12.31914964811743,
          "Cell: Min caliper": 8.989914634633067,
          "Cell: Eccentricity": 0.6411530083667444,
          "Cell: Channel 1 mean": 5870.934782608696,
          "Cell: Channel 1 std dev": 10202.239218555062,
          "Cell: Channel 1 max": 35989.0,
          "Cell: Channel 1 min": 0.0,
          "Cytoplasm: Channel 1 mean": 739.768115942029,
          "Cytoplasm: Channel 1 std dev": 1813.8043472615582,
          "Cytoplasm: Channel 1 max": 7605.0,
          "Cytoplasm: Channel 1 min": 0.0
        }
      }
    },
    {
      "type": "Feature",
      "id": "16e7f7f2-ec00-4f90-b597-9d896ca3b2fb",
      "geometry": {
        "type": "Polygon",
        "coordinates": [
          [
            [202.55, 372.01],
            [203.93, 373.46],
            [207.7, 374.64],
            [212.72, 371.4],
            [212.72, 367.44],
            [211.33, 366],
            [209.37, 365.81],
            [204, 368.33],
            [202.55, 372.01]
          ]
        ]
      },
      "properties": {
        "objectType": "cell",
        "measurements": {
          "Cell: Area": 65.0,
          "Cell: Perimeter": 29.96932756653161,
          "Cell: Circularity": 0.9094298888989462,
          "Cell: Max caliper": 11.147892569961115,
          "Cell: Min caliper": 7.383274048671465,
          "Cell: Eccentricity": 0.7330478237632166,
          "Cell: Channel 1 mean": 4398.558823529412,
          "Cell: Channel 1 std dev": 5821.237203428297,
          "Cell: Channel 1 max": 18382.0,
          "Cell: Channel 1 min": 0.0,
          "Cytoplasm: Channel 1 mean": 992.8085106382979,
          "Cytoplasm: Channel 1 std dev": 1953.4490750008422,
          "Cytoplasm: Channel 1 max": 10104.0,
          "Cytoplasm: Channel 1 min": 0.0
        }
      }
    },
    {
      "type": "Feature",
      "id": "f1d83113-fa64-4d7e-8ec5-98a0d2d8e6d5",
      "geometry": {
        "type": "Polygon",
        "coordinates": [
          [
            [358, 374.12],
            [358.52, 376.05],
            [359.93, 377.47],
            [363.64, 378.93],
            [365.64, 379],
            [369.17, 377.16],
            [372, 374.34],
            [372.89, 372.55],
            [373, 368.55],
            [371.84, 366.92],
            [366.95, 364],
            [362.95, 364.03],
            [359.84, 366.5],
            [358.18, 370.12],
            [358, 374.12]
          ]
        ]
      },
      "properties": {
        "objectType": "cell",
        "measurements": {
          "Cell: Area": 178.0,
          "Cell: Perimeter": 47.707846124322394,
          "Cell: Circularity": 0.9827662796319163,
          "Cell: Max caliper": 16.30325997820838,
          "Cell: Min caliper": 14.142135623730951,
          "Cell: Eccentricity": 0.3890993186166708,
          "Cell: Channel 1 mean": 5443.905555555555,
          "Cell: Channel 1 std dev": 12133.499422312343,
          "Cell: Channel 1 max": 56166.0,
          "Cell: Channel 1 min": 0.0,
          "Cytoplasm: Channel 1 mean": 264.35915492957747,
          "Cytoplasm: Channel 1 std dev": 1041.144265090672,
          "Cytoplasm: Channel 1 max": 8766.0,
          "Cytoplasm: Channel 1 min": 0.0
        }
      }
    },
    {
      "type": "Feature",
      "id": "c9748c17-4ca6-4e13-a427-a0ff4b215aa8",
      "geometry": {
        "type": "Polygon",
        "coordinates": [
          [
            [90, 374.6],
            [90.77, 376.44],
            [93.6, 379.27],
            [95.46, 380],
            [101.45, 379.77],
            [103.96, 376.81],
            [101.12, 371.56],
            [95.33, 370],
            [93.42, 369],
            [91.42, 369.12],
            [90.08, 370.6],
            [90, 374.6]
          ]
        ]
      },
      "properties": {
        "objectType": "cell",
        "measurements": {
          "Cell: Area": 114.0,
          "Cell: Perimeter": 40.16869776329746,
          "Cell: Circularity": 0.8878492054905492,
          "Cell: Max caliper": 15.254222284124078,
          "Cell: Min caliper": 9.793027823432267,
          "Cell: Eccentricity": 0.7700681917960106,
          "Cell: Channel 1 mean": 5121.008547008547,
          "Cell: Channel 1 std dev": 8515.751420158196,
          "Cell: Channel 1 max": 28477.0,
          "Cell: Channel 1 min": 0.0,
          "Cytoplasm: Channel 1 mean": 880.4269662921348,
          "Cytoplasm: Channel 1 std dev": 3312.784704360725,
          "Cytoplasm: Channel 1 max": 23949.0,
          "Cytoplasm: Channel 1 min": 0.0
        }
      }
    },
    {
      "type": "Feature",
      "id": "6598249f-6989-44bd-bd25-37a6b6fe4ec7",
      "geometry": {
        "type": "Polygon",
        "coordinates": [
          [
            [113.26, 372.52],
            [117.47, 376.74],
            [122.49, 379.9],
            [124.39, 379.28],
            [126.91, 376.19],
            [127, 372.19],
            [125.72, 368.44],
            [122.75, 366],
            [116.75, 366.12],
            [113.68, 368.65],
            [113.26, 372.52]
          ]
        ]
      },
      "properties": {
        "objectType": "cell",
        "measurements": {
          "Cell: Area": 145.0,
          "Cell: Perimeter": 43.873927063306745,
          "Cell: Circularity": 0.9465963998229034,
          "Cell: Max caliper": 15.225686663427242,
          "Cell: Min caliper": 11.906171742156284,
          "Cell: Eccentricity": 0.6158150496312406,
          "Cell: Channel 1 mean": 4852.198630136986,
          "Cell: Channel 1 std dev": 12111.913747597424,
          "Cell: Channel 1 max": 49665.0,
          "Cell: Channel 1 min": 0.0,
          "Cytoplasm: Channel 1 mean": 109.32203389830508,
          "Cytoplasm: Channel 1 std dev": 490.0425915791808,
          "Cytoplasm: Channel 1 max": 4735.0,
          "Cytoplasm: Channel 1 min": 0.0
        }
      }
    },
    {
      "type": "Feature",
      "id": "cafd0b32-5643-42cf-8186-89c7a75d6244",
      "geometry": {
        "type": "Polygon",
        "coordinates": [
          [
            [310, 372.35],
            [310.07, 376.35],
            [310.85, 378.19],
            [313.88, 380.78],
            [319.83, 380.59],
            [324.19, 376.47],
            [325.83, 372.84],
            [325.77, 370.84],
            [323.16, 367.82],
            [319.31, 366],
            [313.64, 367.69],
            [310, 372.35]
          ]
        ]
      },
      "properties": {
        "objectType": "cell",
        "measurements": {
          "Cell: Area": 181.0,
          "Cell: Perimeter": 48.27135630687521,
          "Cell: Circularity": 0.976133990151646,
          "Cell: Max caliper": 16.636494292480215,
          "Cell: Min caliper": 13.670759875188502,
          "Cell: Eccentricity": 0.5278689793439485,
          "Cell: Channel 1 mean": 1282.718918918919,
          "Cell: Channel 1 std dev": 4426.812507314022,
          "Cell: Channel 1 max": 32949.0,
          "Cell: Channel 1 min": 0.0,
          "Cytoplasm: Channel 1 mean": 83.56756756756756,
          "Cytoplasm: Channel 1 std dev": 287.0210867638548,
          "Cytoplasm: Channel 1 max": 1867.0,
          "Cytoplasm: Channel 1 min": 0.0
        }
      }
    },
    {
      "type": "Feature",
      "id": "9b7c59e8-7860-49c9-b342-20c99d774d25",
      "geometry": {
        "type": "Polygon",
        "coordinates": [
          [
            [153, 375.07],
            [154.44, 378.78],
            [157.81, 380.9],
            [163.76, 380.58],
            [167.77, 376.14],
            [167.6, 372.19],
            [162.72, 367.48],
            [158.79, 367.24],
            [153.44, 373.12],
            [153, 375.07]
          ]
        ]
      },
      "properties": {
        "objectType": "cell",
        "measurements": {
          "Cell: Area": 158.0,
          "Cell: Perimeter": 44.807501668579334,
          "Cell: Circularity": 0.9889298632308914,
          "Cell: Max caliper": 15.028423563084264,
          "Cell: Min caliper": 13.083769869455264,
          "Cell: Eccentricity": 0.37256163365511413,
          "Cell: Channel 1 mean": 4446.265822784811,
          "Cell: Channel 1 std dev": 10987.60632459021,
          "Cell: Channel 1 max": 51218.0,
          "Cell: Channel 1 min": 0.0,
          "Cytoplasm: Channel 1 mean": 204.5511811023622,
          "Cytoplasm: Channel 1 std dev": 828.2513105759722,
          "Cytoplasm: Channel 1 max": 6093.0,
          "Cytoplasm: Channel 1 min": 0.0
        }
      }
    },
    {
      "type": "Feature",
      "id": "a0a56535-ea3d-493a-8aaf-e9c6d6a93b5d",
      "geometry": {
        "type": "Polygon",
        "coordinates": [
          [
            [178.25, 377.77],
            [178.36, 381.72],
            [181.14, 384.57],
            [184.89, 385.95],
            [190.76, 387],
            [194.73, 386.64],
            [195.97, 385.07],
            [196.53, 381.14],
            [199.49, 376.02],
            [199.51, 374.02],
            [198.14, 372.57],
            [192.6, 370.3],
            [188.14, 367.09],
            [184.22, 367.56],
            [180.89, 374.78],
            [178.25, 377.77]
          ]
        ]
      },
      "properties": {
        "objectType": "cell",
        "measurements": {
          "Cell: Area": 297.0,
          "Cell: Perimeter": 65.50369836938565,
          "Cell: Circularity": 0.8698305785188991,
          "Cell: Max caliper": 22.508587067035663,
          "Cell: Min caliper": 18.691217492884242,
          "Cell: Eccentricity": 0.30476677203609387,
          "Cell: Channel 1 mean": 9725.563758389262,
          "Cell: Channel 1 std dev": 12376.08503549024,
          "Cell: Channel 1 max": 42443.0,
          "Cell: Channel 1 min": 0.0,
          "Cytoplasm: Channel 1 mean": 1135.8238636363637,
          "Cytoplasm: Channel 1 std dev": 2291.7007278310925,
          "Cytoplasm: Channel 1 max": 12332.0,
          "Cytoplasm: Channel 1 min": 0.0
        }
      }
    },
    {
      "type": "Feature",
      "id": "bc97b333-a0e6-4fa1-b27a-cf74e3911acd",
      "geometry": {
        "type": "Polygon",
        "coordinates": [
          [
            [389, 371.53],
            [389.26, 377.51],
            [391.93, 380.46],
            [393.85, 381],
            [397.85, 380.83],
            [399.67, 380],
            [400, 378.57],
            [400, 368.57],
            [398.76, 367],
            [392.76, 367.12],
            [389.68, 369.65],
            [389, 371.53]
          ]
        ]
      },
      "properties": {
        "objectType": "cell",
        "measurements": {
          "Cell: Area": 140.0,
          "Cell: Perimeter": 43.472407272225105,
          "Cell: Circularity": 0.9309160543817104,
          "Cell: Max caliper": 15.096255781858993,
          "Cell: Min caliper": 11.0,
          "Cell: Eccentricity": 0.6132229253238147,
          "Cell: Channel 1 mean": 3969.567375886525,
          "Cell: Channel 1 std dev": 12601.728180409547,
          "Cell: Channel 1 max": 65535.0,
          "Cell: Channel 1 min": 0.0,
          "Cytoplasm: Channel 1 mean": 140.85087719298247,
          "Cytoplasm: Channel 1 std dev": 636.221412348089,
          "Cytoplasm: Channel 1 max": 4946.0,
          "Cytoplasm: Channel 1 min": 0.0
        }
      }
    },
    {
      "type": "Feature",
      "id": "1b9fbb65-d994-4fbd-9476-dad0eb7294e9",
      "geometry": {
        "type": "Polygon",
        "coordinates": [
          [
            [5, 379.86],
            [5.95, 381.62],
            [9.37, 383.67],
            [13.34, 383.93],
            [15.18, 383.15],
            [18.89, 378.53],
            [18.32, 372.65],
            [14.58, 369.39],
            [8.64, 369.27],
            [5.69, 371.97],
            [5.03, 373.86],
            [5, 379.86]
          ]
        ]
      },
      "properties": {
        "objectType": "cell",
        "measurements": {
          "Cell: Area": 174.0,
          "Cell: Perimeter": 46.969809275487,
          "Cell: Circularity": 0.9911092260069032,
          "Cell: Max caliper": 15.395212679770834,
          "Cell: Min caliper": 14.0,
          "Cell: Eccentricity": 0.3506652461905135,
          "Cell: Channel 1 mean": 1175.2090395480227,
          "Cell: Channel 1 std dev": 3400.6384137139476,
          "Cell: Channel 1 max": 18648.0,
          "Cell: Channel 1 min": 0.0,
          "Cytoplasm: Channel 1 mean": 22.86111111111111,
          "Cytoplasm: Channel 1 std dev": 87.60916156638638,
          "Cytoplasm: Channel 1 max": 808.0,
          "Cytoplasm: Channel 1 min": 0.0
        }
      }
    },
    {
      "type": "Feature",
      "id": "dbc62af2-0a50-4f11-a8ee-9f0620d7994b",
      "geometry": {
        "type": "Polygon",
        "coordinates": [
          [
            [208.08, 376.62],
            [211.29, 381.62],
            [217.21, 380.76],
            [218.67, 379.39],
            [217.32, 375.65],
            [214.33, 373],
            [212.36, 372.82],
            [208.88, 374.79],
            [208.08, 376.62]
          ]
        ]
      },
      "properties": {
        "objectType": "cell",
        "measurements": {
          "Cell: Area": 65.0,
          "Cell: Perimeter": 29.982634866080403,
          "Cell: Circularity": 0.9086227970369426,
          "Cell: Max caliper": 10.94635243363031,
          "Cell: Min caliper": 8.441606148018398,
          "Cell: Eccentricity": 0.5988648410365928,
          "Cell: Channel 1 mean": 5678.202898550725,
          "Cell: Channel 1 std dev": 8440.088256751596,
          "Cell: Channel 1 max": 27534.0,
          "Cell: Channel 1 min": 0.0,
          "Cytoplasm: Channel 1 mean": 425.02222222222224,
          "Cytoplasm: Channel 1 std dev": 1021.188867957541,
          "Cytoplasm: Channel 1 max": 4687.0,
          "Cytoplasm: Channel 1 min": 0.0
        }
      }
    },
    {
      "type": "Feature",
      "id": "e7ed960b-252b-47b0-b7cc-3cbb9d041963",
      "geometry": {
        "type": "Polygon",
        "coordinates": [
          [
            [58, 380.12],
            [58.9, 381.9],
            [60.75, 382.67],
            [64.63, 381.67],
            [67.47, 378.86],
            [67.97, 374.93],
            [66.9, 373.24],
            [64.17, 371.41],
            [60.47, 372.91],
            [59, 374.26],
            [58, 380.12]
          ]
        ]
      },
      "properties": {
        "objectType": "cell",
        "measurements": {
          "Cell: Area": 82.0,
          "Cell: Perimeter": 33.30157664946456,
          "Cell: Circularity": 0.9291677451721687,
          "Cell: Max caliper": 11.808004101594925,
          "Cell: Min caliper": 9.236927329243592,
          "Cell: Eccentricity": 0.6180734552665866,
          "Cell: Channel 1 mean": 822.9186046511628,
          "Cell: Channel 1 std dev": 2965.319870515375,
          "Cell: Channel 1 max": 19136.0,
          "Cell: Channel 1 min": 0.0,
          "Cytoplasm: Channel 1 mean": 56.013333333333335,
          "Cytoplasm: Channel 1 std dev": 301.32758026876763,
          "Cytoplasm: Channel 1 max": 2561.0,
          "Cytoplasm: Channel 1 min": 0.0
        }
      }
    },
    {
      "type": "Feature",
      "id": "1c8ffef1-f3c3-4b48-9c19-d8686df09e13",
      "geometry": {
        "type": "Polygon",
        "coordinates": [
          [
            [106.01, 378.95],
            [106.54, 382.87],
            [112.2, 388.53],
            [114.16, 388.92],
            [115.83, 387.83],
            [121.67, 382.38],
            [120.87, 380.54],
            [113.23, 373.9],
            [111.31, 373.34],
            [106.62, 377.04],
            [106.01, 378.95]
          ]
        ]
      },
      "properties": {
        "objectType": "cell",
        "measurements": {
          "Cell: Area": 153.0,
          "Cell: Perimeter": 46.140953056704376,
          "Cell: Circularity": 0.903084052754183,
          "Cell: Max caliper": 16.027365783191172,
          "Cell: Min caliper": 11.785095037120428,
          "Cell: Eccentricity": 0.5566107594083044,
          "Cell: Channel 1 mean": 7382.832258064516,
          "Cell: Channel 1 std dev": 10675.900020953464,
          "Cell: Channel 1 max": 39994.0,
          "Cell: Channel 1 min": 0.0,
          "Cytoplasm: Channel 1 mean": 1369.2095238095237,
          "Cytoplasm: Channel 1 std dev": 2919.1229936115233,
          "Cytoplasm: Channel 1 max": 13583.0,
          "Cytoplasm: Channel 1 min": 0.0
        }
      }
    },
    {
      "type": "Feature",
      "id": "d184e339-a9a6-412d-964e-f2d72e289626",
      "geometry": {
        "type": "Polygon",
        "coordinates": [
          [
            [140.23, 377.85],
            [140.4, 381.8],
            [144.75, 385.87],
            [150.71, 385.63],
            [152.92, 382.38],
            [153, 378.38],
            [151.18, 374.84],
            [147.33, 374],
            [146.23, 373.15],
            [144.25, 373.42],
            [140.23, 377.85]
          ]
        ]
      },
      "properties": {
        "objectType": "cell",
        "measurements": {
          "Cell: Area": 134.0,
          "Cell: Perimeter": 41.38986430284909,
          "Cell: Circularity": 0.9829392045552665,
          "Cell: Max caliper": 13.810851521937629,
          "Cell: Min caliper": 12.621270446290138,
          "Cell: Eccentricity": 0.3894795946592756,
          "Cell: Channel 1 mean": 383.4485294117647,
          "Cell: Channel 1 std dev": 1189.8864360368548,
          "Cell: Channel 1 max": 7200.0,
          "Cell: Channel 1 min": 0.0,
          "Cytoplasm: Channel 1 mean": 57.35897435897436,
          "Cytoplasm: Channel 1 std dev": 199.84375196372528,
          "Cytoplasm: Channel 1 max": 1352.0,
          "Cytoplasm: Channel 1 min": 0.0
        }
      }
    },
    {
      "type": "Feature",
      "id": "c8c56973-bffd-4395-a40b-270b0500f27c",
      "geometry": {
        "type": "Polygon",
        "coordinates": [
          [
            [237.2, 378.02],
            [237.2, 382],
            [243.62, 389.62],
            [245.59, 390],
            [248.85, 387.82],
            [250.74, 384.31],
            [250.87, 380.33],
            [249.32, 376.65],
            [245.06, 373.04],
            [241.14, 373.53],
            [237.2, 378.02]
          ]
        ]
      },
      "properties": {
        "objectType": "cell",
        "measurements": {
          "Cell: Area": 171.0,
          "Cell: Perimeter": 47.59069278376959,
          "Cell: Circularity": 0.9487721336581673,
          "Cell: Max caliper": 17.18605987248352,
          "Cell: Min caliper": 12.872374738711933,
          "Cell: Eccentricity": 0.6407435327466319,
          "Cell: Channel 1 mean": 4845.0114942528735,
          "Cell: Channel 1 std dev": 12725.12334018765,
          "Cell: Channel 1 max": 60171.0,
          "Cell: Channel 1 min": 0.0,
          "Cytoplasm: Channel 1 mean": 96.0,
          "Cytoplasm: Channel 1 std dev": 356.7863918533956,
          "Cytoplasm: Channel 1 max": 2924.0,
          "Cytoplasm: Channel 1 min": 0.0
        }
      }
    },
    {
      "type": "Feature",
      "id": "8863a560-a3f0-4609-b71b-c8fd2e6207c7",
      "geometry": {
        "type": "Polygon",
        "coordinates": [
          [
            [196.51, 386.12],
            [197.69, 387.74],
            [199.68, 388],
            [207.4, 386.21],
            [209.5, 382.83],
            [209.42, 380.83],
            [206.16, 375.82],
            [202.52, 374.1],
            [199.61, 376.78],
            [197, 382.18],
            [196.51, 386.12]
          ]
        ]
      },
      "properties": {
        "objectType": "cell",
        "measurements": {
          "Cell: Area": 123.0,
          "Cell: Perimeter": 42.02586187350148,
          "Cell: Circularity": 0.8751484297529478,
          "Cell: Max caliper": 14.614762613262256,
          "Cell: Min caliper": 11.54133071399318,
          "Cell: Eccentricity": 0.5502380733417518,
          "Cell: Channel 1 mean": 4966.511627906977,
          "Cell: Channel 1 std dev": 7662.348255141296,
          "Cell: Channel 1 max": 28321.0,
          "Cell: Channel 1 min": 0.0,
          "Cytoplasm: Channel 1 mean": 1218.4787234042553,
          "Cytoplasm: Channel 1 std dev": 3295.8102948353144,
          "Cytoplasm: Channel 1 max": 18211.0,
          "Cytoplasm: Channel 1 min": 0.0
        }
      }
    },
    {
      "type": "Feature",
      "id": "40b615c4-e2e7-432a-aee7-214283b87691",
      "geometry": {
        "type": "Polygon",
        "coordinates": [
          [
            [219.01, 381.02],
            [220.66, 384.66],
            [227.67, 388.33],
            [232, 381.69],
            [230.33, 376],
            [228.98, 375.01],
            [225.87, 377.47],
            [220.19, 379.4],
            [219.01, 381.02]
          ]
        ]
      },
      "properties": {
        "objectType": "cell",
        "measurements": {
          "Cell: Area": 106.0,
          "Cell: Perimeter": 39.674502296832515,
          "Cell: Circularity": 0.846238450607738,
          "Cell: Max caliper": 13.385225409889774,
          "Cell: Min caliper": 11.327218327280764,
          "Cell: Eccentricity": 0.5569938376858985,
          "Cell: Channel 1 mean": 5355.981481481482,
          "Cell: Channel 1 std dev": 11281.560230451227,
          "Cell: Channel 1 max": 51863.0,
          "Cell: Channel 1 min": 0.0,
          "Cytoplasm: Channel 1 mean": 733.1309523809524,
          "Cytoplasm: Channel 1 std dev": 1541.2161273875784,
          "Cytoplasm: Channel 1 max": 6415.0,
          "Cytoplasm: Channel 1 min": 0.0
        }
      }
    },
    {
      "type": "Feature",
      "id": "c05a59b4-49a9-41f0-876c-b619c3ea2a4e",
      "geometry": {
        "type": "Polygon",
        "coordinates": [
          [
            [366, 381.27],
            [366.13, 385.26],
            [368.67, 388.33],
            [370.55, 389],
            [376.53, 388.73],
            [380.74, 384.52],
            [381, 380.53],
            [380.32, 378.65],
            [375.53, 375],
            [371.72, 375.94],
            [366.97, 379.52],
            [366, 381.27]
          ]
        ]
      },
      "properties": {
        "objectType": "cell",
        "measurements": {
          "Cell: Area": 163.0,
          "Cell: Perimeter": 46.06455931202202,
          "Cell: Circularity": 0.9653029356593987,
          "Cell: Max caliper": 15.651877980297122,
          "Cell: Min caliper": 13.116366889104835,
          "Cell: Eccentricity": 0.523662645434149,
          "Cell: Channel 1 mean": 6377.939393939394,
          "Cell: Channel 1 std dev": 16627.218567426946,
          "Cell: Channel 1 max": 65535.0,
          "Cell: Channel 1 min": 0.0,
          "Cytoplasm: Channel 1 mean": 167.81954887218046,
          "Cytoplasm: Channel 1 std dev": 391.1269621542823,
          "Cytoplasm: Channel 1 max": 2234.0,
          "Cytoplasm: Channel 1 min": 0.0
        }
      }
    },
    {
      "type": "Feature",
      "id": "f8a6c8a4-6bca-4103-8fa3-eae7a5fa7340",
      "geometry": {
        "type": "Polygon",
        "coordinates": [
          [
            [81.12, 386.25],
            [83.65, 389.32],
            [85.57, 389.89],
            [90.59, 386.7],
            [94.89, 382.57],
            [94.32, 380.65],
            [90.15, 377.1],
            [84.21, 377.46],
            [81.38, 380.29],
            [81.12, 386.25]
          ]
        ]
      },
      "properties": {
        "objectType": "cell",
        "measurements": {
          "Cell: Area": 128.0,
          "Cell: Perimeter": 41.48349574162845,
          "Cell: Circularity": 0.9346933237949303,
          "Cell: Max caliper": 14.332364044619087,
          "Cell: Min caliper": 11.221412913986274,
          "Cell: Eccentricity": 0.5877569423257889,
          "Cell: Channel 1 mean": 1929.623076923077,
          "Cell: Channel 1 std dev": 4713.04848804106,
          "Cell: Channel 1 max": 20527.0,
          "Cell: Channel 1 min": 0.0,
          "Cytoplasm: Channel 1 mean": 103.31132075471699,
          "Cytoplasm: Channel 1 std dev": 338.50625268776827,
          "Cytoplasm: Channel 1 max": 2589.0,
          "Cytoplasm: Channel 1 min": 0.0
        }
      }
    },
    {
      "type": "Feature",
      "id": "ca0986ea-9314-49b3-8e30-2d45d9634ba3",
      "geometry": {
        "type": "Polygon",
        "coordinates": [
          [
            [40.2, 381.02],
            [40.48, 384.96],
            [46.04, 390.7],
            [47.9, 391.43],
            [53.56, 385.78],
            [53.79, 383.79],
            [47.33, 379.16],
            [42.94, 378.21],
            [40.2, 381.02]
          ]
        ]
      },
      "properties": {
        "objectType": "cell",
        "measurements": {
          "Cell: Area": 113.0,
          "Cell: Perimeter": 40.58382431946009,
          "Cell: Circularity": 0.8621490795116024,
          "Cell: Max caliper": 14.180918483656212,
          "Cell: Min caliper": 10.174101660759083,
          "Cell: Eccentricity": 0.6928211653216139,
          "Cell: Channel 1 mean": 8356.110169491525,
          "Cell: Channel 1 std dev": 12096.838638216224,
          "Cell: Channel 1 max": 46512.0,
          "Cell: Channel 1 min": 0.0,
          "Cytoplasm: Channel 1 mean": 1374.6829268292684,
          "Cytoplasm: Channel 1 std dev": 2490.288177473724,
          "Cytoplasm: Channel 1 max": 10057.0,
          "Cytoplasm: Channel 1 min": 0.0
        }
      }
    },
    {
      "type": "Feature",
      "id": "32a224c1-eaa5-4860-ba55-807d52ff3b0b",
      "geometry": {
        "type": "Polygon",
        "coordinates": [
          [
            [60.09, 388.18],
            [60.81, 390.04],
            [61, 396.04],
            [61.49, 397.97],
            [62.86, 399.43],
            [64.78, 400],
            [68.77, 399.85],
            [70.5, 398.84],
            [72.72, 395.55],
            [73.28, 391.59],
            [77, 386.93],
            [76.97, 382.93],
            [75.9, 381.24],
            [72.89, 379],
            [68.9, 379.05],
            [64.21, 382.76],
            [60.51, 384.25],
            [60.09, 388.18]
          ]
        ]
      },
      "properties": {
        "objectType": "cell",
        "measurements": {
          "Cell: Area": 259.0,
          "Cell: Perimeter": 61.752302940531266,
          "Cell: Circularity": 0.8534995789038107,
          "Cell: Max caliper": 22.761225740522995,
          "Cell: Min caliper": 15.967538393348935,
          "Cell: Eccentricity": 0.7562853623229335,
          "Cell: Channel 1 mean": 4931.288461538462,
          "Cell: Channel 1 std dev": 9643.282555110796,
          "Cell: Channel 1 max": 49515.0,
          "Cell: Channel 1 min": 0.0,
          "Cytoplasm: Channel 1 mean": 475.94897959183675,
          "Cytoplasm: Channel 1 std dev": 1474.4847261467241,
          "Cytoplasm: Channel 1 max": 10039.0,
          "Cytoplasm: Channel 1 min": 0.0
        }
      }
    },
    {
      "type": "Feature",
      "id": "ac497ff2-7219-4585-8801-d05c76009e6b",
      "geometry": {
        "type": "Polygon",
        "coordinates": [
          [
            [207.04, 388.22],
            [207.76, 390.09],
            [210.58, 392.92],
            [212.44, 393.67],
            [215.38, 390.96],
            [218.67, 386],
            [219, 384.04],
            [218.14, 382.23],
            [214.16, 382],
            [210.41, 383.3],
            [207.04, 388.22]
          ]
        ]
      },
      "properties": {
        "objectType": "cell",
        "measurements": {
          "Cell: Area": 92.0,
          "Cell: Perimeter": 35.992592691950534,
          "Cell: Circularity": 0.8924243833659268,
          "Cell: Max caliper": 13.091467935179256,
          "Cell: Min caliper": 8.70112085665287,
          "Cell: Eccentricity": 0.7218272195776091,
          "Cell: Channel 1 mean": 7179.284210526316,
          "Cell: Channel 1 std dev": 10443.178596844886,
          "Cell: Channel 1 max": 38821.0,
          "Cell: Channel 1 min": 0.0,
          "Cytoplasm: Channel 1 mean": 1574.0428571428572,
          "Cytoplasm: Channel 1 std dev": 2723.5990598317435,
          "Cytoplasm: Channel 1 max": 9107.0,
          "Cytoplasm: Channel 1 min": 0.0
        }
      }
    },
    {
      "type": "Feature",
      "id": "df6b30b5-b66e-4fe9-b636-cc08cf169923",
      "geometry": {
        "type": "Polygon",
        "coordinates": [
          [
            [338, 391.3],
            [338.81, 395.15],
            [341.83, 397.77],
            [347.33, 400],
            [355.32, 399.84],
            [358, 396.98],
            [357.99, 392.98],
            [357.23, 391.14],
            [356.6, 385.19],
            [351.99, 380.66],
            [350.1, 380],
            [346.15, 380.43],
            [342.94, 382.73],
            [341.29, 386.37],
            [338, 391.3]
          ]
        ]
      },
      "properties": {
        "objectType": "cell",
        "measurements": {
          "Cell: Area": 310.0,
          "Cell: Perimeter": 64.4813926010395,
          "Cell: Circularity": 0.9369204993356588,
          "Cell: Max caliper": 21.520337222762535,
          "Cell: Min caliper": 19.67166342634511,
          "Cell: Eccentricity": 0.3315828507941632,
          "Cell: Channel 1 mean": 2199.2958199356913,
          "Cell: Channel 1 std dev": 6041.400001384148,
          "Cell: Channel 1 max": 39525.0,
          "Cell: Channel 1 min": 0.0,
          "Cytoplasm: Channel 1 mean": 75.67272727272727,
          "Cytoplasm: Channel 1 std dev": 290.8050896494833,
          "Cytoplasm: Channel 1 max": 2033.0,
          "Cytoplasm: Channel 1 min": 0.0
        }
      }
    },
    {
      "type": "Feature",
      "id": "1d3183ca-6d82-46ed-b961-830b0475d59e",
      "geometry": {
        "type": "Polygon",
        "coordinates": [
          [
            [99.16, 384.68],
            [100.1, 392.52],
            [102.44, 395.69],
            [108.4, 395.8],
            [111.72, 393.62],
            [112.81, 391.94],
            [112.48, 389.97],
            [106.9, 384.24],
            [104.01, 382.01],
            [102.01, 382],
            [99.16, 384.68]
          ]
        ]
      },
      "properties": {
        "objectType": "cell",
        "measurements": {
          "Cell: Area": 137.0,
          "Cell: Perimeter": 43.65168641775784,
          "Cell: Circularity": 0.9035004595819376,
          "Cell: Max caliper": 15.567584013838555,
          "Cell: Min caliper": 11.313719288577978,
          "Cell: Eccentricity": 0.7030326471021898,
          "Cell: Channel 1 mean": 4527.669064748202,
          "Cell: Channel 1 std dev": 9383.193209282847,
          "Cell: Channel 1 max": 36290.0,
          "Cell: Channel 1 min": 0.0,
          "Cytoplasm: Channel 1 mean": 238.02777777777777,
          "Cytoplasm: Channel 1 std dev": 773.3029469873464,
          "Cytoplasm: Channel 1 max": 4495.0,
          "Cytoplasm: Channel 1 min": 0.0
        }
      }
    },
    {
      "type": "Feature",
      "id": "8402e6fd-31f3-4985-886e-9fded39ebe1a",
      "geometry": {
        "type": "Polygon",
        "coordinates": [
          [
            [229, 388.19],
            [229.09, 390.19],
            [232.81, 394.76],
            [238.79, 394.84],
            [241.93, 392.41],
            [242.67, 390.55],
            [240.73, 387.07],
            [235.99, 382.66],
            [234.04, 382.19],
            [232.37, 383.29],
            [229, 388.19]
          ]
        ]
      },
      "properties": {
        "objectType": "cell",
        "measurements": {
          "Cell: Area": 123.0,
          "Cell: Perimeter": 40.485151100301266,
          "Cell: Circularity": 0.9430255216221585,
          "Cell: Max caliper": 13.868559317877331,
          "Cell: Min caliper": 11.31370849898476,
          "Cell: Eccentricity": 0.4892646805846189,
          "Cell: Channel 1 mean": 2606.6299212598424,
          "Cell: Channel 1 std dev": 5892.420036433611,
          "Cell: Channel 1 max": 25639.0,
          "Cell: Channel 1 min": 0.0,
          "Cytoplasm: Channel 1 mean": 213.46153846153845,
          "Cytoplasm: Channel 1 std dev": 716.4874801320397,
          "Cytoplasm: Channel 1 max": 4294.0,
          "Cytoplasm: Channel 1 min": 0.0
        }
      }
    },
    {
      "type": "Feature",
      "id": "6fafebbc-950b-4d09-b33b-168cbd85f137",
      "geometry": {
        "type": "Polygon",
        "coordinates": [
          [
            [114.32, 393.63],
            [117.05, 396.52],
            [122.98, 396.8],
            [127.47, 392.86],
            [127.97, 386.93],
            [124.21, 383.14],
            [122.23, 383.39],
            [118.84, 385.49],
            [114.62, 389.75],
            [114.32, 393.63]
          ]
        ]
      },
      "properties": {
        "objectType": "cell",
        "measurements": {
          "Cell: Area": 144.0,
          "Cell: Perimeter": 43.41469686467573,
          "Cell: Circularity": 0.96006096062255,
          "Cell: Max caliper": 15.205690161296436,
          "Cell: Min caliper": 11.31369770939154,
          "Cell: Eccentricity": 0.6499531381366718,
          "Cell: Channel 1 mean": 4231.703448275862,
          "Cell: Channel 1 std dev": 9592.260361096205,
          "Cell: Channel 1 max": 40811.0,
          "Cell: Channel 1 min": 0.0,
          "Cytoplasm: Channel 1 mean": 353.30434782608694,
          "Cytoplasm: Channel 1 std dev": 1056.2341594278864,
          "Cytoplasm: Channel 1 max": 6893.0,
          "Cytoplasm: Channel 1 min": 0.0
        }
      }
    },
    {
      "type": "Feature",
      "id": "710f38dc-0bc9-4d89-9a3d-de08cef62695",
      "geometry": {
        "type": "Polygon",
        "coordinates": [
          [
            [86, 392.06],
            [86.63, 395.96],
            [91.67, 399],
            [95.65, 398.68],
            [98.91, 396.43],
            [99.67, 394.58],
            [98.85, 388.7],
            [97.33, 385],
            [95.02, 384.49],
            [88.42, 388.91],
            [86, 392.06]
          ]
        ]
      },
      "properties": {
        "objectType": "cell",
        "measurements": {
          "Cell: Area": 145.0,
          "Cell: Perimeter": 44.4578186649365,
          "Cell: Circularity": 0.921895226079001,
          "Cell: Max caliper": 15.546230388298607,
          "Cell: Min caliper": 12.4700919936813,
          "Cell: Eccentricity": 0.5356564786578657,
          "Cell: Channel 1 mean": 3900.1283783783783,
          "Cell: Channel 1 std dev": 7734.1188226583845,
          "Cell: Channel 1 max": 31215.0,
          "Cell: Channel 1 min": 0.0,
          "Cytoplasm: Channel 1 mean": 256.64864864864865,
          "Cytoplasm: Channel 1 std dev": 812.3714180622809,
          "Cytoplasm: Channel 1 max": 5430.0,
          "Cytoplasm: Channel 1 min": 0.0
        }
      }
    },
    {
      "type": "Feature",
      "id": "9889b3b7-1dbf-4f5e-a8e1-c983030a01fa",
      "geometry": {
        "type": "Polygon",
        "coordinates": [
          [
            [213.33, 395.25],
            [215.16, 398.78],
            [216.77, 399.95],
            [226.77, 400],
            [228, 398.42],
            [227, 390.54],
            [225.83, 388.92],
            [220.56, 386.09],
            [218.74, 386.93],
            [213.33, 395.25]
          ]
        ]
      },
      "properties": {
        "objectType": "cell",
        "measurements": {
          "Cell: Area": 147.0,
          "Cell: Perimeter": 45.996606844719686,
          "Cell: Circularity": 0.8731233617332002,
          "Cell: Max caliper": 15.344799790900773,
          "Cell: Min caliper": 13.911376953125,
          "Cell: Eccentricity": 0.15839196919339757,
          "Cell: Channel 1 mean": 6693.3677419354835,
          "Cell: Channel 1 std dev": 10015.45752079757,
          "Cell: Channel 1 max": 49161.0,
          "Cell: Channel 1 min": 0.0,
          "Cytoplasm: Channel 1 mean": 1621.5094339622642,
          "Cytoplasm: Channel 1 std dev": 2749.8309359123577,
          "Cytoplasm: Channel 1 max": 13702.0,
          "Cytoplasm: Channel 1 min": 0.0
        }
      }
    },
    {
      "type": "Feature",
      "id": "ed3e652e-9b7d-4ddf-a165-b4fd29ad5fad",
      "geometry": {
        "type": "Polygon",
        "coordinates": [
          [
            [33.07, 392.66],
            [33.33, 396.63],
            [38.21, 400],
            [46.2, 399.9],
            [47.71, 398.58],
            [46.86, 392.72],
            [42.9, 388.24],
            [40.21, 386.14],
            [33.85, 390.82],
            [33.07, 392.66]
          ]
        ]
      },
      "properties": {
        "objectType": "cell",
        "measurements": {
          "Cell: Area": 152.0,
          "Cell: Perimeter": 45.41097222933186,
          "Cell: Circularity": 0.926257743826765,
          "Cell: Max caliper": 15.887186294404184,
          "Cell: Min caliper": 12.727935548349379,
          "Cell: Eccentricity": 0.5492400809106724,
          "Cell: Channel 1 mean": 5226.16339869281,
          "Cell: Channel 1 std dev": 9967.011125825822,
          "Cell: Channel 1 max": 43941.0,
          "Cell: Channel 1 min": 0.0,
          "Cytoplasm: Channel 1 mean": 870.542372881356,
          "Cytoplasm: Channel 1 std dev": 2042.763996660515,
          "Cytoplasm: Channel 1 max": 9763.0,
          "Cytoplasm: Channel 1 min": 0.0
        }
      }
    },
    {
      "type": "Feature",
      "id": "9bd0b441-1bc7-4c9a-aad8-fe01c4600c8e",
      "geometry": {
        "type": "Polygon",
        "coordinates": [
          [
            [48.11, 394.56],
            [50.01, 398],
            [53.84, 399],
            [57.83, 398.83],
            [59.54, 397.79],
            [60, 395.85],
            [59.92, 389.85],
            [59.03, 388.06],
            [55.7, 386.06],
            [53.85, 386.82],
            [48.29, 392.57],
            [48.11, 394.56]
          ]
        ]
      },
      "properties": {
        "objectType": "cell",
        "measurements": {
          "Cell: Area": 119.0,
          "Cell: Perimeter": 39.886814022178584,
          "Cell: Circularity": 0.9399356653255149,
          "Cell: Max caliper": 13.427868315020572,
          "Cell: Min caliper": 11.785089642323818,
          "Cell: Eccentricity": 0.42787714776262675,
          "Cell: Channel 1 mean": 3932.7258064516127,
          "Cell: Channel 1 std dev": 6943.576589853819,
          "Cell: Channel 1 max": 24738.0,
          "Cell: Channel 1 min": 0.0,
          "Cytoplasm: Channel 1 mean": 497.70526315789476,
          "Cytoplasm: Channel 1 std dev": 1117.336487858364,
          "Cytoplasm: Channel 1 max": 4688.0,
          "Cytoplasm: Channel 1 min": 0.0
        }
      }
    },
    {
      "type": "Feature",
      "id": "d3d8360b-5912-4fc7-a61d-ae844bda9230",
      "geometry": {
        "type": "Polygon",
        "coordinates": [
          [
            [381.17, 395.17],
            [381.54, 399.09],
            [383.32, 400],
            [395.3, 399.7],
            [396, 397.83],
            [395.77, 393.84],
            [393.16, 390.82],
            [390.13, 389.09],
            [386.17, 389.41],
            [382.8, 391.53],
            [381.17, 395.17]
          ]
        ]
      },
      "properties": {
        "objectType": "cell",
        "measurements": {
          "Cell: Area": 139.0,
          "Cell: Perimeter": 43.51243854312117,
          "Cell: Circularity": 0.9225667929734708,
          "Cell: Max caliper": 15.161455222739077,
          "Cell: Min caliper": 11.0,
          "Cell: Eccentricity": 0.6848416913438913,
          "Cell: Channel 1 mean": 6574.390070921986,
          "Cell: Channel 1 std dev": 16834.406620614413,
          "Cell: Channel 1 max": 65535.0,
          "Cell: Channel 1 min": 0.0,
          "Cytoplasm: Channel 1 mean": 289.24778761061947,
          "Cytoplasm: Channel 1 std dev": 1210.55894359186,
          "Cytoplasm: Channel 1 max": 10277.0,
          "Cytoplasm: Channel 1 min": 0.0
        }
      }
    },
    {
      "type": "Feature",
      "id": "463d2093-e273-4e05-bc75-f4dc68f26c52",
      "geometry": {
        "type": "Polygon",
        "coordinates": [
          [
            [17.09, 393.82],
            [17.61, 399.72],
            [29.6, 400],
            [31.52, 399.48],
            [32, 395.53],
            [31.32, 393.65],
            [27.44, 390.29],
            [21.46, 390],
            [19.6, 390.73],
            [17.09, 393.82]
          ]
        ]
      },
      "properties": {
        "objectType": "cell",
        "measurements": {
          "Cell: Area": 132.0,
          "Cell: Perimeter": 43.141386537098974,
          "Cell: Circularity": 0.8912419031276683,
          "Cell: Max caliper": 15.50331924757213,
          "Cell: Min caliper": 10.0,
          "Cell: Eccentricity": 0.7362079002944322,
          "Cell: Channel 1 mean": 3180.7611940298507,
          "Cell: Channel 1 std dev": 7911.98494070492,
          "Cell: Channel 1 max": 35612.0,
          "Cell: Channel 1 min": 0.0,
          "Cytoplasm: Channel 1 mean": 186.7663551401869,
          "Cytoplasm: Channel 1 std dev": 712.5983623522831,
          "Cytoplasm: Channel 1 max": 5892.0,
          "Cytoplasm: Channel 1 min": 0.0
        }
      }
    }
  ]
}